ADM3_PCODE,inhabitants_100m,inhabitants_inside5km_events,exposed_to_conflict_indicator
BF130001,20418.00702357292,0.0,0.0
BF130002,132811.26058149338,72027.05224728584,0.5423263956077717
BF130003,44723.10392713547,20010.66351222992,0.44743458649095624
BF130004,3465678.943150878,2924098.129944563,0.8437302410032453
BF130005,26319.428680419922,1494.2326753139496,0.05677299053324699
BF130006,121421.82428479195,84078.12986040115,0.6924466038592695
BF130007,62704.49014258385,39379.517874240875,0.6280175117395217
BF460101,39571.05275583267,10070.76085805893,0.25449817876211356
BF460102,18134.074043512344,9214.739907741547,0.5081450470330585
BF460103,30421.258150100708,16764.588688135147,0.5510813722896484
BF460104,49393.44174814224,0.0,0.0
BF460105,33253.734045505524,0.0,0.0
BF460106,33788.551896095276,0.0,0.0
BF460107,13996.145486354828,0.0,0.0
BF460108,14431.492570400238,0.0,0.0
BF460109,21117.770165205002,0.0,0.0
BF460110,21147.35732984543,0.0,0.0
BF460201,22988.14029598236,4646.289632320404,0.20211681208211682
BF460202,64418.354796886444,16838.283173561096,0.26138952518506336
BF460203,11909.045127630234,98.89644265174866,0.008304313367853358
BF460204,37773.683045864105,11459.899560451508,0.3033831661725204
BF460205,159871.28627300262,27344.999379634857,0.17104384418937768
BF460206,41212.92912864685,46.08369565010071,0.0011181854001750197
BF460301,67470.75388908386,47551.40081119537,0.704770557171568
BF460302,13124.983716726303,406.6218192577362,0.03098074847434232
BF460303,11195.065464496613,4348.998785734177,0.3884746185295961
BF460304,60502.30777215958,23246.83790063858,0.38423059808200777
BF460305,35122.73007106781,1941.8823595046997,0.055288480012102376
BF460306,34632.64464044571,7493.171702861786,0.2163615219298295
BF460307,13501.94665980339,9363.025334596634,0.6934574376946157
BF460308,5020.500554084778,2097.130963087082,0.4177135208920184
BF460309,85391.64327716827,27287.345218658447,0.3195552184197683
BF460311,8565.736165046692,3290.8519048690796,0.38418786680562456
BF460401,72229.51100730896,0.0,0.0
BF460402,116152.61290073395,55866.60689210892,0.48097589453156336
BF460403,15393.658953428268,0.0,0.0
BF460404,26977.757338047028,459.1013116836548,0.017017771563842304
BF460405,46476.70935130119,4187.356953620911,0.09009581384022143
BF460406,62832.62017250061,0.0,0.0
BF460407,45851.734268426895,8937.020366191864,0.1949112832651527
BF460501,39918.10565185547,20.632107257843018,5.168608810694903E-4
BF460502,19732.467630386353,3309.498544692993,0.16771843272134104
BF460503,20819.460495471954,0.0,0.0
BF460504,33622.09196519852,0.0,0.0
BF460505,37441.62529659271,0.0,0.0
BF460506,39401.07584857941,0.0,0.0
BF460601,24093.66191291809,11165.473086357117,0.46341951367594403
BF460602,15792.057878017426,11315.77892780304,0.7165487243783868
BF460603,22922.965157032013,10413.814466953278,0.45429613471094343
BF460604,35425.16419553757,3963.2430419921875,0.1118764903986367
BF460605,22896.45298242569,17056.001011371613,0.744918919295624
BF460606,22405.283980369568,9640.08464050293,0.43025942670260764
BF460607,35208.29099416733,19516.389047145844,0.5543123081543199
BF460608,73029.51198196411,22168.14307451248,0.3035504753199951
BF470101,154859.3136422634,109473.88438177109,0.7069247680812014
BF470102,12628.677852869034,6810.765427112579,0.5393094595065059
BF470103,93400.24542474747,18029.80747318268,0.19303811666864715
BF470104,17206.119108438492,8125.676558971405,0.47225504529875567
BF470105,111495.97342824936,40216.02396440506,0.36069485496070536
BF470106,108942.05252361298,10226.275191307068,0.09386894183116792
BF470107,218083.96807813644,28156.088871479034,0.12910664236167557
BF470108,47838.383615493774,2517.9645137786865,0.05263481588377026
BF470109,102244.59020733833,0.0,0.0
BF470201,17589.712716817856,0.0,0.0
BF470202,10767.49637746811,8245.686942100525,0.7657942620120419
BF470203,12209.341163873672,1560.54141664505,0.12781536658690068
BF470204,37317.49951887131,5558.213469028473,0.14894388800668992
BF470205,52509.64834976196,0.0,0.0
BF470206,14723.697012424469,0.0,0.0
BF470207,22800.862544059753,1564.2556791305542,0.06860510983335959
BF470208,5630.522667169571,96.76121759414673,0.017185121757584184
BF480101,45030.93135929108,0.0,0.0
BF480102,36604.09191083908,0.0,0.0
BF480103,27593.668847084045,24445.37592458725,0.885905243701238
BF480104,67893.20658493042,19330.086098194122,0.2847131115248374
BF480105,104639.5148153305,17233.518340587616,0.16469417285622553
BF480106,26430.028366565704,902.8610806465149,0.034160427984581535
BF480107,97271.5701982975,45616.261813402176,0.46895780257694014
BF480108,27111.420615196228,6859.420746803284,0.25300853260926165
BF480109,19486.299703598022,10886.107162952423,0.5586544048145976
BF480110,157430.1591744423,53838.82123756409,0.3419854335401349
BF480111,106835.00070667267,49068.09866952896,0.4592886071508612
BF480112,11251.484647274017,5786.902797937393,0.5143234852424058
BF480113,17643.492666959763,11877.656457662582,0.6732032416634478
BF480202,14784.74542760849,0.0,0.0
BF480201,72530.58536434174,17953.87930727005,0.24753528759050564
BF480203,16578.4278755188,0.0,0.0
BF480204,52486.48297262192,18665.95919942856,0.35563364398344477
BF480205,61931.92233419418,16321.606257915497,0.2635410890338846
BF480206,60398.14724969864,14430.213979005814,0.23891815620350532
BF480207,57827.14918756485,20347.19537639618,0.35186232872035894
BF480208,37190.22279596329,6227.841351032257,0.16745910303361347
BF480301,61278.991496801376,9032.073333263397,0.147392656319007
BF480302,19076.145636081696,0.0,0.0
BF480303,46250.666570186615,0.0,0.0
BF480304,36253.0978178978,0.0,0.0
BF480305,40392.55439710617,2168.3675837516785,0.053682358447403024
BF480306,81382.30284833908,42122.3888425827,0.5175865927642814
BF480307,115829.64540243149,100399.36790513992,0.8667847299050123
BF480308,23946.762607097626,0.0,0.0
BF480309,23133.261236190796,0.0,0.0
BF490101,67222.27616262436,57043.487402915955,0.8485801234239102
BF490102,28367.050624847412,11481.42924451828,0.4047452587284985
BF490103,95508.86660575867,54203.28896045685,0.5675210154487236
BF490104,13010.182035446167,12737.933001279831,0.9790741564242073
BF490105,38291.4558801651,10610.951136112213,0.27711015139564504
BF490106,16293.877840995789,0.0,0.0
BF490107,28690.10027885437,14354.368335723877,0.5003247878608343
BF490108,41800.51751422882,0.0,0.0
BF490109,34699.85963463783,32428.726102113724,0.9345492011657294
BF490201,45859.703140735626,0.0,0.0
BF490202,101884.22678089142,22740.415467739105,0.22319858712422513
BF490203,52564.80099320412,21279.80361533165,0.40482990924065
BF490204,35138.90056800842,0.0,0.0
BF490205,22391.47990345955,6048.046216011047,0.27010480066914233
BF490206,106334.90594649315,24433.43291068077,0.22977810243209765
BF490207,47042.94370818138,0.0,0.0
BF490208,29598.015531539917,0.0,0.0
BF490301,118625.3405008316,77638.13639354706,0.6544818844419064
BF490302,106289.81765031815,20878.37727880478,0.19642876185461483
BF490303,29430.11530804634,20051.63797402382,0.6813305950093101
BF490304,157700.64858865738,83085.85716629028,0.5268580561327268
BF490305,57210.716901779175,3056.2617077827454,0.05342113983696121
BF490306,60631.39359951019,865.9306135177612,0.014281885375050271
BF490307,10926.481253147125,7869.202955245972,0.7201955298261667
BF490308,50595.58042836189,36255.94376707077,0.7165832165599016
BF490309,37122.97908782959,0.0,0.0
BF490310,127399.27290821075,56133.86748743057,0.44061371941953054
BF490311,36668.008447408676,0.0,0.0
BF500101,16636.20912718773,6271.790046453476,0.37699634565207535
BF500102,31735.576758384705,0.0,0.0
BF500103,39923.175810813904,0.0,0.0
BF500104,39240.17201375961,16991.14461708069,0.4330038260566932
BF500105,169747.98994922638,100187.42912626266,0.5902127569005672
BF500107,31269.42363882065,0.0,0.0
BF500106,37195.18250250816,5208.1619873046875,0.1400224877765686
BF500108,23479.963468551636,0.0,0.0
BF500109,33595.96712875366,0.0,0.0
BF500110,22402.415230751038,0.0,0.0
BF500111,57666.13753604889,0.0,0.0
BF500112,30168.45054125786,2346.264247894287,0.07777211642625054
BF500113,19145.006818532944,0.0,0.0
BF500114,15249.908903360367,0.0,0.0
BF500115,53850.877452373505,0.0,0.0
BF500201,19316.41242790222,0.0,0.0
BF500202,48025.84655427933,2163.696572780609,0.04505275238272325
BF500203,25920.642900943756,0.0,0.0
BF500204,19818.545569181442,1725.6520228385925,0.08707258647284612
BF500205,26609.994554519653,3679.9339442253113,0.1382914204167051
BF500206,49925.022960186005,18547.290187358856,0.3715028874828935
BF500207,69522.58814954758,48174.858609199524,0.6929382218275921
BF500208,44452.97466754913,9293.914613723755,0.2090729514330647
BF500209,17695.64119577408,0.0,0.0
BF500210,28045.222799301147,109.51613140106201,0.003904983468478311
BF500301,54497.98162269592,11845.264312267303,0.21735234883147106
BF500302,22712.891093730927,3904.8822162151337,0.17192360937674445
BF500303,81730.80217337608,35233.84736394882,0.4310963116354472
BF500304,9013.218476057053,0.0,0.0
BF500305,42177.00655078888,0.0,0.0
BF500306,34302.4024746418,2395.530894756317,0.06983565936896763
BF500307,62581.523951768875,0.0,0.0
BF500401,37859.46193289757,0.0,0.0
BF500402,28763.759400367737,0.0,0.0
BF500404,11348.291003704071,0.0,0.0
BF500405,22739.620298862457,0.0,0.0
BF500403,63505.05160331726,0.0,0.0
BF500406,124557.89235854149,21172.104248046875,0.1699780226459091
BF510101,24108.24224257469,1730.2237539291382,0.07176897164545644
BF510102,30197.260783433914,0.0,0.0
BF510103,13954.0625436306,0.0,0.0
BF510104,39324.5070168972,69.46912670135498,0.0017665606506269754
BF510105,75662.12794947624,24331.39966225624,0.32157963728569267
BF510106,37289.92286300659,13192.366198301315,0.35377831825414635
BF510107,29818.86086821556,0.0,0.0
BF510201,72396.54966259003,19622.15045118332,0.271037094207306
BF510202,71973.50789999962,21385.103641033173,0.29712465412615086
BF510203,59203.897445201874,29423.50107574463,0.4969858800761981
BF510204,7258.737626552582,0.0,0.0
BF510205,31644.192034482956,0.0,0.0
BF510301,50275.2346637249,0.0,0.0
BF510302,48636.286563158035,914.717248916626,0.018807300342076772
BF510303,63138.56627988815,0.0,0.0
BF510304,50822.00964951515,8836.184965133667,0.1738653198893713
BF510305,32272.614995241165,0.0,0.0
BF510306,40783.52151846886,24865.64116334915,0.6096982368746339
BF510307,36005.76754117012,9799.877738952637,0.272175221032218
BF520101,136870.4279613495,13281.801423311234,0.09703923353744352
BF520102,115073.1016793251,19984.13154745102,0.17366466407710915
BF520103,39226.61726975441,7734.656939983368,0.19717879027889454
BF520104,53411.092648267746,10355.839307785034,0.1938892989136574
BF520105,118687.80395674706,33888.16881990433,0.28552359796170856
BF520106,81459.67609643936,12811.612306118011,0.1572755124995889
BF520107,28861.33220911026,0.0,0.0
BF520201,53149.72984480858,3612.150734901428,0.06796178918403753
BF520202,43032.7436568737,3002.202736377716,0.06976554319464519
BF520203,201002.9967560768,111292.55876469612,0.5536860671771625
BF520204,91758.3036711216,26246.363783597946,0.286038023083662
BF520205,31953.50262737274,0.0,0.0
BF520206,32883.09734106064,6353.429500818253,0.19321262334022346
BF520301,25252.983443260193,8777.625472784042,0.34758766196897484
BF520302,34323.06545305252,19723.512336730957,0.5746430884417653
BF520303,78450.9461710453,15371.447558879852,0.1959370576024123
BF520401,55189.27751016617,35252.00773692131,0.6387474039758483
BF520402,16351.952962875366,6372.05757522583,0.3896817456417972
BF520403,105525.72342467308,50971.56790971756,0.48302505072237056
BF520501,71915.974796772,18001.02707386017,0.2503063766392576
BF520502,49079.88769340515,17922.640141010284,0.36517280261459406
BF520503,99621.78744101524,31700.512431144714,0.31820862931127564
BF520504,91306.82003736496,49727.40301942825,0.5446187152184098
BF520505,25932.64347743988,14239.106972694397,0.5490804277273822
BF520506,75220.01584744453,30291.39962387085,0.40270397822443355
BF520507,68488.00144195557,32209.566500663757,0.47029502719482574
BF520508,67505.30433130264,56657.91015100479,0.8393104914087789
BF530101,80101.91201019287,14434.6813018322,0.18020395443239112
BF530102,920267.6459970474,477198.7249479294,0.5185434118254989
BF530103,23781.42541360855,0.0,0.0
BF530104,23500.6708445549,11090.75701713562,0.4719336350223953
BF530105,30796.31450033188,0.0,0.0
BF530106,35275.375619888306,10306.915527820587,0.2921844302632892
BF530107,132016.53799152374,5532.4341340065,0.04190712935042817
BF530108,16760.825242996216,0.0,0.0
BF530109,26384.196572303772,5020.211151838303,0.1902734137869545
BF530110,54206.57523083687,0.0,0.0
BF530111,77909.16066884995,6971.472166061401,0.0894820596989023
BF530112,31595.994156599045,2630.133021593094,0.08324261007763771
BF530113,22128.069411993027,15.497918605804443,7.003737342492627E-4
BF530201,32852.40334177017,0.0,0.0
BF530202,21189.61007118225,0.0,0.0
BF530203,31993.20060825348,0.0,0.0
BF530204,29132.014103412628,5730.42932844162,0.19670556618913407
BF530205,28523.027868270874,12.717337131500244,4.4586210097445714E-4
BF530206,24386.759330034256,6690.29888010025,0.2743414485523958
BF530207,52611.012191295624,0.0,0.0
BF530208,41154.073832035065,0.0,0.0
BF530209,39804.08838558197,8453.14535522461,0.21236877160303333
BF530210,45426.28157544136,25087.84733438492,0.5522760495533948
BF530212,60660.61753368378,8585.760422229767,0.14153763630022798
BF530211,5473.314205169678,0.0,0.0
BF530213,32154.10126543045,1440.1135444641113,0.04478786493132084
BF530301,13305.612288475037,0.0,0.0
BF530302,29830.87173461914,8904.401677131653,0.29849619402164407
BF530303,23081.314859867096,0.0,0.0
BF530304,49374.48586654663,0.0,0.0
BF530305,125306.72259140015,46331.14643239975,0.3697419058949953
BF530306,39392.82688808441,0.0,0.0
BF530307,63439.60924196243,33.898261070251465,5.343390584415721E-4
BF540101,49418.12864637375,27054.370314121246,0.5474584136464761
BF540102,36454.54116153717,24013.144434928894,0.6587147628198631
BF540103,21541.891161441803,12104.698282241821,0.5619143737903675
BF540104,83970.45335149765,47047.75804519653,0.5602894371458984
BF540201,56271.43584346771,0.0,0.0
BF540202,26769.27871131897,187.7320237159729,0.007012965337635091
BF540204,61718.79365491867,16352.712989807129,0.26495516230012867
BF540205,24580.910514354706,0.0,0.0
BF540206,26331.53346824646,0.0,0.0
BF540207,32388.800587177277,5159.303514957428,0.15929282410661405
BF540208,17733.30704307556,0.0,0.0
BF540209,39478.49859762192,13000.268795967102,0.329299979932626
BF540210,91220.09790086746,48443.11575460434,0.531057484801753
BF540301,32539.054227352142,9944.081084728241,0.30560449038402915
BF540302,17014.032639026642,12832.16338634491,0.7542105777386723
BF540303,60628.184015750885,0.0,0.0
BF540304,24036.899477005005,0.0,0.0
BF540305,67102.08367156982,18750.042851924896,0.27942564263274905
BF540306,39814.619019031525,15065.18098783493,0.378383150687282
BF540307,167331.69011735916,118059.54311227798,0.7055420466348972
BF540308,49606.40623950958,10907.496740341187,0.21988080909706753
BF540309,43128.19232463837,15631.579217910767,0.3624445722242971
BF540310,75328.70304727554,18512.24714946747,0.24575289896932603
BF540311,38918.01507759094,11307.250119686127,0.29054025743971873
BF540312,33978.18467998505,15970.874093294144,0.4700331769843442
BF540313,21917.57241821289,0.0,0.0
BF540401,28653.806926727295,987.3510055541992,0.03445793461507664
BF540402,30014.599160194397,5055.570439815521,0.16843704667961248
BF540403,110944.30144548416,50670.0920753479,0.45671649120478874
BF540404,12403.427936553955,0.0,0.0
BF540405,41304.832032203674,0.0,0.0
BF550101,112789.25215697289,0.0,0.0
BF550102,24258.474234342575,8175.447417259216,0.3370140816888345
BF550103,42961.50662398338,436.5692563056946,0.010161870255778659
BF550104,73331.74344325066,1573.402360200882,0.021455951901900343
BF550105,19547.337110757828,0.0,0.0
BF550106,48544.21977972984,16140.557133674622,0.3324918436615657
BF550107,63564.98550033569,33954.873131752014,0.5341757394339797
BF550108,35565.89448785782,68.48729228973389,0.0019256451517932558
BF550201,53291.926784038544,20041.64124441147,0.37607274598324597
BF550202,13168.982504367828,8822.860711574554,0.669972847837578
BF550203,30035.354688167572,555.8917808532715,0.01850791464341405
BF550204,43513.70280838013,0.0,0.0
BF550205,19816.86253595352,0.0,0.0
BF550301,34578.209192276,0.0,0.0
BF550302,36170.31533265114,0.0,0.0
BF550303,34664.68335425854,19615.51435804367,0.5658645185816739
BF550304,25301.936948299408,1160.9627118110657,0.045884341352336516
BF550305,19182.16250872612,0.0,0.0
BF550306,80095.12490057945,40712.606013298035,0.508303171557992
BF550307,48048.77932882309,1231.047619342804,0.025620788634776695
BF560101,37746.39998793602,17229.83742761612,0.456463064904809
BF560102,167933.73969984055,110854.8666715622,0.6601107488566662
BF560103,31734.775433540344,23729.198326826096,0.7477348745233852
BF560104,28644.05639243126,16593.99164223671,0.5793170986292783
BF560105,24324.831401348114,14354.438175201416,0.5901146009343305
BF560201,64051.30705952644,3625.3627696037292,0.0566009178584674
BF560202,146000.66655635834,57209.268904685974,0.39184251862714875
BF560203,25688.366918087006,10977.525341272354,0.42733449643866434
BF560204,40758.268280506134,25355.473539352417,0.6220939850744207
BF560205,34472.85134792328,12300.169878005981,0.3568074411328604
BF560206,42493.33804321289,11621.239630699158,0.27348380159923263
BF560301,134908.63486647606,96902.82741355896,0.7182848415111989
BF560302,37765.659217596054,22909.590797662735,0.6066249410784422
BF560303,8541.539731025696,4594.064136624336,0.5378496478728744
BF560304,82213.01139640808,62279.78698515892,0.7575417312578815
BF560305,34629.738357543945,30104.46586751938,0.8693240923941675
BF560306,29941.916064977646,14068.150434017181,0.46984803522552004
BF560307,23338.15196144581,16830.14616894722,0.7211430535181323
BF560308,35485.62551307678,26171.070050239563,0.7375118705627799
BF560309,99047.27618765831,59315.30969643593,0.5988585651164716
BF560401,33510.50289726257,17814.20953655243,0.5316007817360344
BF560402,61349.42901182175,36724.278676986694,0.5986083207051544
BF560403,44458.17995619774,16792.193826198578,0.3777076309183828
BF560404,25398.062602758408,8288.8362262249,0.32635702793033805
BF560405,26014.748116970062,10287.968260288239,0.3954667642381339
BF560406,31241.909779071808,7889.014439105988,0.2525138346180951
BF570102,49839.15595912933,27166.61736035347,0.545085823336003
BF570103,8079.346889734268,0.0,0.0
BF570101,26711.834372997284,23.392306804656982,8.757282063827119E-4
BF570104,61862.615161418915,10021.904214382172,0.16200259540001483
BF570105,10987.267777442932,4004.6359524726868,0.3644796899092857
BF570201,58562.591691970825,0.0,0.0
BF570202,40688.24440741539,15566.846757411957,0.3825883122785931
BF570203,44746.78694963455,0.0,0.0
BF570204,13094.36375451088,0.0,0.0
BF570205,10975.530037641525,0.0,0.0
BF570206,26292.106002807617,0.0,0.0
BF570207,9074.834156513214,0.0,0.0
BF570208,26017.77365708351,3082.142189979553,0.11846294885190607
BF570301,40663.000579833984,9532.855008602142,0.23443560171823066
BF570302,16630.172463417053,5461.082630634308,0.3283840045945141
BF570303,11510.644575595856,3374.675736427307,0.2931786933619758
BF570304,19268.33179450035,0.0,0.0
BF570305,13071.761768341064,4397.772172451019,0.3364330111264826
BF570401,11763.126635551453,5311.799979686737,0.4515636143568322
BF570402,21287.964784145355,809.8053574562073,0.03804052504161066
BF570403,59356.1404504776,3524.129406929016,0.05937261722515955
BF570404,68129.02986097336,31269.320962905884,0.4589720567974508
BF570405,19555.274425029755,4349.147084712982,0.2224027640924484
BF570406,67876.91144323349,5991.551753520966,0.08827083652048301
BF570407,74510.92532205582,14431.20204114914,0.19367900718953213
BF570408,12465.844933748245,67.87218904495239,0.005444652119906043
BF570409,27295.533838510513,7072.62969326973,0.2591130745093233
BF570410,10306.403195858002,4444.972881317139,0.43128264990675996
ML010107,26871.992314338684,0.0,0.0
ML010102,18182.065280675888,0.0,0.0
ML010113,39680.93364953995,2001.449643611908,0.050438572370514585
ML010112,9664.97368478775,0.0,0.0
ML010110,10574.049715042114,0.0,0.0
ML010104,18537.711906671524,0.0,0.0
ML010103,41094.86380696297,0.0,0.0
ML010101,22114.410320281982,5142.272585630417,0.2325303958439371
ML010106,9666.153366565704,0.0,0.0
ML010108,15236.246097564697,0.0,0.0
ML010109,30636.0540163517,2325.0443906784058,0.07589242365996077
ML010105,15101.476457357407,0.0,0.0
ML010111,25325.199998021126,0.0,0.0
ML010212,22762.169912338257,0.0,0.0
ML010205,15215.676926374435,0.0,0.0
ML010202,34626.21493554115,0.0,0.0
ML010201,28631.363887786865,69.20208287239075,0.0024170026668519948
ML010215,5909.193610668182,0.0,0.0
ML010211,6020.184178709984,0.0,0.0
ML010210,16142.148363351822,0.0,0.0
ML010207,6979.593301534653,0.0,0.0
ML010203,14496.005962729454,924.0835998058319,0.06374746272743917
ML010214,19172.793097257614,0.0,0.0
ML010204,41881.073792696,18094.912940979004,0.43205465625226475
ML010208,12691.740242958069,0.0,0.0
ML010209,11269.454395771027,4002.1580109596252,0.3551332540518975
ML010213,20402.428921937943,0.0,0.0
ML010206,21176.894478797913,2698.749225139618,0.12743838469052096
ML010306,3153.435033798218,0.0,0.0
ML010325,29470.127190828323,0.0,0.0
ML010324,30886.569630384445,0.0,0.0
ML010316,28476.797931194305,0.0,0.0
ML010305,13397.130169391632,7909.69287276268,0.5904020318346926
ML010304,29619.19148159027,0.0,0.0
ML010302,13956.447011470795,0.0,0.0
ML010308,4907.979411363602,0.0,0.0
ML010319,23533.35626935959,0.0,0.0
ML010307,10175.990484952927,0.0,0.0
ML010313,19111.322105884552,0.0,0.0
ML010323,14486.556107759476,0.0,0.0
ML010317,24881.195198774338,7450.740833997726,0.2994526900526368
ML010312,206363.418541193,206249.5720999241,0.9994483206273974
ML010328,10584.189619064331,0.0,0.0
ML010322,18065.736045122147,0.0,0.0
ML010321,69503.5973739624,17394.923999786377,0.25027372189375197
ML010318,12553.244144201279,0.0,0.0
ML010310,7981.571249246597,0.0,0.0
ML010303,13845.902935385704,0.0,0.0
ML010315,8216.4091091156,0.0,0.0
ML010320,9912.949934005737,0.0,0.0
ML010314,35487.31025362015,24270.016884088516,0.6839069151940776
ML010311,17345.62156832218,0.0,0.0
ML010327,10527.957353830338,3152.083954334259,0.2994012844464507
ML010309,24656.018193364143,851.6722424030304,0.034542164745491925
ML010326,8792.333503723145,0.0,0.0
ML010301,19768.049714803696,7778.561939954758,0.393491621691422
ML010407,3853.6851811408997,0.0,0.0
ML010409,41447.005417227745,16887.013310194016,0.40743627049048053
ML010405,20125.5657864213,0.0,0.0
ML010412,57001.561735510826,19063.0892264843,0.334430998837149
ML010411,17377.348940074444,0.0,0.0
ML010401,17054.975046873093,0.0,0.0
ML010404,5576.718892931938,0.0,0.0
ML010403,20493.848851323128,87.12721133232117,0.004251383523144118
ML010408,19139.106045007706,0.0,0.0
ML010402,21942.170663833618,0.0,0.0
ML010406,8056.362646281719,0.0,0.0
ML010410,18192.305616140366,0.0,0.0
ML010527,14466.1213388443,0.0,0.0
ML010511,14213.9867978096,0.0,0.0
ML010526,50820.42607283592,4089.721046924591,0.08047396220297712
ML010528,18062.382241606712,0.0,0.0
ML010513,65717.60737633705,65717.60737633705,1.0
ML010524,5718.905329704285,0.0,0.0
ML010522,13023.66987657547,0.0,0.0
ML010509,34227.10857248306,0.0,0.0
ML010508,8948.400279641151,0.0,0.0
ML010505,14965.01302599907,0.0,0.0
ML010501,7520.180780887604,0.0,0.0
ML010518,12694.232940554619,0.0,0.0
ML010512,34089.92618846893,3054.190083503723,0.08959215888642247
ML010531,12626.786573052406,0.0,0.0
ML010514,10722.739218950272,1916.6643645763397,0.17874764325043208
ML010506,12852.574787855148,0.0,0.0
ML010521,12758.103068232536,0.0,0.0
ML010516,16105.406080365181,0.0,0.0
ML010517,29630.73268043995,0.0,0.0
ML010519,17759.81426382065,0.0,0.0
ML010507,18843.987851381302,0.0,0.0
ML010510,16034.698541641235,0.0,0.0
ML010503,11168.325345754623,1949.8009774684906,0.17458311045797584
ML010529,7668.018805027008,0.0,0.0
ML010530,11076.533559560776,0.0,0.0
ML010532,13483.833975076675,0.0,0.0
ML010533,6519.561235189438,146.43845212459564,0.022461396839743096
ML010520,8125.683086156845,0.0,0.0
ML010525,4732.375795960426,657.5227324962616,0.13894136071305357
ML010523,14381.451267004013,0.0,0.0
ML010502,10520.11736536026,628.4119002819061,0.059734305089702414
ML010504,6013.735368967056,810.6494886875153,0.13479966093465728
ML010515,20844.478840589523,2468.2582244873047,0.11841304564933404
ML010615,13322.488260626793,12.189520835876465,9.149582718643713E-4
ML010612,34576.36902189255,5847.361082077026,0.16911437630639242
ML010609,22214.783090233803,0.0,0.0
ML010607,9950.377032637596,0.0,0.0
ML010605,20667.712270736694,224.40563988685608,0.010857788077715348
ML010602,10239.265452861786,0.0,0.0
ML010601,5770.989075422287,0.0,0.0
ML010614,13589.014872074127,0.0,0.0
ML010611,16508.751512527466,1271.9585456848145,0.07704753110612902
ML010610,44378.99825978279,39614.00330591202,0.892629506281828
ML010613,27899.00895833969,0.0,0.0
ML010606,15151.336109161377,6040.794688463211,0.39869716076132694
ML010603,7844.079706430435,0.0,0.0
ML010616,10852.245745182037,0.0,0.0
ML010608,10865.663980960846,27.571284770965576,0.0025374689314225838
ML010604,16698.539447546005,0.0,0.0
ML010706,44666.042154312134,0.0,0.0
ML010711,15619.584057569504,0.0,0.0
ML010712,13785.166771292686,0.0,0.0
ML010708,14886.803129732609,0.0,0.0
ML010707,6982.407741785049,4883.381657123566,0.6993836277849811
ML010705,50891.23147511482,12098.522574663162,0.2377329497435956
ML010703,10199.55720448494,0.0,0.0
ML010702,25208.36816072464,0.0,0.0
ML010710,6102.268262624741,0.0,0.0
ML010709,7262.336902618408,6325.918004751205,0.8710581854816484
ML010704,16039.529103517532,0.0,0.0
ML010701,11546.066941857338,31.569542407989502,0.002734224785545122
ML020109,13805.187866210938,3347.0919241905212,0.24245174760589375
ML020107,4641.237215995789,1821.828858613968,0.3925308649028167
ML020106,34367.88955426216,0.0,0.0
ML020105,14713.47303199768,0.0,0.0
ML020104,49748.95722436905,16875.071373462677,0.3392045243753689
ML020102,10720.489021062851,0.0,0.0
ML020101,36989.79944038391,20486.413492679596,0.5538395396194927
ML020108,17496.383939743042,4455.039307832718,0.2546262886763187
ML020103,41701.09074687958,1851.4276676177979,0.0443975837192301
ML020219,27356.488309144974,0.0,0.0
ML020204,12548.621028661728,0.0,0.0
ML020212,30670.67365384102,0.0,0.0
ML020205,10222.812086582184,0.0,0.0
ML020210,7928.416423797607,0.0,0.0
ML020217,27205.78754401207,0.0,0.0
ML020209,73309.58041095734,62066.387697935104,0.8466340599687603
ML020218,20942.852124929428,0.0,0.0
ML020221,18771.19474673271,0.0,0.0
ML020220,14666.332178115845,0.0,0.0
ML020201,38488.14141511917,0.0,0.0
ML020223,25235.586740016937,0.0,0.0
ML020213,19209.543574094772,0.0,0.0
ML020203,25985.30487394333,0.0,0.0
ML020216,22197.613030672073,0.0,0.0
ML020222,20089.728837013245,0.0,0.0
ML020207,39813.024143218994,0.0,0.0
ML020214,17380.307574152946,0.0,0.0
ML020208,17992.391882419586,0.0,0.0
ML020202,9173.820839643478,0.0,0.0
ML020206,42695.9653608799,0.0,0.0
ML020211,56114.58669304848,28590.3664124012,0.5094997236421417
ML020215,60042.750953912735,9517.761204004288,0.1585164079392344
ML020309,4184.591842710972,0.0,0.0
ML020304,6245.221202135086,0.0,0.0
ML020308,12538.380351185799,1583.9012724757195,0.1263242323260615
ML020307,15458.300000071526,87.35602355003357,0.00565107570364331
ML020301,8328.061661243439,216.71525382995605,0.026022292178561862
ML020302,8526.971592068672,3527.801983475685,0.413722732084279
ML020303,18868.591170728207,0.0,0.0
ML020305,16938.359634637833,28.92749261856079,0.0017078095661285859
ML020306,21315.60875403881,10430.644055485725,0.4893430056746262
ML020424,21944.109583616257,0.0,0.0
ML020427,23946.671068668365,0.0,0.0
ML020428,60225.57195687294,29669.482943058014,0.49263928891043324
ML020436,20049.088886976242,0.0,0.0
ML020420,93683.07946109772,0.0,0.0
ML020432,243031.886125803,138882.66224884987,0.5714586034894148
ML020437,13719.102742433548,0.0,0.0
ML020401,82865.59252810478,33118.75465500355,0.3996683502114699
ML020423,49049.122628331184,0.0,0.0
ML020434,12201.59178352356,0.0,0.0
ML020403,15875.949999332428,0.0,0.0
ML020422,22499.099771022797,0.0,0.0
ML020405,12590.1852414608,0.0,0.0
ML020418,118039.05993038416,115671.85823690891,0.9799456070315085
ML020433,28210.230540513992,15109.520958185196,0.5356043062634929
ML020426,9896.023744106293,0.0,0.0
ML020416,10663.500081777573,0.0,0.0
ML020413,13733.015361785889,0.0,0.0
ML020410,16874.040662527084,0.0,0.0
ML020404,12347.955511569977,0.0,0.0
ML020421,119495.17924785614,0.0,0.0
ML020430,15259.453910112381,0.0,0.0
ML020408,155184.63982135057,154333.77353608608,0.9945170714946787
ML020406,12855.87452763319,0.0,0.0
ML020412,15440.733929634094,0.0,0.0
ML020414,13980.686766028404,0.0,0.0
ML020435,9614.905065536499,0.0,0.0
ML020419,5988.829340577126,0.0,0.0
ML020402,25279.07978594303,0.0,0.0
ML020425,11166.867605924606,0.0,0.0
ML020431,54813.95301234722,0.0,0.0
ML020415,646057.0978078842,110532.64151358604,0.1710880383307154
ML020411,48608.761816740036,9353.805320262909,0.19243043786072364
ML020407,27190.17107105255,9858.144352912903,0.3625627925308705
ML020417,21533.93254172802,8337.726964116096,0.3871901682593004
ML020429,23754.781677484512,5624.340257406235,0.23676665749940995
ML020409,11180.643711566925,0.0,0.0
ML020501,37515.99358129501,6640.089603424072,0.17699356913033312
ML020509,20989.55623626709,0.0,0.0
ML020510,13833.521700620651,0.0,0.0
ML020507,9259.451706886292,0.0,0.0
ML020506,21672.063413858414,0.0,0.0
ML020505,19429.53471827507,0.0,0.0
ML020504,37470.04395365715,0.0,0.0
ML020503,50787.60425615311,16197.688113927841,0.31892995054921164
ML020508,17911.093043088913,1064.1231385469437,0.05941140141402711
ML020502,27056.95992398262,0.0,0.0
ML020605,33159.250342965126,15724.193126440048,0.47420231048064093
ML020609,15831.915757417679,0.0,0.0
ML020601,26283.07890844345,0.0,0.0
ML020606,41193.426164865494,7028.600192308426,0.17062431670962167
ML020604,52641.13597488403,47906.52246546745,0.9100586751836901
ML020602,7958.2764637470245,0.0,0.0
ML020608,10555.563575029373,0.0,0.0
ML020607,43308.47856426239,0.0,0.0
ML020603,23066.14419221878,0.0,0.0
ML020707,35918.669703722,5843.322920799255,0.16268205278754388
ML020706,10631.77544939518,0.0,0.0
ML020711,22716.264381170273,11535.584665060043,0.5078116926047929
ML020710,32365.50336909294,5806.463048696518,0.1794028346316817
ML020709,38498.2223212719,22619.389329195023,0.5875437348881652
ML020708,13143.521197080612,1141.6934552192688,0.08686359143034345
ML020705,36559.87078976631,0.0,0.0
ML020704,42847.869802474976,3657.879651784897,0.08536899660700543
ML020703,44847.522840976715,6406.251949548721,0.14284516833325286
ML020702,17710.38335967064,0.0,0.0
ML020701,14408.886248350143,0.0,0.0
ML030122,21259.978671073914,0.0,0.0
ML030111,20880.621591091156,0.0,0.0
ML030101,9116.363010883331,0.0,0.0
ML030126,47572.25159430504,4529.61933016777,0.09521557585283644
ML030112,7312.205180883408,2246.5849738121033,0.3072376825099822
ML030105,7813.150613069534,0.0,0.0
ML030108,2850.832157611847,0.0,0.0
ML030104,11624.939157485962,0.0,0.0
ML030116,18333.48524582386,0.0,0.0
ML030102,79886.88877749443,70222.50139427185,0.8790241110760942
ML030120,29207.04044985771,86.45244455337524,0.0029599864697621705
ML030103,15840.630764007568,0.0,0.0
ML030124,15655.08581161499,0.0,0.0
ML030109,12123.90830898285,0.0,0.0
ML030115,7436.218720197678,0.0,0.0
ML030121,11973.027698636055,0.0,0.0
ML030117,6274.292564868927,0.0,0.0
ML030110,45817.14652109146,1488.6661117076874,0.032491462798155596
ML030107,18654.793179392815,1517.3625626564026,0.08133901823862463
ML030125,11413.522384166718,0.0,0.0
ML030113,6519.194658756256,1648.2841029167175,0.2528355401541546
ML030114,67221.52890253067,0.0,0.0
ML030123,12189.787922501564,0.0,0.0
ML030118,31306.566146612167,12900.160431861877,0.4120592584778853
ML030119,47806.97155380249,0.0,0.0
ML030106,39774.80546915531,0.0,0.0
ML030209,68698.1219959259,45865.56931209564,0.6676393470379827
ML030207,156023.9824130535,26156.89789867401,0.16764664953511424
ML030202,9573.711096525192,0.0,0.0
ML030201,3783.576201438904,0.0,0.0
ML030205,8382.209571361542,0.0,0.0
ML030208,13627.169367790222,0.0,0.0
ML030206,46897.3307056427,0.0,0.0
ML030203,70556.4322206974,5469.899936199188,0.07752517756410333
ML030204,75284.73708415031,45534.75132584572,0.6048337696251601
ML030310,7635.532747507095,0.0,0.0
ML030305,38554.55158019066,0.0,0.0
ML030308,6598.796738147736,0.0,0.0
ML030306,65388.628195524216,0.0,0.0
ML030301,9246.649732112885,0.0,0.0
ML030302,48007.83465409279,12166.854465961456,0.2534347685878018
ML030311,11208.80261683464,0.0,0.0
ML030309,13769.029119491577,0.0,0.0
ML030312,7356.913407087326,0.0,0.0
ML030307,6210.821341991425,0.0,0.0
ML030303,18338.40576195717,0.0,0.0
ML030304,21771.906592845917,0.0,0.0
ML030422,26297.50012612343,0.0,0.0
ML030409,8255.028249025345,0.0,0.0
ML030412,21664.822937726974,74.88904809951782,0.0034567117541083867
ML030421,3580.2465936541557,0.0,0.0
ML030423,43173.02365875244,31370.448807001114,0.7266215369801045
ML030405,19780.836453676224,0.0,0.0
ML030410,31272.778379678726,0.0,0.0
ML030419,37163.50349068642,14726.114894866943,0.396252062149024
ML030425,7306.914865016937,0.0,0.0
ML030433,19158.019105911255,0.0,0.0
ML030413,37672.71025824547,0.0,0.0
ML030434,24594.07017850876,6113.087018251419,0.24855938744101286
ML030402,9119.55710721016,0.0,0.0
ML030403,13705.400775194168,1755.6463047266006,0.12809886653619057
ML030427,18148.421212911606,0.0,0.0
ML030404,12706.304183483124,0.0,0.0
ML030406,14155.2935693264,0.0,0.0
ML030417,11114.894554138184,0.0,0.0
ML030420,10970.745640158653,3903.173686861992,0.3557801643467459
ML030426,29874.294269561768,15340.224281311035,0.5134924407884954
ML030428,20634.042058467865,0.0,0.0
ML030430,6923.510670781136,0.0,0.0
ML030431,6587.6272802352905,0.0,0.0
ML030435,8248.957483291626,0.0,0.0
ML030407,15798.367999315262,0.0,0.0
ML030408,11487.847754955292,17.394545793533325,0.0015141692477627217
ML030415,8647.948913812637,0.0,0.0
ML030418,13678.49953866005,0.0,0.0
ML030429,6567.788866758347,0.0,0.0
ML030432,5088.1426656246185,0.0,0.0
ML030411,17454.197901010513,0.0,0.0
ML030436,17559.142951607704,0.0,0.0
ML030416,226763.683863163,205927.620272398,0.9081155181649889
ML030424,10324.541150808334,49.336626291275024,0.004778578105372977
ML030414,17344.272607326508,0.0,0.0
ML030401,6093.266704440117,0.0,0.0
ML030541,4772.761027097702,0.0,0.0
ML030533,5186.0370581150055,0.0,0.0
ML030520,27949.778004407883,0.0,0.0
ML030540,6517.9906088113785,0.0,0.0
ML030506,5758.701560974121,0.0,0.0
ML030531,41931.75954890251,14108.217518091202,0.33645660639729724
ML030532,13306.994438648224,0.0,0.0
ML030524,18418.546543836594,2.383406639099121,1.294025363742223E-4
ML030514,9859.290083646774,0.0,0.0
ML030523,12443.038283586502,0.0,0.0
ML030501,9149.763920545578,0.0,0.0
ML030538,8883.49052786827,0.0,0.0
ML030539,5651.922778606415,0.0,0.0
ML030537,3956.028208255768,0.0,0.0
ML030535,13805.00388765335,0.0,0.0
ML030534,11521.989615440369,0.0,0.0
ML030505,6763.476461052895,0.0,0.0
ML030530,8347.966837882996,0.0,0.0
ML030529,4964.0737606287,0.0,0.0
ML030528,11140.738563776016,0.0,0.0
ML030525,18683.670900583267,0.0,0.0
ML030522,8579.779978752136,0.0,0.0
ML030521,11168.533903598785,0.0,0.0
ML030507,15367.864840388298,0.0,0.0
ML030504,13358.804173111916,0.0,0.0
ML030519,30710.992809295654,11393.587636232376,0.37099379062677995
ML030518,16170.727188587189,0.0,0.0
ML030517,10728.637078285217,0.0,0.0
ML030513,10314.13416314125,0.0,0.0
ML030510,8339.368470907211,0.0,0.0
ML030508,15867.773933768272,0.0,0.0
ML030502,12659.554579257965,0.0,0.0
ML030511,17514.343376636505,1638.6189477443695,0.0935586857301329
ML030512,21629.069006443024,0.0,0.0
ML030526,34972.31291770935,626.5585327148438,0.017915844862453057
ML030543,7476.184726715088,0.0,0.0
ML030527,4168.576332092285,0.0,0.0
ML030503,43960.02117097378,1073.5417091846466,0.024420864244112148
ML030509,14139.636553049088,0.0,0.0
ML030516,7607.772650241852,0.0,0.0
ML030536,331674.0192306042,278421.8286087513,0.8394441905778938
ML030515,30789.525666475296,0.0,0.0
ML030542,11631.254749298096,0.0,0.0
ML030609,18382.512363433838,0.0,0.0
ML030611,61379.40829730034,24572.3485622406,0.4003353770245024
ML030605,29269.812044620514,3061.1632924079895,0.10458431669261775
ML030607,11997.443828582764,2245.8579652309418,0.18719470558223408
ML030610,14101.168017148972,0.0,0.0
ML030612,11357.322710037231,6099.620889902115,0.537065032457999
ML030608,6199.700179696083,0.0,0.0
ML030601,36016.97810292244,0.0,0.0
ML030602,4796.959627866745,0.0,0.0
ML030603,10724.877038955688,0.0,0.0
ML030604,8998.212210416794,2450.6585705280304,0.2723494971246646
ML030606,31240.62884068489,8368.010859012604,0.267856671569776
ML030707,14097.305333852768,0.0,0.0
ML030701,29373.715451955795,12395.014185667038,0.4219763824545982
ML030702,19607.853254795074,0.0,0.0
ML030703,21241.05788218975,0.0,0.0
ML030704,36878.54799222946,0.0,0.0
ML030705,76392.06848597527,25559.741463661194,0.3345863251281601
ML030706,19478.354951143265,5763.628565788269,0.29589914447318244
ML030708,30353.303644180298,0.0,0.0
ML030709,32301.66729903221,8790.87844657898,0.27214937127540667
ML040102,24381.5554356575,833.7788105010986,0.03419711317029901
ML040103,9914.046145558357,0.0,0.0
ML040101,50203.53579378128,18010.067024946213,0.3587410077833028
ML040107,6348.4936047792435,0.0,0.0
ML040110,11384.33438050747,0.0,0.0
ML040109,6215.8327729702,0.0,0.0
ML040111,7331.262931585312,0.0,0.0
ML040106,45787.31164431572,20793.59605407715,0.45413446012304975
ML040105,18474.337604522705,0.0,0.0
ML040104,11505.691462039948,1248.9838919639587,0.10855357073363717
ML040108,38920.58517599106,7913.7043533325195,0.20332953159743977
ML040211,5517.710525870323,0.0,0.0
ML040213,15702.910090446472,0.0,0.0
ML040215,13668.170198440552,27.281761646270752,0.0019960068721842097
ML040201,12503.755997300148,0.0,0.0
ML040202,65307.356355428696,0.0,0.0
ML040203,23014.426709532738,4606.80082154274,0.20017013153034877
ML040205,8845.270928382874,0.0,0.0
ML040208,4866.663209795952,0.0,0.0
ML040209,15565.271989822388,0.0,0.0
ML040212,11190.594396352768,4380.547455787659,0.39144904199328
ML040214,12384.235127210617,0.0,0.0
ML040217,25951.723750829697,7178.686005830765,0.276616924361383
ML040206,56043.80645990372,0.0,0.0
ML040204,11757.256126642227,0.0,0.0
ML040216,39929.87466049194,0.0,0.0
ML040210,13514.57623243332,0.0,0.0
ML040207,15734.398802042007,0.0,0.0
ML040307,43905.13427448273,10405.877338409424,0.2370082112345851
ML040311,8434.196960926056,0.0,0.0
ML040305,48840.55387020111,22489.642275094986,0.46047066408918225
ML040304,44263.23389029503,0.0,0.0
ML040303,22884.18007159233,17191.98923420906,0.7512608789314078
ML040302,9220.878353476524,7352.500533223152,0.7973752880549668
ML040301,19097.928557395935,10425.948516368866,0.5459203852938949
ML040306,18572.143432617188,6528.210417032242,0.351505492121449
ML040310,11748.629677057266,7167.212181806564,0.6100466504449197
ML040309,24537.916942954063,11588.533802509308,0.47227047957862195
ML040308,38079.576993227005,732.1421663761139,0.019226636012956128
ML040412,21832.21808719635,17656.506501674652,0.8087362645039455
ML040411,49027.854739904404,17563.44686627388,0.35823404796006225
ML040407,30982.998480796814,3224.7896461486816,0.10408255508734567
ML040405,17743.455615520477,5703.510637283325,0.32144305826731834
ML040410,38929.29146885872,18039.275106430054,0.4633856519289717
ML040401,51205.71550512314,33397.83064556122,0.6522285708949768
ML040404,27993.2964720726,7535.470858573914,0.26918840609185296
ML040406,106939.43273687363,80513.12138938904,0.7528852484891425
ML040402,48244.63105607033,44972.371901512146,0.9321736101421289
ML040409,36506.30063843727,24279.170592069626,0.6650679517635437
ML040403,27372.864100456238,13203.360265731812,0.4823521651689983
ML040408,60365.45865345001,10919.155447483063,0.1808841627489069
ML040505,3410.531105160713,0.0,0.0
ML040515,10813.509543418884,0.0,0.0
ML040522,24952.14599955082,10905.78683769703,0.43706809177428474
ML040507,6845.401798725128,0.0,0.0
ML040504,13714.36852478981,0.0,0.0
ML040512,9739.948085069656,0.0,0.0
ML040503,16356.478287220001,0.0,0.0
ML040508,10943.521838188171,0.0,0.0
ML040513,15977.074225902557,0.0,0.0
ML040520,13302.068442463875,0.0,0.0
ML040525,11210.665181398392,0.0,0.0
ML040509,17422.232444763184,22.231719255447388,0.0012760545656782263
ML040510,23511.163454532623,16654.66191792488,0.7083725120678405
ML040506,6769.22801721096,0.0,0.0
ML040517,83702.44238781929,79834.41614794731,0.9537883706911416
ML040511,12985.345875024796,0.0,0.0
ML040524,10813.791810512543,0.0,0.0
ML040518,22571.99502837658,1797.6366168260574,0.07964012992941664
ML040514,14479.873506426811,11.300844430923462,7.804518752120069E-4
ML040521,14767.490837216377,510.3613144159317,0.034559785412545625
ML040516,16677.91988861561,9693.48920083046,0.5812169182709206
ML040523,6009.843660354614,1.5331438779830933,2.5510545109465115E-4
ML040501,10369.064525961876,13.499829769134521,0.0013019332395255033
ML040519,3246.286695599556,2521.6501742601395,0.7767798751965794
ML040502,12288.254304647446,539.1348911523819,0.04387400177326082
ML040626,148309.4855439663,144211.89130663872,0.9723713272802579
ML040625,23694.305828809738,4576.97417640686,0.1931676838087297
ML040618,9638.264273643494,3313.2260991334915,0.34375754856543406
ML040628,3688.656402826309,0.0,0.0
ML040619,16996.10387814045,8.04073691368103,4.7309294949783343E-4
ML040614,47991.7661639452,8186.73349070549,0.17058620978312614
ML040623,16575.028464078903,0.0,0.0
ML040629,24864.517812252045,1257.8174135684967,0.05058684117930912
ML040615,16961.050052642822,1687.468236207962,0.09949078806857395
ML040622,6665.114580273628,0.0,0.0
ML040610,12095.66827249527,5019.678072690964,0.414997994290681
ML040606,21929.74435734749,650.3039996623993,0.029653970838219877
ML040621,23709.663506507874,7571.822340488434,0.3193559595820542
ML040620,136183.56830835342,73450.45126008987,0.5393488522328906
ML040616,50572.99555623531,36692.47637796402,0.7255349613839531
ML040611,18166.739005327225,4948.328585624695,0.27238397514125373
ML040609,34975.24943995476,18653.055480241776,0.5333215853761157
ML040608,10987.658117294312,0.0,0.0
ML040607,51297.79319822788,542.7491409778595,0.010580360423703552
ML040630,12468.202659368515,0.0,0.0
ML040627,23435.204750537872,0.0,0.0
ML040624,31478.27917599678,15382.108153104782,0.4886578477528131
ML040617,8405.210309028625,3722.3124289512634,0.44285773848548043
ML040613,16938.86529839039,6141.001808047295,0.36253914886676863
ML040603,13589.834524393082,0.0,0.0
ML040602,9989.394102692604,0.0,0.0
ML040601,11574.196532726288,0.0,0.0
ML040612,27378.44319653511,0.0,0.0
ML040604,39211.6644346714,7935.784251093864,0.20238325420527045
ML040605,18342.649102807045,0.0,0.0
ML040706,28231.374287366867,0.0,0.0
ML040709,17791.250951766968,0.0,0.0
ML040711,28690.777590990067,3702.6653225421906,0.1290541990644743
ML040701,19595.24459719658,6834.3493094444275,0.34877591221403753
ML040703,25574.200957775116,3893.609087705612,0.15224753626258927
ML040704,19463.967054128647,2355.390485048294,0.12101286847116167
ML040708,9456.730804920197,3927.289324760437,0.4152903794953248
ML040707,24498.90044617653,5488.142439842224,0.22401586764677606
ML040705,14128.422139167786,343.8085250854492,0.024334530897991754
ML040712,16329.335513830185,70.68567180633545,0.004328753717288005
ML040702,18036.407998800278,0.0,0.0
ML040710,37441.27332687378,9789.822904109955,0.26147142001934076
ML050111,12680.202303886414,6093.679541349411,0.4805664290925178
ML050110,30403.712877869606,3590.2360758781433,0.11808544865227368
ML050106,5214.880198717117,3933.8156464099884,0.7543443945994625
ML050118,17197.20939183235,321.48119258880615,0.018693799980216006
ML050114,4728.2382917404175,2768.4226157665253,0.5855082686087499
ML050112,15496.558813095093,3173.115518093109,0.2047625899636327
ML050109,2859.4079924225807,0.0,0.0
ML050101,12256.113093733788,12256.113093733788,1.0
ML050120,27446.58505821228,25552.137281179428,0.9309769221557123
ML050119,8079.065674901009,0.0,0.0
ML050117,33819.6358025074,27914.663343906403,0.8253981062042306
ML050116,43042.85170650482,29792.67187857628,0.6921630583801185
ML050115,25262.77818417549,18242.852150201797,0.7221237512835802
ML050108,19935.220450639725,12135.786579847336,0.6087610924542295
ML050102,19421.432412862778,17457.68047642708,0.898887378917782
ML050121,32090.70123744011,9266.972735881805,0.2887743919123232
ML050113,6165.665949821472,2852.3011770248413,0.462610397682578
ML050107,25228.28204357624,19065.178300738335,0.7557065624923442
ML050104,11312.323508024216,8352.064331531525,0.7383155481371375
ML050103,6662.187879323959,6319.549560785294,0.9485697004129768
ML050105,14389.652031421661,1643.3489122390747,0.11420351990795959
ML050206,14331.24215400219,12604.830677986145,0.8795351123465651
ML050209,25041.39960026741,9215.892057657242,0.36802623674272694
ML050204,19895.241803646088,16450.84742331505,0.8268734597787193
ML050207,17794.568259477615,10529.56993985176,0.5917294416088784
ML050208,26039.252795934677,20118.198870420456,0.7726104519236192
ML050210,47351.96738290787,38478.41375565529,0.8126043305551108
ML050212,24356.234452724457,22724.96158337593,0.9330244224527058
ML050202,49623.18516302109,25295.730261325836,0.5097562798160742
ML050203,27348.494808912277,19983.837343931198,0.7307106838442495
ML050211,13496.203993320465,1417.488088607788,0.10502865022708094
ML050201,34599.87376213074,26377.078132867813,0.7623460800523872
ML050205,14158.742048978806,9882.07692861557,0.6979487933624945
ML050303,70803.47466897964,48602.706511974335,0.6864452166959556
ML050308,55750.06852865219,14149.238222360611,0.25379768304838496
ML050306,30623.34136033058,21576.546627283096,0.7045784577653343
ML050312,11490.34485077858,4731.88824057579,0.41181429295876704
ML050311,12006.047816038132,6399.18461561203,0.5329967624369909
ML050307,13849.609050035477,10371.73129415512,0.7488826043164412
ML050302,2156.8717272877693,1731.2599839568138,0.8026717407686755
ML050310,12347.64520907402,8877.656914949417,0.7189757046489655
ML050301,13362.761962890625,34.01729869842529,0.0025456787146919055
ML050309,5098.33273601532,14.848037362098694,0.002912331958487159
ML050305,17781.0078060627,17054.752755880356,0.9591555744138015
ML050304,39291.37990307808,32053.578254938126,0.81579161470038
ML050410,7177.046781539917,4183.461978435516,0.5828946230635976
ML050408,43670.715975522995,20371.12059569359,0.46647095520740717
ML050404,10990.398448228836,9744.324003696442,0.8866215405745179
ML050403,8102.312913894653,6398.941174507141,0.7897672235706423
ML050402,34249.333498477936,12511.413291692734,0.3653038472193554
ML050414,5808.964041590691,5565.416924357414,0.9580739155054944
ML050412,14875.931785106659,5793.209556818008,0.3894350713961997
ML050406,38180.432852745056,37872.10412859917,0.9919244308901616
ML050415,10048.612363815308,159.30422949790955,0.015853356038646526
ML050413,78826.4743385315,38810.154032468796,0.49234923111990364
ML050411,5614.436313152313,2802.417814731598,0.4991450002143023
ML050409,34912.29974460602,19600.36721277237,0.5614172471064627
ML050407,9968.27250635624,3775.9139145612717,0.37879320736402133
ML050405,43059.845326304436,7544.753369212151,0.17521552416267516
ML050401,9031.95620828867,3940.7893052101135,0.43631625467732366
ML050508,23543.740854263306,7683.850371837616,0.3263648890548429
ML050507,26262.48878312111,15475.075684547424,0.589246351034836
ML050515,24904.88343191147,8620.378548622131,0.34613205768217126
ML050513,32953.392030477524,32744.667732715607,0.9936660754811257
ML050512,83903.61583256721,57197.438566207886,0.6817040958085465
ML050511,20599.580528736115,9565.660893201828,0.46436192619834515
ML050510,20038.435133576393,16987.748975992203,0.847758263694331
ML050509,23543.932244300842,22856.728986263275,0.9708118741208187
ML050506,36961.16172361374,21425.998247742653,0.5796895240458315
ML050505,43037.358566999435,26767.25501847267,0.621953946750754
ML050504,13796.077274799347,11234.391189575195,0.8143177923551165
ML050503,22337.110320806503,15363.877480268478,0.6878184894828308
ML050516,17430.661296606064,9750.834714531898,0.5594070442083853
ML050514,13112.31292951107,8418.560125946999,0.6420347173838314
ML050502,14049.222113132477,11046.795587301254,0.7862923298063093
ML050501,15164.430222034454,15164.430222034454,1.0
ML050609,158004.54200971127,158004.54200971127,1.0
ML050612,6516.0111627578735,0.0,0.0
ML050608,16715.258334875107,9244.19568324089,0.5530393547046524
ML050605,44215.42314565182,26398.895629525185,0.5970517469111064
ML050604,16896.840811610222,10288.213335871696,0.6088838411025581
ML050603,40317.53308773041,14752.501887321472,0.3659078509396948
ML050602,7840.344762086868,4748.062883377075,0.605593634904555
ML050601,1876.3920012712479,1586.5212780237198,0.8455169692414262
ML050611,12312.287236213684,8057.681288719177,0.6544422765755019
ML050615,22225.923398017883,7466.308396100998,0.3359279280503075
ML050606,40070.38048839569,10638.95696234703,0.26550676166970893
ML050610,3089.949566602707,1728.243983745575,0.5593113889058454
ML050607,7498.171039819717,5936.431836366653,0.7917173141077596
ML050614,49684.10503792763,39281.16623747349,0.7906183719619626
ML050613,27569.37963795662,19973.397656440735,0.7244775877706735
ML050708,14458.49238038063,14458.49238038063,1.0
ML050710,30627.743138551712,8695.93457198143,0.28392345242819067
ML050701,15022.689413547516,13299.999868869781,0.8853274871592428
ML050709,16124.030454874039,7625.774519443512,0.4729446859323167
ML050707,12736.79019165039,8494.922661066055,0.6669594562871033
ML050703,21956.62772345543,12180.387526988983,0.5547476452395802
ML050702,19416.819714069366,6576.43021273613,0.33869759876128785
ML050706,8669.32470536232,7174.727454662323,0.8275993457973111
ML050705,9025.05232167244,3622.728828430176,0.4014080693727042
ML050704,36583.900752305984,8383.655508041382,0.22916242761545697
ML050806,24274.948380231857,7113.670998215675,0.29304577240661184
ML050805,17919.580675125122,3946.0936222076416,0.22021127021601405
ML050801,10274.527346611023,7312.144672632217,0.7116769877539987
ML050802,28757.557012081146,5407.617696762085,0.18804162309372546
ML050807,27454.716431975365,18262.033538222313,0.6651692645768246
ML050804,10195.712899327278,4002.528648853302,0.39256976813434913
ML050803,8493.40942710638,2046.4938066005707,0.24095080122586185
ML060105,26914.75644981861,25613.506596326828,0.9516529211060146
ML060104,20086.311371803284,2734.6952741146088,0.13614721107796393
ML060107,16774.487815499306,0.0,0.0
ML060108,4813.691614985466,0.0,0.0
ML060109,3486.013102889061,0.0,0.0
ML060110,20013.462106108665,0.0,0.0
ML060101,3087.697893381119,0.0,0.0
ML060103,11130.851678729057,0.0,0.0
ML060106,6023.452160954475,3287.6214677095413,0.5458035325690351
ML060113,3244.13424885273,0.0,0.0
ML060112,7418.000719308853,3225.057240962982,0.43476097711452716
ML060102,5683.14034819603,8.777001857757568,0.0015443929447464036
ML060111,9146.861601948738,6454.256528258324,0.7056252525875373
ML060204,22554.16230046749,8900.109483480453,0.3946105097991592
ML060211,2689.693740606308,2185.025409221649,0.8123695929519109
ML060209,3169.935891389847,497.6192065477371,0.15698084238844268
ML060213,5573.980776548386,2478.9092576503754,0.4447287059331065
ML060214,24794.969674110413,4411.354038715363,0.17791326614613542
ML060203,9765.311165571213,8075.470283269882,0.8269547325579272
ML060206,12297.410546064377,4229.698102235794,0.3439503045289037
ML060210,2308.3961896896362,0.0,0.0
ML060212,4794.687657594681,355.0111573934555,0.07404260355335672
ML060201,409.3372156918049,8.150105893611908,0.01991049330766989
ML060205,2757.1665226221085,309.97159600257874,0.11242396622014361
ML060215,4004.029314696789,1096.2245516777039,0.2737803511213097
ML060208,15277.739842891693,14977.499228835106,0.9803478382834041
ML060216,65314.699593782425,41237.44197678566,0.6313654082964077
ML060202,4675.172183334827,11.542211055755615,0.002468831222280778
ML060207,9844.131826221943,1453.6852019429207,0.1476702290872132
ML060301,24565.231048583984,4796.951675415039,0.19527403043463537
ML060309,11014.065999746323,10195.35382604599,0.9256666726239711
ML060302,14242.117655277252,9495.864428520203,0.6667452592628751
ML060308,39658.44498753548,26604.89563846588,0.6708507014540716
ML060303,53314.04117965698,19490.868151664734,0.36558602050039035
ML060304,20626.15363907814,8470.060128688812,0.41064661288285503
ML060306,2664.3652225881815,354.5269808024168,0.13306245622663812
ML060307,8563.161600410938,901.2920168042183,0.10525224897787357
ML060305,7313.168052703142,826.3640883564949,0.11299673170385421
ML060402,13044.117684483528,5565.575153231621,0.4266731785049811
ML060404,16343.384848833084,595.02612221241,0.03640776544859339
ML060405,24097.68810081482,18017.861054182053,0.7477008158958125
ML060406,32988.510573387146,6130.746838092804,0.18584491180510185
ML060403,37499.284539699554,15708.297686934471,0.4188959304091386
ML060407,50105.26263380051,20167.973151683807,0.402512073413995
ML060408,27289.20822286606,11976.924078702927,0.4388886618068777
ML060401,24157.56589269638,1819.3078244924545,0.07531006362865766
ML060503,14050.580625295639,3882.0165189504623,0.2762886903023469
ML060502,39813.89663314819,25109.113884449005,0.6306620554076512
ML060501,20502.168051719666,15104.628170251846,0.7367332143677806
ML060505,55148.99772888422,2919.511703491211,0.05293861763079912
ML060506,87525.15586137772,87525.15586137772,1.0
ML060504,6968.003209352493,1366.9044947624207,0.1961687521796422
ML070101,37913.81413078308,33883.46884274483,0.8936971818731916
ML070105,19366.122384548187,7646.764056444168,0.39485261450920894
ML070106,28345.87276136875,9254.405766129494,0.3264815955408466
ML070103,23718.319742918015,15764.735904932022,0.6646649541706752
ML070107,24919.172382116318,9237.248889923096,0.37068843010823144
ML070102,20711.91198539734,13250.060235261917,0.6397313895792768
ML070104,38769.451015114784,24480.501339316368,0.6314379156354915
ML070205,26380.61511325836,8372.787914276123,0.31738410489405644
ML070202,30280.50301361084,17782.654121637344,0.5872641585129609
ML070204,42672.82710266113,5706.715167045593,0.1337318278284336
ML070201,33583.15428733826,11184.815629005432,0.3330483948383135
ML070203,22648.551792621613,4962.067720413208,0.21908984582536256
ML070305,43026.09424710274,9882.652660369873,0.22968974603209177
ML070302,30466.02101790905,22295.080008268356,0.7318015042122661
ML070301,34128.33408713341,6990.792749881744,0.2048383824429718
ML070303,124364.80915784836,124364.80915784836,1.0
ML070306,66251.78143167496,16092.632136583328,0.2429011233936337
ML070307,50465.56928086281,811.8313307762146,0.0160868358832538
ML070304,32862.509724617004,30732.92316031456,0.9351970807419133
ML080101,4895.339224815369,64.25538325309753,0.013125828528363317
ML080103,4493.464071273804,2413.3678703308105,0.537084047418826
ML080102,3824.0898151397705,1347.0377297401428,0.35225054715167786
ML080201,5298.066031932831,1006.9613966941833,0.19006206993740044
ML080203,52670.58134198189,28527.78983449936,0.5416266368748213
ML080202,4880.693513631821,481.4580626487732,0.09864542022646096
ML080302,5348.558407306671,3286.3868486881256,0.6144434814806526
ML080301,10451.479979157448,2844.84499168396,0.272195420874097
ML080303,3730.983560562134,0.0,0.0
ML080401,21929.31824207306,806.1295509338379,0.036760356251623785
ML090104,434323.5790579319,196452.16528642178,0.4523175226003978
ML090103,138542.05313682556,135313.6108583212,0.9766970229947731
ML090102,173743.4960155487,173722.0811305046,0.9998767442492226
ML090106,869342.6688828468,354633.42978167534,0.4079328468225295
ML090101,504084.76096844673,372780.33168566227,0.7395191454894954
ML090105,794503.7760281563,113508.10466051102,0.14286666481052498
ML100101,30321.73948085308,19676.42872262001,0.6489215018500128
ML100201,26033.10796070099,9688.25877904892,0.3721514462919335
ML100301,9870.434612512589,421.7372945547104,0.04272732773287216
ML100401,9365.80870938301,1851.0243620872498,0.1976363621683652
