ADM3_PCODE,events,events_VAC,events_Battles,events_Riots,events_Protests,events_ERV,events_SD,conflict_diffusion_indicator,cdi_VAC,cdi_Battles,cdi_Riots,cdi_Protests,cdi_ERV,cdi_SD
BF130001,0.0,0.0,0.0,0.0,0.0,0.0,0.0,0.0,0.0,0.0,0.0,0.0,0.0,0.0
BF130002,3.0,0.0,0.0,0.0,3.0,0.0,0.0,0.5,0.0,0.0,0.0,0.5,0.0,0.0
BF130003,1.0,0.0,0.0,0.0,1.0,0.0,0.0,0.125,0.0,0.0,0.0,0.125,0.0,0.0
BF130004,98.0,6.0,2.0,10.0,73.0,1.0,6.0,0.5,0.5,0.25,0.5,0.25,0.25,0.25
BF130005,0.0,0.0,0.0,0.0,0.0,0.0,0.0,0.0,0.0,0.0,0.0,0.0,0.0,0.0
BF130006,1.0,0.0,0.0,1.0,0.0,0.0,0.0,0.2,0.0,0.0,0.2,0.0,0.0,0.0
BF130007,3.0,2.0,0.0,1.0,0.0,0.0,0.0,0.25,0.25,0.0,0.25,0.0,0.0,0.0
BF460101,0.0,0.0,0.0,0.0,0.0,0.0,0.0,0.0,0.0,0.0,0.0,0.0,0.0,0.0
BF460102,0.0,0.0,0.0,0.0,0.0,0.0,0.0,0.0,0.0,0.0,0.0,0.0,0.0,0.0
BF460103,2.0,1.0,1.0,0.0,0.0,0.0,0.0,0.1111111111111111,0.1111111111111111,0.1111111111111111,0.0,0.0,0.0,0.0
BF460104,0.0,0.0,0.0,0.0,0.0,0.0,0.0,0.0,0.0,0.0,0.0,0.0,0.0,0.0
BF460105,0.0,0.0,0.0,0.0,0.0,0.0,0.0,0.0,0.0,0.0,0.0,0.0,0.0,0.0
BF460106,0.0,0.0,0.0,0.0,0.0,0.0,0.0,0.0,0.0,0.0,0.0,0.0,0.0,0.0
BF460107,0.0,0.0,0.0,0.0,0.0,0.0,0.0,0.0,0.0,0.0,0.0,0.0,0.0,0.0
BF460108,0.0,0.0,0.0,0.0,0.0,0.0,0.0,0.0,0.0,0.0,0.0,0.0,0.0,0.0
BF460109,0.0,0.0,0.0,0.0,0.0,0.0,0.0,0.0,0.0,0.0,0.0,0.0,0.0,0.0
BF460110,0.0,0.0,0.0,0.0,0.0,0.0,0.0,0.0,0.0,0.0,0.0,0.0,0.0,0.0
BF460201,0.0,0.0,0.0,0.0,0.0,0.0,0.0,0.0,0.0,0.0,0.0,0.0,0.0,0.0
BF460202,1.0,0.0,0.0,0.0,1.0,0.0,0.0,0.125,0.0,0.0,0.0,0.125,0.0,0.0
BF460203,1.0,0.0,1.0,0.0,0.0,0.0,0.0,0.14285714285714285,0.0,0.14285714285714285,0.0,0.0,0.0,0.0
BF460204,4.0,2.0,1.0,0.0,0.0,0.0,1.0,0.5,0.25,0.125,0.0,0.0,0.0,0.125
BF460205,3.0,1.0,0.0,1.0,1.0,0.0,0.0,0.09523809523809523,0.047619047619047616,0.0,0.047619047619047616,0.047619047619047616,0.0,0.0
BF460206,0.0,0.0,0.0,0.0,0.0,0.0,0.0,0.0,0.0,0.0,0.0,0.0,0.0,0.0
BF460301,18.0,9.0,7.0,0.0,0.0,1.0,1.0,0.5,0.3,0.25,0.0,0.0,0.05,0.05
BF460302,2.0,2.0,0.0,0.0,0.0,0.0,0.0,0.4,0.4,0.0,0.0,0.0,0.0,0.0
BF460303,4.0,1.0,2.0,0.0,0.0,0.0,1.0,0.375,0.125,0.25,0.0,0.0,0.0,0.125
BF460304,2.0,2.0,0.0,0.0,0.0,0.0,0.0,0.25,0.25,0.0,0.0,0.0,0.0,0.0
BF460305,0.0,0.0,0.0,0.0,0.0,0.0,0.0,0.0,0.0,0.0,0.0,0.0,0.0,0.0
BF460306,0.0,0.0,0.0,0.0,0.0,0.0,0.0,0.0,0.0,0.0,0.0,0.0,0.0,0.0
BF460307,5.0,2.0,2.0,0.0,0.0,0.0,1.0,0.6666666666666666,0.6666666666666666,0.3333333333333333,0.0,0.0,0.0,0.3333333333333333
BF460308,0.0,0.0,0.0,0.0,0.0,0.0,0.0,0.0,0.0,0.0,0.0,0.0,0.0,0.0
BF460309,3.0,1.0,1.0,0.0,1.0,0.0,0.0,0.06666666666666667,0.06666666666666667,0.06666666666666667,0.0,0.06666666666666667,0.0,0.0
BF460311,2.0,1.0,1.0,0.0,0.0,0.0,0.0,0.3333333333333333,0.3333333333333333,0.3333333333333333,0.0,0.0,0.0,0.0
BF460401,0.0,0.0,0.0,0.0,0.0,0.0,0.0,0.0,0.0,0.0,0.0,0.0,0.0,0.0
BF460402,5.0,2.0,1.0,0.0,2.0,0.0,0.0,0.2,0.13333333333333333,0.06666666666666667,0.0,0.13333333333333333,0.0,0.0
BF460403,0.0,0.0,0.0,0.0,0.0,0.0,0.0,0.0,0.0,0.0,0.0,0.0,0.0,0.0
BF460404,0.0,0.0,0.0,0.0,0.0,0.0,0.0,0.0,0.0,0.0,0.0,0.0,0.0,0.0
BF460405,0.0,0.0,0.0,0.0,0.0,0.0,0.0,0.0,0.0,0.0,0.0,0.0,0.0,0.0
BF460406,0.0,0.0,0.0,0.0,0.0,0.0,0.0,0.0,0.0,0.0,0.0,0.0,0.0,0.0
BF460407,1.0,0.0,0.0,1.0,0.0,0.0,0.0,0.07142857142857142,0.0,0.0,0.07142857142857142,0.0,0.0,0.0
BF460501,1.0,1.0,0.0,0.0,0.0,0.0,0.0,0.07692307692307693,0.07692307692307693,0.0,0.0,0.0,0.0,0.0
BF460502,1.0,1.0,0.0,0.0,0.0,0.0,0.0,0.2,0.2,0.0,0.0,0.0,0.0,0.0
BF460503,0.0,0.0,0.0,0.0,0.0,0.0,0.0,0.0,0.0,0.0,0.0,0.0,0.0,0.0
BF460504,0.0,0.0,0.0,0.0,0.0,0.0,0.0,0.0,0.0,0.0,0.0,0.0,0.0,0.0
BF460505,0.0,0.0,0.0,0.0,0.0,0.0,0.0,0.0,0.0,0.0,0.0,0.0,0.0,0.0
BF460506,0.0,0.0,0.0,0.0,0.0,0.0,0.0,0.0,0.0,0.0,0.0,0.0,0.0,0.0
BF460601,1.0,1.0,0.0,0.0,0.0,0.0,0.0,0.3333333333333333,0.3333333333333333,0.0,0.0,0.0,0.0,0.0
BF460602,8.0,3.0,2.0,0.0,1.0,1.0,1.0,0.5,0.5,0.16666666666666666,0.0,0.16666666666666666,0.16666666666666666,0.16666666666666666
BF460603,3.0,0.0,1.0,0.0,0.0,0.0,2.0,0.5,0.0,0.16666666666666666,0.0,0.0,0.0,0.3333333333333333
BF460604,0.0,0.0,0.0,0.0,0.0,0.0,0.0,0.0,0.0,0.0,0.0,0.0,0.0,0.0
BF460605,2.0,0.0,1.0,0.0,0.0,0.0,1.0,0.3333333333333333,0.0,0.3333333333333333,0.0,0.0,0.0,0.3333333333333333
BF460606,1.0,1.0,0.0,0.0,0.0,0.0,0.0,0.3333333333333333,0.3333333333333333,0.0,0.0,0.0,0.0,0.0
BF460607,17.0,1.0,7.0,0.0,0.0,5.0,4.0,0.3333333333333333,0.08333333333333333,0.25,0.0,0.0,0.16666666666666666,0.16666666666666666
BF460608,6.0,3.0,0.0,1.0,0.0,1.0,1.0,0.1111111111111111,0.1111111111111111,0.0,0.05555555555555555,0.0,0.05555555555555555,0.05555555555555555
BF470101,13.0,2.0,5.0,4.0,1.0,0.0,1.0,0.3,0.2,0.2,0.1,0.1,0.0,0.1
BF470102,0.0,0.0,0.0,0.0,0.0,0.0,0.0,0.0,0.0,0.0,0.0,0.0,0.0,0.0
BF470103,3.0,0.0,3.0,0.0,0.0,0.0,0.0,0.08695652173913043,0.0,0.08695652173913043,0.0,0.0,0.0,0.0
BF470104,0.0,0.0,0.0,0.0,0.0,0.0,0.0,0.0,0.0,0.0,0.0,0.0,0.0,0.0
BF470105,8.0,0.0,5.0,0.0,0.0,2.0,1.0,0.11538461538461539,0.0,0.038461538461538464,0.0,0.0,0.07692307692307693,0.038461538461538464
BF470106,5.0,2.0,2.0,0.0,0.0,1.0,0.0,0.12,0.08,0.04,0.0,0.0,0.04,0.0
BF470107,7.0,1.0,6.0,0.0,0.0,0.0,0.0,0.1,0.025,0.075,0.0,0.0,0.0,0.0
BF470108,1.0,0.0,1.0,0.0,0.0,0.0,0.0,0.09090909090909091,0.0,0.09090909090909091,0.0,0.0,0.0,0.0
BF470109,0.0,0.0,0.0,0.0,0.0,0.0,0.0,0.0,0.0,0.0,0.0,0.0,0.0,0.0
BF470201,0.0,0.0,0.0,0.0,0.0,0.0,0.0,0.0,0.0,0.0,0.0,0.0,0.0,0.0
BF470202,0.0,0.0,0.0,0.0,0.0,0.0,0.0,0.0,0.0,0.0,0.0,0.0,0.0,0.0
BF470203,0.0,0.0,0.0,0.0,0.0,0.0,0.0,0.0,0.0,0.0,0.0,0.0,0.0,0.0
BF470204,0.0,0.0,0.0,0.0,0.0,0.0,0.0,0.0,0.0,0.0,0.0,0.0,0.0,0.0
BF470205,0.0,0.0,0.0,0.0,0.0,0.0,0.0,0.0,0.0,0.0,0.0,0.0,0.0,0.0
BF470206,0.0,0.0,0.0,0.0,0.0,0.0,0.0,0.0,0.0,0.0,0.0,0.0,0.0,0.0
BF470207,0.0,0.0,0.0,0.0,0.0,0.0,0.0,0.0,0.0,0.0,0.0,0.0,0.0,0.0
BF470208,0.0,0.0,0.0,0.0,0.0,0.0,0.0,0.0,0.0,0.0,0.0,0.0,0.0,0.0
BF480101,0.0,0.0,0.0,0.0,0.0,0.0,0.0,0.0,0.0,0.0,0.0,0.0,0.0,0.0
BF480102,0.0,0.0,0.0,0.0,0.0,0.0,0.0,0.0,0.0,0.0,0.0,0.0,0.0,0.0
BF480103,1.0,0.0,0.0,0.0,1.0,0.0,0.0,1.0,0.0,0.0,0.0,1.0,0.0,0.0
BF480104,0.0,0.0,0.0,0.0,0.0,0.0,0.0,0.0,0.0,0.0,0.0,0.0,0.0,0.0
BF480105,2.0,1.0,1.0,0.0,0.0,0.0,0.0,0.07692307692307693,0.07692307692307693,0.07692307692307693,0.0,0.0,0.0,0.0
BF480106,0.0,0.0,0.0,0.0,0.0,0.0,0.0,0.0,0.0,0.0,0.0,0.0,0.0,0.0
BF480107,3.0,1.0,0.0,0.0,2.0,0.0,0.0,0.16666666666666666,0.16666666666666666,0.0,0.0,0.16666666666666666,0.0,0.0
BF480108,0.0,0.0,0.0,0.0,0.0,0.0,0.0,0.0,0.0,0.0,0.0,0.0,0.0,0.0
BF480109,0.0,0.0,0.0,0.0,0.0,0.0,0.0,0.0,0.0,0.0,0.0,0.0,0.0,0.0
BF480110,2.0,0.0,0.0,0.0,0.0,0.0,2.0,0.15384615384615385,0.0,0.0,0.0,0.0,0.0,0.15384615384615385
BF480111,3.0,2.0,0.0,0.0,0.0,1.0,0.0,0.25,0.125,0.0,0.0,0.0,0.125,0.0
BF480112,2.0,1.0,1.0,0.0,0.0,0.0,0.0,0.3333333333333333,0.3333333333333333,0.3333333333333333,0.0,0.0,0.0,0.0
BF480113,2.0,0.0,1.0,0.0,0.0,0.0,1.0,0.6666666666666666,0.0,0.3333333333333333,0.0,0.0,0.0,0.3333333333333333
BF480202,0.0,0.0,0.0,0.0,0.0,0.0,0.0,0.0,0.0,0.0,0.0,0.0,0.0,0.0
BF480201,3.0,2.0,0.0,0.0,1.0,0.0,0.0,0.25,0.25,0.0,0.0,0.125,0.0,0.0
BF480203,0.0,0.0,0.0,0.0,0.0,0.0,0.0,0.0,0.0,0.0,0.0,0.0,0.0,0.0
BF480204,1.0,0.0,0.0,0.0,1.0,0.0,0.0,0.2,0.0,0.0,0.0,0.2,0.0,0.0
BF480205,1.0,0.0,1.0,0.0,0.0,0.0,0.0,0.25,0.0,0.25,0.0,0.0,0.0,0.0
BF480206,6.0,5.0,1.0,0.0,0.0,0.0,0.0,0.2777777777777778,0.2222222222222222,0.05555555555555555,0.0,0.0,0.0,0.0
BF480207,0.0,0.0,0.0,0.0,0.0,0.0,0.0,0.0,0.0,0.0,0.0,0.0,0.0,0.0
BF480208,0.0,0.0,0.0,0.0,0.0,0.0,0.0,0.0,0.0,0.0,0.0,0.0,0.0,0.0
BF480301,3.0,0.0,3.0,0.0,0.0,0.0,0.0,0.14285714285714285,0.0,0.14285714285714285,0.0,0.0,0.0,0.0
BF480302,0.0,0.0,0.0,0.0,0.0,0.0,0.0,0.0,0.0,0.0,0.0,0.0,0.0,0.0
BF480303,0.0,0.0,0.0,0.0,0.0,0.0,0.0,0.0,0.0,0.0,0.0,0.0,0.0,0.0
BF480304,0.0,0.0,0.0,0.0,0.0,0.0,0.0,0.0,0.0,0.0,0.0,0.0,0.0,0.0
BF480305,0.0,0.0,0.0,0.0,0.0,0.0,0.0,0.0,0.0,0.0,0.0,0.0,0.0,0.0
BF480306,0.0,0.0,0.0,0.0,0.0,0.0,0.0,0.0,0.0,0.0,0.0,0.0,0.0,0.0
BF480307,4.0,1.0,0.0,0.0,3.0,0.0,0.0,0.6666666666666666,0.3333333333333333,0.0,0.0,0.6666666666666666,0.0,0.0
BF480308,0.0,0.0,0.0,0.0,0.0,0.0,0.0,0.0,0.0,0.0,0.0,0.0,0.0,0.0
BF480309,0.0,0.0,0.0,0.0,0.0,0.0,0.0,0.0,0.0,0.0,0.0,0.0,0.0,0.0
BF490101,69.0,35.0,22.0,0.0,0.0,4.0,8.0,0.9230769230769231,0.9230769230769231,0.6923076923076923,0.0,0.0,0.15384615384615385,0.3076923076923077
BF490102,0.0,0.0,0.0,0.0,0.0,0.0,0.0,0.0,0.0,0.0,0.0,0.0,0.0,0.0
BF490103,11.0,4.0,1.0,0.0,4.0,0.0,2.0,0.2857142857142857,0.2857142857142857,0.14285714285714285,0.0,0.14285714285714285,0.0,0.14285714285714285
BF490104,7.0,6.0,0.0,0.0,0.0,0.0,1.0,1.0,1.0,0.0,0.0,0.0,0.0,1.0
BF490105,3.0,0.0,3.0,0.0,0.0,0.0,0.0,0.3333333333333333,0.0,0.3333333333333333,0.0,0.0,0.0,0.0
BF490106,0.0,0.0,0.0,0.0,0.0,0.0,0.0,0.0,0.0,0.0,0.0,0.0,0.0,0.0
BF490107,2.0,2.0,0.0,0.0,0.0,0.0,0.0,0.2,0.2,0.0,0.0,0.0,0.0,0.0
BF490108,0.0,0.0,0.0,0.0,0.0,0.0,0.0,0.0,0.0,0.0,0.0,0.0,0.0,0.0
BF490109,9.0,8.0,0.0,0.0,0.0,0.0,1.0,0.75,0.75,0.0,0.0,0.0,0.0,0.25
BF490201,0.0,0.0,0.0,0.0,0.0,0.0,0.0,0.0,0.0,0.0,0.0,0.0,0.0,0.0
BF490202,5.0,1.0,0.0,0.0,4.0,0.0,0.0,0.09090909090909091,0.09090909090909091,0.0,0.0,0.09090909090909091,0.0,0.0
BF490203,21.0,14.0,6.0,0.0,0.0,0.0,1.0,0.5454545454545454,0.45454545454545453,0.36363636363636365,0.0,0.0,0.0,0.09090909090909091
BF490204,0.0,0.0,0.0,0.0,0.0,0.0,0.0,0.0,0.0,0.0,0.0,0.0,0.0,0.0
BF490205,1.0,0.0,0.0,0.0,0.0,0.0,1.0,0.25,0.0,0.0,0.0,0.0,0.0,0.25
BF490206,4.0,2.0,1.0,0.0,0.0,0.0,1.0,0.1111111111111111,0.05555555555555555,0.05555555555555555,0.0,0.0,0.0,0.05555555555555555
BF490207,0.0,0.0,0.0,0.0,0.0,0.0,0.0,0.0,0.0,0.0,0.0,0.0,0.0,0.0
BF490208,0.0,0.0,0.0,0.0,0.0,0.0,0.0,0.0,0.0,0.0,0.0,0.0,0.0,0.0
BF490301,41.0,23.0,10.0,0.0,3.0,4.0,1.0,0.6,0.4,0.3,0.0,0.05,0.1,0.05
BF490302,10.0,4.0,0.0,1.0,3.0,0.0,2.0,0.2,0.2,0.0,0.1,0.1,0.0,0.1
BF490303,19.0,8.0,8.0,0.0,0.0,0.0,3.0,0.8333333333333334,0.5,0.6666666666666666,0.0,0.0,0.0,0.3333333333333333
BF490304,1.0,1.0,0.0,0.0,0.0,0.0,0.0,0.16666666666666666,0.16666666666666666,0.0,0.0,0.0,0.0,0.0
BF490305,0.0,0.0,0.0,0.0,0.0,0.0,0.0,0.0,0.0,0.0,0.0,0.0,0.0,0.0
BF490306,0.0,0.0,0.0,0.0,0.0,0.0,0.0,0.0,0.0,0.0,0.0,0.0,0.0,0.0
BF490307,6.0,3.0,2.0,0.0,0.0,0.0,1.0,0.75,0.5,0.25,0.0,0.0,0.0,0.25
BF490308,10.0,9.0,1.0,0.0,0.0,0.0,0.0,0.5454545454545454,0.45454545454545453,0.09090909090909091,0.0,0.0,0.0,0.0
BF490309,0.0,0.0,0.0,0.0,0.0,0.0,0.0,0.0,0.0,0.0,0.0,0.0,0.0,0.0
BF490310,23.0,11.0,8.0,0.0,0.0,0.0,4.0,0.5,0.375,0.25,0.0,0.0,0.0,0.125
BF490311,0.0,0.0,0.0,0.0,0.0,0.0,0.0,0.0,0.0,0.0,0.0,0.0,0.0,0.0
BF500101,0.0,0.0,0.0,0.0,0.0,0.0,0.0,0.0,0.0,0.0,0.0,0.0,0.0,0.0
BF500102,0.0,0.0,0.0,0.0,0.0,0.0,0.0,0.0,0.0,0.0,0.0,0.0,0.0,0.0
BF500103,0.0,0.0,0.0,0.0,0.0,0.0,0.0,0.0,0.0,0.0,0.0,0.0,0.0,0.0
BF500104,0.0,0.0,0.0,0.0,0.0,0.0,0.0,0.0,0.0,0.0,0.0,0.0,0.0,0.0
BF500105,7.0,0.0,0.0,0.0,7.0,0.0,0.0,0.16666666666666666,0.0,0.0,0.0,0.16666666666666666,0.0,0.0
BF500107,0.0,0.0,0.0,0.0,0.0,0.0,0.0,0.0,0.0,0.0,0.0,0.0,0.0,0.0
BF500106,0.0,0.0,0.0,0.0,0.0,0.0,0.0,0.0,0.0,0.0,0.0,0.0,0.0,0.0
BF500108,0.0,0.0,0.0,0.0,0.0,0.0,0.0,0.0,0.0,0.0,0.0,0.0,0.0,0.0
BF500109,0.0,0.0,0.0,0.0,0.0,0.0,0.0,0.0,0.0,0.0,0.0,0.0,0.0,0.0
BF500110,0.0,0.0,0.0,0.0,0.0,0.0,0.0,0.0,0.0,0.0,0.0,0.0,0.0,0.0
BF500111,0.0,0.0,0.0,0.0,0.0,0.0,0.0,0.0,0.0,0.0,0.0,0.0,0.0,0.0
BF500112,0.0,0.0,0.0,0.0,0.0,0.0,0.0,0.0,0.0,0.0,0.0,0.0,0.0,0.0
BF500113,0.0,0.0,0.0,0.0,0.0,0.0,0.0,0.0,0.0,0.0,0.0,0.0,0.0,0.0
BF500114,0.0,0.0,0.0,0.0,0.0,0.0,0.0,0.0,0.0,0.0,0.0,0.0,0.0,0.0
BF500115,0.0,0.0,0.0,0.0,0.0,0.0,0.0,0.0,0.0,0.0,0.0,0.0,0.0,0.0
BF500201,0.0,0.0,0.0,0.0,0.0,0.0,0.0,0.0,0.0,0.0,0.0,0.0,0.0,0.0
BF500202,0.0,0.0,0.0,0.0,0.0,0.0,0.0,0.0,0.0,0.0,0.0,0.0,0.0,0.0
BF500203,0.0,0.0,0.0,0.0,0.0,0.0,0.0,0.0,0.0,0.0,0.0,0.0,0.0,0.0
BF500204,0.0,0.0,0.0,0.0,0.0,0.0,0.0,0.0,0.0,0.0,0.0,0.0,0.0,0.0
BF500205,0.0,0.0,0.0,0.0,0.0,0.0,0.0,0.0,0.0,0.0,0.0,0.0,0.0,0.0
BF500206,0.0,0.0,0.0,0.0,0.0,0.0,0.0,0.0,0.0,0.0,0.0,0.0,0.0,0.0
BF500207,0.0,0.0,0.0,0.0,0.0,0.0,0.0,0.0,0.0,0.0,0.0,0.0,0.0,0.0
BF500208,0.0,0.0,0.0,0.0,0.0,0.0,0.0,0.0,0.0,0.0,0.0,0.0,0.0,0.0
BF500209,0.0,0.0,0.0,0.0,0.0,0.0,0.0,0.0,0.0,0.0,0.0,0.0,0.0,0.0
BF500210,0.0,0.0,0.0,0.0,0.0,0.0,0.0,0.0,0.0,0.0,0.0,0.0,0.0,0.0
BF500301,2.0,0.0,0.0,0.0,1.0,0.0,1.0,0.11764705882352941,0.0,0.0,0.0,0.058823529411764705,0.0,0.058823529411764705
BF500302,0.0,0.0,0.0,0.0,0.0,0.0,0.0,0.0,0.0,0.0,0.0,0.0,0.0,0.0
BF500303,2.0,1.0,0.0,0.0,1.0,0.0,0.0,0.07692307692307693,0.07692307692307693,0.0,0.0,0.07692307692307693,0.0,0.0
BF500304,0.0,0.0,0.0,0.0,0.0,0.0,0.0,0.0,0.0,0.0,0.0,0.0,0.0,0.0
BF500305,0.0,0.0,0.0,0.0,0.0,0.0,0.0,0.0,0.0,0.0,0.0,0.0,0.0,0.0
BF500306,0.0,0.0,0.0,0.0,0.0,0.0,0.0,0.0,0.0,0.0,0.0,0.0,0.0,0.0
BF500307,0.0,0.0,0.0,0.0,0.0,0.0,0.0,0.0,0.0,0.0,0.0,0.0,0.0,0.0
BF500401,0.0,0.0,0.0,0.0,0.0,0.0,0.0,0.0,0.0,0.0,0.0,0.0,0.0,0.0
BF500402,0.0,0.0,0.0,0.0,0.0,0.0,0.0,0.0,0.0,0.0,0.0,0.0,0.0,0.0
BF500404,0.0,0.0,0.0,0.0,0.0,0.0,0.0,0.0,0.0,0.0,0.0,0.0,0.0,0.0
BF500405,0.0,0.0,0.0,0.0,0.0,0.0,0.0,0.0,0.0,0.0,0.0,0.0,0.0,0.0
BF500403,0.0,0.0,0.0,0.0,0.0,0.0,0.0,0.0,0.0,0.0,0.0,0.0,0.0,0.0
BF500406,3.0,2.0,1.0,0.0,0.0,0.0,0.0,0.10526315789473684,0.05263157894736842,0.05263157894736842,0.0,0.0,0.0,0.0
BF510101,0.0,0.0,0.0,0.0,0.0,0.0,0.0,0.0,0.0,0.0,0.0,0.0,0.0,0.0
BF510102,0.0,0.0,0.0,0.0,0.0,0.0,0.0,0.0,0.0,0.0,0.0,0.0,0.0,0.0
BF510103,0.0,0.0,0.0,0.0,0.0,0.0,0.0,0.0,0.0,0.0,0.0,0.0,0.0,0.0
BF510104,0.0,0.0,0.0,0.0,0.0,0.0,0.0,0.0,0.0,0.0,0.0,0.0,0.0,0.0
BF510105,2.0,0.0,0.0,1.0,1.0,0.0,0.0,0.2,0.0,0.0,0.2,0.2,0.0,0.0
BF510106,0.0,0.0,0.0,0.0,0.0,0.0,0.0,0.0,0.0,0.0,0.0,0.0,0.0,0.0
BF510107,0.0,0.0,0.0,0.0,0.0,0.0,0.0,0.0,0.0,0.0,0.0,0.0,0.0,0.0
BF510201,5.0,1.0,4.0,0.0,0.0,0.0,0.0,0.17647058823529413,0.058823529411764705,0.17647058823529413,0.0,0.0,0.0,0.0
BF510202,2.0,0.0,1.0,0.0,1.0,0.0,0.0,0.05263157894736842,0.0,0.05263157894736842,0.0,0.05263157894736842,0.0,0.0
BF510203,0.0,0.0,0.0,0.0,0.0,0.0,0.0,0.0,0.0,0.0,0.0,0.0,0.0,0.0
BF510204,0.0,0.0,0.0,0.0,0.0,0.0,0.0,0.0,0.0,0.0,0.0,0.0,0.0,0.0
BF510205,0.0,0.0,0.0,0.0,0.0,0.0,0.0,0.0,0.0,0.0,0.0,0.0,0.0,0.0
BF510301,0.0,0.0,0.0,0.0,0.0,0.0,0.0,0.0,0.0,0.0,0.0,0.0,0.0,0.0
BF510302,0.0,0.0,0.0,0.0,0.0,0.0,0.0,0.0,0.0,0.0,0.0,0.0,0.0,0.0
BF510303,0.0,0.0,0.0,0.0,0.0,0.0,0.0,0.0,0.0,0.0,0.0,0.0,0.0,0.0
BF510304,0.0,0.0,0.0,0.0,0.0,0.0,0.0,0.0,0.0,0.0,0.0,0.0,0.0,0.0
BF510305,0.0,0.0,0.0,0.0,0.0,0.0,0.0,0.0,0.0,0.0,0.0,0.0,0.0,0.0
BF510306,0.0,0.0,0.0,0.0,0.0,0.0,0.0,0.0,0.0,0.0,0.0,0.0,0.0,0.0
BF510307,0.0,0.0,0.0,0.0,0.0,0.0,0.0,0.0,0.0,0.0,0.0,0.0,0.0,0.0
BF520101,3.0,0.0,2.0,0.0,0.0,0.0,1.0,0.08,0.0,0.04,0.0,0.0,0.0,0.04
BF520102,4.0,2.0,0.0,0.0,2.0,0.0,0.0,0.07692307692307693,0.07692307692307693,0.0,0.0,0.07692307692307693,0.0,0.0
BF520103,3.0,1.0,1.0,0.0,0.0,0.0,1.0,0.21428571428571427,0.07142857142857142,0.07142857142857142,0.0,0.0,0.0,0.07142857142857142
BF520104,5.0,1.0,3.0,0.0,0.0,0.0,1.0,0.2857142857142857,0.07142857142857142,0.21428571428571427,0.0,0.0,0.0,0.07142857142857142
BF520105,4.0,0.0,3.0,0.0,1.0,0.0,0.0,0.14285714285714285,0.0,0.14285714285714285,0.0,0.07142857142857142,0.0,0.0
BF520106,0.0,0.0,0.0,0.0,0.0,0.0,0.0,0.0,0.0,0.0,0.0,0.0,0.0,0.0
BF520107,0.0,0.0,0.0,0.0,0.0,0.0,0.0,0.0,0.0,0.0,0.0,0.0,0.0,0.0
BF520201,0.0,0.0,0.0,0.0,0.0,0.0,0.0,0.0,0.0,0.0,0.0,0.0,0.0,0.0
BF520202,19.0,2.0,2.0,0.0,10.0,0.0,5.0,0.2,0.2,0.2,0.0,0.2,0.0,0.2
BF520203,54.0,26.0,16.0,0.0,0.0,6.0,6.0,0.2777777777777778,0.25,0.1388888888888889,0.0,0.0,0.1111111111111111,0.1111111111111111
BF520204,43.0,29.0,6.0,0.0,0.0,4.0,4.0,0.2222222222222222,0.15555555555555556,0.08888888888888889,0.0,0.0,0.022222222222222223,0.06666666666666667
BF520205,0.0,0.0,0.0,0.0,0.0,0.0,0.0,0.0,0.0,0.0,0.0,0.0,0.0,0.0
BF520206,2.0,1.0,0.0,0.0,0.0,0.0,1.0,0.18181818181818182,0.09090909090909091,0.0,0.0,0.0,0.0,0.09090909090909091
BF520301,4.0,1.0,1.0,0.0,0.0,0.0,2.0,0.1,0.1,0.1,0.0,0.0,0.0,0.1
BF520302,16.0,8.0,5.0,0.0,0.0,2.0,1.0,0.35294117647058826,0.29411764705882354,0.23529411764705882,0.0,0.0,0.11764705882352941,0.058823529411764705
BF520303,9.0,6.0,1.0,0.0,2.0,0.0,0.0,0.14814814814814814,0.14814814814814814,0.037037037037037035,0.0,0.037037037037037035,0.0,0.0
BF520401,2.0,1.0,0.0,0.0,0.0,0.0,1.0,0.3333333333333333,0.16666666666666666,0.0,0.0,0.0,0.0,0.16666666666666666
BF520402,8.0,3.0,3.0,0.0,0.0,0.0,2.0,0.25,0.16666666666666666,0.25,0.0,0.0,0.0,0.08333333333333333
BF520403,45.0,21.0,13.0,0.0,2.0,2.0,7.0,0.08163265306122448,0.08163265306122448,0.08163265306122448,0.0,0.02040816326530612,0.02040816326530612,0.08163265306122448
BF520501,7.0,0.0,1.0,0.0,0.0,0.0,6.0,0.13043478260869565,0.0,0.043478260869565216,0.0,0.0,0.0,0.13043478260869565
BF520502,16.0,6.0,4.0,0.0,2.0,0.0,4.0,0.26666666666666666,0.1,0.06666666666666667,0.0,0.03333333333333333,0.0,0.13333333333333333
BF520503,18.0,9.0,5.0,0.0,0.0,1.0,3.0,0.17073170731707318,0.12195121951219512,0.0975609756097561,0.0,0.0,0.024390243902439025,0.04878048780487805
BF520504,19.0,6.0,2.0,1.0,0.0,0.0,10.0,0.3181818181818182,0.18181818181818182,0.09090909090909091,0.045454545454545456,0.0,0.0,0.22727272727272727
BF520505,0.0,0.0,0.0,0.0,0.0,0.0,0.0,0.0,0.0,0.0,0.0,0.0,0.0,0.0
BF520506,18.0,10.0,4.0,0.0,0.0,0.0,4.0,0.47058823529411764,0.4117647058823529,0.17647058823529413,0.0,0.0,0.0,0.23529411764705882
BF520507,4.0,3.0,1.0,0.0,0.0,0.0,0.0,0.2,0.2,0.1,0.0,0.0,0.0,0.0
BF520508,12.0,0.0,0.0,0.0,0.0,0.0,12.0,0.7777777777777778,0.0,0.0,0.0,0.0,0.0,0.7777777777777778
BF530101,2.0,0.0,0.0,1.0,1.0,0.0,0.0,0.08333333333333333,0.0,0.0,0.08333333333333333,0.08333333333333333,0.0,0.0
BF530102,30.0,1.0,2.0,5.0,22.0,0.0,0.0,0.15,0.05,0.1,0.1,0.1,0.0,0.0
BF530103,0.0,0.0,0.0,0.0,0.0,0.0,0.0,0.0,0.0,0.0,0.0,0.0,0.0,0.0
BF530104,0.0,0.0,0.0,0.0,0.0,0.0,0.0,0.0,0.0,0.0,0.0,0.0,0.0,0.0
BF530105,0.0,0.0,0.0,0.0,0.0,0.0,0.0,0.0,0.0,0.0,0.0,0.0,0.0,0.0
BF530106,2.0,0.0,0.0,2.0,0.0,0.0,0.0,0.3333333333333333,0.0,0.0,0.3333333333333333,0.0,0.0,0.0
BF530107,0.0,0.0,0.0,0.0,0.0,0.0,0.0,0.0,0.0,0.0,0.0,0.0,0.0,0.0
BF530108,0.0,0.0,0.0,0.0,0.0,0.0,0.0,0.0,0.0,0.0,0.0,0.0,0.0,0.0
BF530109,1.0,0.0,0.0,1.0,0.0,0.0,0.0,0.14285714285714285,0.0,0.0,0.14285714285714285,0.0,0.0,0.0
BF530110,0.0,0.0,0.0,0.0,0.0,0.0,0.0,0.0,0.0,0.0,0.0,0.0,0.0,0.0
BF530111,1.0,0.0,1.0,0.0,0.0,0.0,0.0,0.08333333333333333,0.0,0.08333333333333333,0.0,0.0,0.0,0.0
BF530112,1.0,0.0,1.0,0.0,0.0,0.0,0.0,0.08333333333333333,0.0,0.08333333333333333,0.0,0.0,0.0,0.0
BF530113,0.0,0.0,0.0,0.0,0.0,0.0,0.0,0.0,0.0,0.0,0.0,0.0,0.0,0.0
BF530201,0.0,0.0,0.0,0.0,0.0,0.0,0.0,0.0,0.0,0.0,0.0,0.0,0.0,0.0
BF530202,0.0,0.0,0.0,0.0,0.0,0.0,0.0,0.0,0.0,0.0,0.0,0.0,0.0,0.0
BF530203,0.0,0.0,0.0,0.0,0.0,0.0,0.0,0.0,0.0,0.0,0.0,0.0,0.0,0.0
BF530204,1.0,0.0,0.0,0.0,0.0,0.0,1.0,0.2,0.0,0.0,0.0,0.0,0.0,0.2
BF530205,0.0,0.0,0.0,0.0,0.0,0.0,0.0,0.0,0.0,0.0,0.0,0.0,0.0,0.0
BF530206,1.0,0.0,0.0,0.0,0.0,0.0,1.0,0.14285714285714285,0.0,0.0,0.0,0.0,0.0,0.14285714285714285
BF530207,0.0,0.0,0.0,0.0,0.0,0.0,0.0,0.0,0.0,0.0,0.0,0.0,0.0,0.0
BF530208,0.0,0.0,0.0,0.0,0.0,0.0,0.0,0.0,0.0,0.0,0.0,0.0,0.0,0.0
BF530209,1.0,1.0,0.0,0.0,0.0,0.0,0.0,0.1,0.1,0.0,0.0,0.0,0.0,0.0
BF530210,2.0,0.0,0.0,2.0,0.0,0.0,0.0,0.25,0.0,0.0,0.25,0.0,0.0,0.0
BF530212,0.0,0.0,0.0,0.0,0.0,0.0,0.0,0.0,0.0,0.0,0.0,0.0,0.0,0.0
BF530211,0.0,0.0,0.0,0.0,0.0,0.0,0.0,0.0,0.0,0.0,0.0,0.0,0.0,0.0
BF530213,1.0,1.0,0.0,0.0,0.0,0.0,0.0,0.16666666666666666,0.16666666666666666,0.0,0.0,0.0,0.0,0.0
BF530301,0.0,0.0,0.0,0.0,0.0,0.0,0.0,0.0,0.0,0.0,0.0,0.0,0.0,0.0
BF530302,1.0,0.0,1.0,0.0,0.0,0.0,0.0,0.125,0.0,0.125,0.0,0.0,0.0,0.0
BF530303,0.0,0.0,0.0,0.0,0.0,0.0,0.0,0.0,0.0,0.0,0.0,0.0,0.0,0.0
BF530304,0.0,0.0,0.0,0.0,0.0,0.0,0.0,0.0,0.0,0.0,0.0,0.0,0.0,0.0
BF530305,5.0,2.0,0.0,0.0,3.0,0.0,0.0,0.09090909090909091,0.09090909090909091,0.0,0.0,0.09090909090909091,0.0,0.0
BF530306,0.0,0.0,0.0,0.0,0.0,0.0,0.0,0.0,0.0,0.0,0.0,0.0,0.0,0.0
BF530307,0.0,0.0,0.0,0.0,0.0,0.0,0.0,0.0,0.0,0.0,0.0,0.0,0.0,0.0
BF540101,25.0,3.0,11.0,0.0,0.0,8.0,3.0,0.3333333333333333,0.16666666666666666,0.25,0.0,0.0,0.16666666666666666,0.16666666666666666
BF540102,12.0,9.0,3.0,0.0,0.0,0.0,0.0,0.5714285714285714,0.5714285714285714,0.2857142857142857,0.0,0.0,0.0,0.0
BF540103,14.0,9.0,4.0,0.0,0.0,1.0,0.0,1.0,1.0,0.3333333333333333,0.0,0.0,0.3333333333333333,0.0
BF540104,22.0,6.0,9.0,0.0,1.0,3.0,3.0,0.5333333333333333,0.26666666666666666,0.5333333333333333,0.0,0.06666666666666667,0.2,0.13333333333333333
BF540201,0.0,0.0,0.0,0.0,0.0,0.0,0.0,0.0,0.0,0.0,0.0,0.0,0.0,0.0
BF540202,0.0,0.0,0.0,0.0,0.0,0.0,0.0,0.0,0.0,0.0,0.0,0.0,0.0,0.0
BF540204,1.0,0.0,1.0,0.0,0.0,0.0,0.0,0.125,0.0,0.125,0.0,0.0,0.0,0.0
BF540205,0.0,0.0,0.0,0.0,0.0,0.0,0.0,0.0,0.0,0.0,0.0,0.0,0.0,0.0
BF540206,0.0,0.0,0.0,0.0,0.0,0.0,0.0,0.0,0.0,0.0,0.0,0.0,0.0,0.0
BF540207,0.0,0.0,0.0,0.0,0.0,0.0,0.0,0.0,0.0,0.0,0.0,0.0,0.0,0.0
BF540208,0.0,0.0,0.0,0.0,0.0,0.0,0.0,0.0,0.0,0.0,0.0,0.0,0.0,0.0
BF540209,1.0,0.0,0.0,1.0,0.0,0.0,0.0,0.3333333333333333,0.0,0.0,0.3333333333333333,0.0,0.0,0.0
BF540210,1.0,0.0,0.0,1.0,0.0,0.0,0.0,0.125,0.0,0.0,0.125,0.0,0.0,0.0
BF540301,2.0,2.0,0.0,0.0,0.0,0.0,0.0,1.0,1.0,0.0,0.0,0.0,0.0,0.0
BF540302,20.0,7.0,5.0,0.0,0.0,5.0,3.0,0.5714285714285714,0.42857142857142855,0.2857142857142857,0.0,0.0,0.42857142857142855,0.2857142857142857
BF540303,0.0,0.0,0.0,0.0,0.0,0.0,0.0,0.0,0.0,0.0,0.0,0.0,0.0,0.0
BF540304,0.0,0.0,0.0,0.0,0.0,0.0,0.0,0.0,0.0,0.0,0.0,0.0,0.0,0.0
BF540305,6.0,3.0,3.0,0.0,0.0,0.0,0.0,0.3333333333333333,0.3333333333333333,0.3333333333333333,0.0,0.0,0.0,0.0
BF540306,1.0,0.0,1.0,0.0,0.0,0.0,0.0,0.2,0.0,0.2,0.0,0.0,0.0,0.0
BF540307,15.0,1.0,0.0,0.0,11.0,1.0,2.0,0.4,0.2,0.0,0.0,0.2,0.2,0.2
BF540308,1.0,0.0,1.0,0.0,0.0,0.0,0.0,0.2,0.0,0.2,0.0,0.0,0.0,0.0
BF540309,0.0,0.0,0.0,0.0,0.0,0.0,0.0,0.0,0.0,0.0,0.0,0.0,0.0,0.0
BF540310,2.0,1.0,1.0,0.0,0.0,0.0,0.0,0.14285714285714285,0.14285714285714285,0.14285714285714285,0.0,0.0,0.0,0.0
BF540311,3.0,2.0,1.0,0.0,0.0,0.0,0.0,0.3333333333333333,0.3333333333333333,0.16666666666666666,0.0,0.0,0.0,0.0
BF540312,15.0,7.0,3.0,0.0,0.0,1.0,4.0,0.46153846153846156,0.3076923076923077,0.15384615384615385,0.0,0.0,0.07692307692307693,0.23076923076923078
BF540313,0.0,0.0,0.0,0.0,0.0,0.0,0.0,0.0,0.0,0.0,0.0,0.0,0.0,0.0
BF540401,0.0,0.0,0.0,0.0,0.0,0.0,0.0,0.0,0.0,0.0,0.0,0.0,0.0,0.0
BF540402,1.0,0.0,1.0,0.0,0.0,0.0,0.0,0.25,0.0,0.25,0.0,0.0,0.0,0.0
BF540403,7.0,4.0,0.0,0.0,2.0,0.0,1.0,0.2,0.1,0.0,0.0,0.1,0.0,0.1
BF540404,0.0,0.0,0.0,0.0,0.0,0.0,0.0,0.0,0.0,0.0,0.0,0.0,0.0,0.0
BF540405,0.0,0.0,0.0,0.0,0.0,0.0,0.0,0.0,0.0,0.0,0.0,0.0,0.0,0.0
BF550101,0.0,0.0,0.0,0.0,0.0,0.0,0.0,0.0,0.0,0.0,0.0,0.0,0.0,0.0
BF550102,1.0,0.0,0.0,1.0,0.0,0.0,0.0,0.5,0.0,0.0,0.5,0.0,0.0,0.0
BF550103,0.0,0.0,0.0,0.0,0.0,0.0,0.0,0.0,0.0,0.0,0.0,0.0,0.0,0.0
BF550104,1.0,1.0,0.0,0.0,0.0,0.0,0.0,0.14285714285714285,0.14285714285714285,0.0,0.0,0.0,0.0,0.0
BF550105,0.0,0.0,0.0,0.0,0.0,0.0,0.0,0.0,0.0,0.0,0.0,0.0,0.0,0.0
BF550106,2.0,0.0,0.0,0.0,2.0,0.0,0.0,0.3333333333333333,0.0,0.0,0.0,0.3333333333333333,0.0,0.0
BF550107,2.0,0.0,0.0,0.0,2.0,0.0,0.0,0.16666666666666666,0.0,0.0,0.0,0.16666666666666666,0.0,0.0
BF550108,0.0,0.0,0.0,0.0,0.0,0.0,0.0,0.0,0.0,0.0,0.0,0.0,0.0,0.0
BF550201,0.0,0.0,0.0,0.0,0.0,0.0,0.0,0.0,0.0,0.0,0.0,0.0,0.0,0.0
BF550202,1.0,0.0,0.0,1.0,0.0,0.0,0.0,0.5,0.0,0.0,0.5,0.0,0.0,0.0
BF550203,0.0,0.0,0.0,0.0,0.0,0.0,0.0,0.0,0.0,0.0,0.0,0.0,0.0,0.0
BF550204,0.0,0.0,0.0,0.0,0.0,0.0,0.0,0.0,0.0,0.0,0.0,0.0,0.0,0.0
BF550205,0.0,0.0,0.0,0.0,0.0,0.0,0.0,0.0,0.0,0.0,0.0,0.0,0.0,0.0
BF550301,0.0,0.0,0.0,0.0,0.0,0.0,0.0,0.0,0.0,0.0,0.0,0.0,0.0,0.0
BF550302,0.0,0.0,0.0,0.0,0.0,0.0,0.0,0.0,0.0,0.0,0.0,0.0,0.0,0.0
BF550303,0.0,0.0,0.0,0.0,0.0,0.0,0.0,0.0,0.0,0.0,0.0,0.0,0.0,0.0
BF550304,0.0,0.0,0.0,0.0,0.0,0.0,0.0,0.0,0.0,0.0,0.0,0.0,0.0,0.0
BF550305,0.0,0.0,0.0,0.0,0.0,0.0,0.0,0.0,0.0,0.0,0.0,0.0,0.0,0.0
BF550306,1.0,1.0,0.0,0.0,0.0,0.0,0.0,0.1111111111111111,0.1111111111111111,0.0,0.0,0.0,0.0,0.0
BF550307,0.0,0.0,0.0,0.0,0.0,0.0,0.0,0.0,0.0,0.0,0.0,0.0,0.0,0.0
BF560101,36.0,4.0,26.0,0.0,0.0,5.0,1.0,0.5,0.18181818181818182,0.3181818181818182,0.0,0.0,0.18181818181818182,0.045454545454545456
BF560102,84.0,38.0,22.0,0.0,0.0,7.0,17.0,0.625,0.5,0.34375,0.0,0.0,0.1875,0.25
BF560103,58.0,29.0,11.0,0.0,0.0,4.0,14.0,0.7692307692307693,0.6923076923076923,0.38461538461538464,0.0,0.0,0.3076923076923077,0.38461538461538464
BF560104,11.0,3.0,5.0,0.0,0.0,1.0,2.0,0.4,0.3,0.2,0.0,0.0,0.1,0.2
BF560105,37.0,12.0,9.0,0.0,0.0,14.0,2.0,0.3333333333333333,0.14814814814814814,0.14814814814814814,0.0,0.0,0.25925925925925924,0.07407407407407407
BF560201,1.0,1.0,0.0,0.0,0.0,0.0,0.0,0.0625,0.0625,0.0,0.0,0.0,0.0,0.0
BF560202,19.0,9.0,2.0,1.0,2.0,0.0,5.0,0.2,0.2,0.04,0.04,0.04,0.0,0.16
BF560203,2.0,1.0,0.0,0.0,0.0,0.0,1.0,0.2,0.2,0.0,0.0,0.0,0.0,0.2
BF560204,18.0,10.0,6.0,0.0,0.0,1.0,1.0,0.45454545454545453,0.36363636363636365,0.09090909090909091,0.0,0.0,0.09090909090909091,0.09090909090909091
BF560205,3.0,2.0,1.0,0.0,0.0,0.0,0.0,0.2857142857142857,0.2857142857142857,0.14285714285714285,0.0,0.0,0.0,0.0
BF560206,2.0,0.0,2.0,0.0,0.0,0.0,0.0,0.125,0.0,0.125,0.0,0.0,0.0,0.0
BF560301,102.0,56.0,27.0,0.0,0.0,9.0,10.0,0.6666666666666666,0.6,0.3,0.0,0.0,0.2,0.16666666666666666
BF560302,12.0,4.0,4.0,0.0,0.0,1.0,3.0,0.5,0.125,0.25,0.0,0.0,0.125,0.25
BF560303,4.0,1.0,1.0,0.0,0.0,1.0,1.0,0.2,0.2,0.2,0.0,0.0,0.2,0.2
BF560304,45.0,23.0,8.0,0.0,0.0,8.0,6.0,0.5714285714285714,0.2857142857142857,0.2857142857142857,0.0,0.0,0.2857142857142857,0.2857142857142857
BF560305,21.0,12.0,7.0,0.0,0.0,0.0,2.0,1.0,0.8,0.6,0.0,0.0,0.0,0.4
BF560306,22.0,7.0,13.0,0.0,0.0,1.0,1.0,0.4,0.1,0.35,0.0,0.0,0.05,0.05
BF560307,15.0,5.0,7.0,0.0,0.0,2.0,1.0,0.25,0.15,0.2,0.0,0.0,0.1,0.05
BF560308,31.0,11.0,9.0,0.0,0.0,7.0,4.0,0.6,0.6,0.4,0.0,0.0,0.2,0.2
BF560309,45.0,21.0,13.0,0.0,0.0,7.0,4.0,0.4074074074074074,0.2962962962962963,0.2222222222222222,0.0,0.0,0.14814814814814814,0.07407407407407407
BF560401,16.0,8.0,5.0,0.0,0.0,0.0,3.0,0.5,0.5,0.3,0.0,0.0,0.0,0.1
BF560402,34.0,18.0,5.0,1.0,0.0,3.0,7.0,0.6428571428571429,0.5,0.21428571428571427,0.07142857142857142,0.0,0.21428571428571427,0.21428571428571427
BF560403,12.0,8.0,2.0,0.0,0.0,0.0,2.0,0.36363636363636365,0.2727272727272727,0.09090909090909091,0.0,0.0,0.0,0.18181818181818182
BF560404,6.0,3.0,1.0,0.0,0.0,0.0,2.0,0.25,0.25,0.125,0.0,0.0,0.0,0.125
BF560405,9.0,3.0,2.0,0.0,0.0,1.0,3.0,0.4,0.2,0.2,0.0,0.0,0.1,0.2
BF560406,1.0,0.0,0.0,0.0,0.0,0.0,1.0,0.1,0.0,0.0,0.0,0.0,0.0,0.1
BF570102,9.0,1.0,2.0,0.0,6.0,0.0,0.0,0.4,0.2,0.4,0.0,0.2,0.0,0.0
BF570103,0.0,0.0,0.0,0.0,0.0,0.0,0.0,0.0,0.0,0.0,0.0,0.0,0.0,0.0
BF570101,0.0,0.0,0.0,0.0,0.0,0.0,0.0,0.0,0.0,0.0,0.0,0.0,0.0,0.0
BF570104,1.0,0.0,1.0,0.0,0.0,0.0,0.0,0.125,0.0,0.125,0.0,0.0,0.0,0.0
BF570105,1.0,0.0,0.0,0.0,1.0,0.0,0.0,0.2,0.0,0.0,0.0,0.2,0.0,0.0
BF570201,0.0,0.0,0.0,0.0,0.0,0.0,0.0,0.0,0.0,0.0,0.0,0.0,0.0,0.0
BF570202,2.0,0.0,0.0,1.0,1.0,0.0,0.0,0.3333333333333333,0.0,0.0,0.3333333333333333,0.3333333333333333,0.0,0.0
BF570203,0.0,0.0,0.0,0.0,0.0,0.0,0.0,0.0,0.0,0.0,0.0,0.0,0.0,0.0
BF570204,0.0,0.0,0.0,0.0,0.0,0.0,0.0,0.0,0.0,0.0,0.0,0.0,0.0,0.0
BF570205,0.0,0.0,0.0,0.0,0.0,0.0,0.0,0.0,0.0,0.0,0.0,0.0,0.0,0.0
BF570206,0.0,0.0,0.0,0.0,0.0,0.0,0.0,0.0,0.0,0.0,0.0,0.0,0.0,0.0
BF570207,0.0,0.0,0.0,0.0,0.0,0.0,0.0,0.0,0.0,0.0,0.0,0.0,0.0,0.0
BF570208,0.0,0.0,0.0,0.0,0.0,0.0,0.0,0.0,0.0,0.0,0.0,0.0,0.0,0.0
BF570301,2.0,0.0,0.0,0.0,2.0,0.0,0.0,0.08333333333333333,0.0,0.0,0.0,0.08333333333333333,0.0,0.0
BF570302,1.0,1.0,0.0,0.0,0.0,0.0,0.0,1.0,1.0,0.0,0.0,0.0,0.0,0.0
BF570303,0.0,0.0,0.0,0.0,0.0,0.0,0.0,0.0,0.0,0.0,0.0,0.0,0.0,0.0
BF570304,0.0,0.0,0.0,0.0,0.0,0.0,0.0,0.0,0.0,0.0,0.0,0.0,0.0,0.0
BF570305,3.0,1.0,0.0,1.0,1.0,0.0,0.0,0.16666666666666666,0.16666666666666666,0.0,0.16666666666666666,0.16666666666666666,0.0,0.0
BF570401,1.0,0.0,0.0,0.0,1.0,0.0,0.0,0.3333333333333333,0.0,0.0,0.0,0.3333333333333333,0.0,0.0
BF570402,0.0,0.0,0.0,0.0,0.0,0.0,0.0,0.0,0.0,0.0,0.0,0.0,0.0,0.0
BF570403,0.0,0.0,0.0,0.0,0.0,0.0,0.0,0.0,0.0,0.0,0.0,0.0,0.0,0.0
BF570404,20.0,2.0,0.0,1.0,17.0,0.0,0.0,0.14285714285714285,0.14285714285714285,0.0,0.14285714285714285,0.14285714285714285,0.0,0.0
BF570405,2.0,0.0,2.0,0.0,0.0,0.0,0.0,0.14285714285714285,0.0,0.14285714285714285,0.0,0.0,0.0,0.0
BF570406,1.0,0.0,0.0,0.0,1.0,0.0,0.0,0.06666666666666667,0.0,0.0,0.0,0.06666666666666667,0.0,0.0
BF570407,5.0,0.0,2.0,2.0,0.0,0.0,1.0,0.125,0.0,0.08333333333333333,0.041666666666666664,0.0,0.0,0.041666666666666664
BF570408,0.0,0.0,0.0,0.0,0.0,0.0,0.0,0.0,0.0,0.0,0.0,0.0,0.0,0.0
BF570409,2.0,0.0,1.0,0.0,1.0,0.0,0.0,0.2857142857142857,0.0,0.14285714285714285,0.0,0.14285714285714285,0.0,0.0
BF570410,1.0,0.0,1.0,0.0,0.0,0.0,0.0,0.3333333333333333,0.0,0.3333333333333333,0.0,0.0,0.0,0.0
