ADM3_PCODE,Healthcare_accessibility_Motorized_2019,Healthcare_accessibility_walking_only_2019,Travel_Time_to_Cities_2015
BF130001,6.4713758743050835,33.52589271641478,31.615435806728446
BF130002,5.262148341495113,36.176110004783794,25.058072913769525
BF130003,14.372653506206653,51.20293257878293,76.55856127042736
BF130004,1.816155077162833,18.033046364485024,1.4780555267434237
BF130005,10.618409513489784,42.14299509799411,21.936310711756526
BF130006,5.246006740592894,49.66865700127464,29.552426913140994
BF130007,7.091330269355889,35.800443837487215,20.103402754068526
BF460101,24.493017849777516,81.41999987975788,89.09818975416495
BF460102,10.443465638361392,44.804198884212596,92.75946951159833
BF460103,59.168482941830376,116.48656668506577,123.56419922723697
BF460104,37.206948107088145,100.75688543329164,143.18889919337443
BF460105,27.486963104375963,71.74383552968676,97.5622952612883
BF460106,36.9376275432563,98.6727804932967,66.07861974500187
BF460107,12.953855037477139,55.48210158782945,102.43716019619261
BF460108,16.466022375613104,55.889671449443696,104.78867118720264
BF460109,30.856316116101823,78.34576749667677,106.47078976579733
BF460110,23.76384860921012,71.68085660744167,120.20281794586573
BF460201,80.31997390842425,140.07559949632616,141.33551038481227
BF460202,30.153614341608872,65.95664480352049,114.70892257925605
BF460203,28.9923812071649,91.55929047364287,175.6034725937454
BF460204,42.37843086872021,108.04255117200391,94.39546880158467
BF460205,41.014403506674,94.18088869673821,101.4937099485996
BF460206,45.63792152278675,149.28163593851824,154.19268657288518
BF460301,43.070466430052655,133.38345619193427,150.52091714957433
BF460302,25.76453290499152,74.3791969794641,65.42951468827704
BF460303,49.48365991036745,104.35050069070658,81.25309671613384
BF460304,32.38737670911486,125.0343675285473,102.20068033490567
BF460305,45.34417179671461,91.21326804338867,109.99929246603587
BF460306,27.420782088487442,80.0247973716553,102.40520849231658
BF460307,30.6434749095539,97.05536283891547,181.10631977671457
BF460308,22.067176441696343,86.12228862664197,72.3553074659467
BF460309,33.17296081248351,83.23331436567845,62.083776793847605
BF460311,24.243656418456144,99.73722157030647,97.99481991267848
BF460401,29.08381309222042,85.06117561885664,100.96150264373466
BF460402,32.810609081593185,108.04299935567923,67.7888607792657
BF460403,31.41208317600051,106.26284966018092,52.02990086601651
BF460404,36.15919609908953,92.94031965789452,105.61626631051584
BF460405,53.91770130239224,109.1599974296456,130.25456505674424
BF460406,36.11290109874073,95.56497000602214,79.2384970944556
BF460407,32.353188452345925,118.80313673475915,85.96776586183121
BF460501,42.95315079344343,104.80105038375146,100.56111809809714
BF460502,34.404241331766166,89.5148822299143,124.92470751554897
BF460503,37.237307468033286,96.6430364150771,83.75780323081135
BF460504,22.813929479374423,60.98139475258521,65.58212973250147
BF460505,29.158943359741457,78.70280772722201,57.05806033773414
BF460506,41.94827831703297,87.44269710251041,109.79897599967906
BF460601,15.41681921199356,56.307823459288606,113.54894513598182
BF460602,25.869511955778155,86.03053342346517,113.23732521134133
BF460603,28.26236455856583,75.70377318811707,85.39003076991189
BF460604,23.49089874974309,71.91062313744493,71.73231797230278
BF460605,24.166865215763433,70.03422027888125,120.85775988482152
BF460606,12.458294888699456,57.84416737435352,61.96493733755375
BF460607,35.52789144460233,117.97953533540812,148.19144839962743
BF460608,33.99316521388231,83.39092074389492,64.13959329104017
BF470101,23.470143753597284,76.45495897143003,44.04148467129895
BF470102,23.56944975327612,71.31144204722024,46.19779162025768
BF470103,55.53168609070633,149.68002851285357,231.5158328586267
BF470104,21.50138279231836,66.97218981190615,83.98785788468197
BF470105,88.13077773748225,157.01879388279713,156.09338454211485
BF470106,31.62720755013512,182.64441401930293,156.37248798248717
BF470107,52.01694075693471,165.0982747530705,136.4566632510006
BF470108,21.166842286135765,86.00649098102328,68.54580567290287
BF470109,37.26900700219321,129.89870300850245,103.92539751178147
BF470201,25.32141360267554,101.90027006709929,94.54890441852056
BF470202,14.75909715531938,69.1223789302295,41.44326607846159
BF470203,17.365695377155728,69.87607646735484,71.60949123557079
BF470204,17.419140771174888,54.51114533791448,112.41908840106292
BF470205,8.372660986481897,52.81951089845825,118.5987973619552
BF470206,17.25886359377514,57.678342348139054,107.64994068324857
BF470207,22.990422411726666,72.58204264020904,65.3699113871322
BF470208,17.30511669620463,62.2312809244062,50.47701690658778
BF480101,27.15969637472171,65.37165790622213,70.09604546575837
BF480102,98.82414450934158,150.64559263924463,171.87205432144083
BF480103,14.036358269579573,32.483261938759306,34.84348722830397
BF480104,67.31530872493123,109.09345215522694,141.65641511818978
BF480105,47.543756054844614,110.11285388148957,89.94458976089021
BF480106,30.472972195125895,79.2519314674896,80.14448228157923
BF480107,43.047146445949366,82.5837999971501,67.77363598797356
BF480108,43.15170229644858,74.90004404154588,70.09580871288586
BF480109,38.475551574265566,107.01998125652044,60.511732357257785
BF480110,39.71308772336579,77.15914482540187,64.70327975294954
BF480111,23.572785920747148,81.24795172564872,124.27830641467355
BF480112,33.66340259857833,71.99712341744896,152.0674360520197
BF480113,15.966260116189341,48.34520867655134,100.74700256269443
BF480202,34.5787348015108,63.707401646250545,149.20289714174598
BF480201,82.0669897281162,173.0297422737717,177.16588694137695
BF480203,64.06226915901541,139.92631539499314,149.3936366361865
BF480204,26.48163199999184,82.74075088275558,106.96856669308922
BF480205,25.566138184521325,74.97188539821096,68.10996067585668
BF480206,71.05396526104862,159.99933813170117,153.12430142035663
BF480207,26.654783712601535,63.49670988797742,55.9571403369498
BF480208,69.88326911368323,128.6399286987522,212.48827094474132
BF480301,28.147319930288713,78.36775947459083,53.166984280792406
BF480302,20.572857961016183,77.49734227678289,37.38669872808959
BF480303,26.95396762556064,93.34983067484659,40.45441963190183
BF480304,15.322603797852093,53.76635906900441,44.55434225366552
BF480305,16.716949351458865,65.36181737425382,38.12367158131924
BF480306,12.18212420864615,52.69996918898563,17.810044390683668
BF480307,9.397364449648302,38.58545755656515,10.846653089541887
BF480308,28.239175207391963,79.60047955414427,55.90264726848553
BF480309,21.246627721870603,59.45098184147634,40.23985512602556
BF490101,29.532735937765654,84.94741865812016,93.4371699296313
BF490102,17.978705338059093,45.51655109660822,77.44046311694021
BF490103,14.146015660772797,56.95150982585082,90.59494898774344
BF490104,27.550011703625643,59.763309411411555,55.01915572898189
BF490105,27.016963489780238,78.3257735806303,135.07318276029824
BF490106,36.11911481457574,64.7496430724325,99.41232272597479
BF490107,19.999649028181864,63.549818890141275,79.73188080673224
BF490108,19.568368770427803,49.17469013285807,86.17981407971486
BF490109,27.826390550311213,93.03172125575897,108.44413114809134
BF490201,41.407904878493056,75.35671139278111,79.66499150038776
BF490202,28.31498259486637,78.06082846333199,60.81111196598637
BF490203,46.56291114031207,95.18147090054934,148.0986846647227
BF490204,29.417597617449253,82.03965039587115,64.80161442292818
BF490205,36.81222494306444,103.3106914129865,108.30304112315675
BF490206,38.137820939212695,89.22687095010403,81.240600751521
BF490207,25.767620455693436,97.41386827148122,48.644145770645295
BF490208,30.55108774353482,72.72283126787413,86.12009532888462
BF490301,36.38694391324193,110.93037767030404,98.31152534409145
BF490302,10.292725471488724,57.12484830878944,39.536042768721806
BF490303,26.415481612006285,113.87356290672453,144.32640319956613
BF490304,14.96470554554929,53.94246195334778,33.0498213610911
BF490305,12.911508627546278,74.05035847501357,55.610979001488495
BF490306,26.23245092799482,78.8248232445049,63.5255643750579
BF490307,23.6516941935322,94.78195430259801,109.91087118308938
BF490308,20.590249279400098,82.2103106848295,109.24289641771908
BF490309,21.134095381979165,63.088851155401265,48.44542420752672
BF490310,27.230084744074247,86.20736812659462,57.90165140181059
BF490311,26.78756550482746,76.83801243128657,77.61550677253616
BF500101,18.48829617835216,56.27650701575605,65.66996942854902
BF500102,7.212230811695969,56.25575254620895,28.480487637598152
BF500103,10.554784374625724,59.65600266347853,72.32824346615409
BF500104,15.838438150477955,41.46394028327167,46.248411381906344
BF500105,12.68905698248303,42.044155438594224,26.49535154547289
BF500107,11.73099998550805,39.79606520719876,55.760323872038065
BF500106,6.052067494067537,46.5055669873755,65.64032033813467
BF500108,5.047489941999121,39.10113029987895,68.56274613430618
BF500109,12.489116317108161,46.053232331927354,40.707273822845835
BF500110,4.307012694667381,48.10192906318873,20.4516370907273
BF500111,14.677737663787129,47.01878481137259,41.55646517427217
BF500112,13.847714244166196,50.58353833538337,41.692727552275514
BF500113,5.970143836307876,44.43883394065592,60.560916189484686
BF500114,18.63455527485051,61.656040171335945,52.51276337115072
BF500115,37.14549773453529,49.717324635496524,90.1479065415703
BF500201,8.527818822586436,78.97975501079007,106.873173836767
BF500202,34.08997356223848,73.14582582582585,76.65576576576576
BF500203,29.181908920777722,59.31895745344256,88.27495110405624
BF500204,17.401221466403275,66.73906728926192,49.89480617078584
BF500205,7.62911093486464,57.208826737301386,64.39079541913368
BF500206,35.53862595287851,79.71045196117842,78.4724631022799
BF500207,19.740887265499524,65.10658805663502,34.49425164143109
BF500208,9.537178202450706,75.95567775189357,69.58743664713148
BF500209,50.498149862749386,119.41353160801066,115.40905475005653
BF500210,42.792335452829406,117.89030219963887,97.15583561765943
BF500301,38.03932123153889,113.7799285067663,95.87616582716278
BF500302,42.54103086598373,94.98469268696606,93.02478828710156
BF500303,25.331977731159107,84.83222083476804,49.704201220498724
BF500304,60.72347674609235,131.25146429148492,118.18206697366303
BF500305,64.74400978836755,129.11458359268025,136.7353417154238
BF500306,48.08310353928295,118.61730144855139,117.8768918581418
BF500307,38.478111587468426,112.06777800819957,62.18279388070893
BF500401,36.40568159909512,102.60053405529698,134.32462402877962
BF500402,30.04457086741254,89.20128340170751,116.08033734338618
BF500404,32.34328028763561,118.90043207436591,70.17833630923984
BF500405,59.232537666249044,131.3888335822134,142.70273164698247
BF500403,54.51071499933526,119.1045645891427,108.77017488762219
BF500406,44.48143691551288,130.6680484263293,141.50652497618458
BF510101,30.76052869780015,82.620200462606,73.71352204721512
BF510102,40.36622772438384,91.33920078718629,134.32017711692993
BF510103,13.833826146452202,59.87185920377815,64.33891082168027
BF510104,33.33938463128637,73.08942026799835,110.45718897844507
BF510105,23.16350216088099,67.44499795410708,66.23434242402597
BF510106,6.245835428442358,50.35464434739827,53.96155271165748
BF510107,41.72078961828333,92.56054716981133,100.24338993710693
BF510201,37.1573367153352,151.02321513981192,129.0073933414714
BF510202,33.657366891036276,119.72094547510099,125.06181746414629
BF510203,13.60012073329035,47.26096118483175,124.51424879479144
BF510204,12.710240818255913,33.002854671280275,113.72162629757784
BF510205,23.67635639416898,70.33368852232155,137.7733801998284
BF510301,44.87028217855288,91.52679582185897,124.0196542837186
BF510302,29.4019889908939,78.998146375247,71.54358055119874
BF510303,58.20339357890539,151.13948587096726,146.9028659838866
BF510304,58.53209623120709,105.05581035585543,156.82322754024872
BF510305,15.8328625006957,53.017098663912,88.98541584548671
BF510306,7.903552352255185,44.494382416965124,66.30886173723759
BF510307,38.82541041428904,99.4683766304944,96.88782714664296
BF520101,71.62972412211458,165.4856496197113,114.59682668717488
BF520102,30.56712000608626,81.35324280821821,70.27044889744252
BF520103,47.541098133402905,118.06638288625855,107.39731114348838
BF520104,53.94920162294172,114.0580444750046,190.7875039171957
BF520105,39.76950179211559,82.2812863486178,75.73054853708493
BF520106,38.846795488443696,96.32437915199063,94.15017759745571
BF520107,21.394595964425147,58.99285290980207,61.800699300699264
BF520201,38.15022001654207,82.24445872476718,103.40880483898925
BF520202,30.589322876129696,83.36740485036421,51.50735014480881
BF520203,56.27845433473167,171.49367847111301,103.25869361678703
BF520204,78.76446828278982,193.7983405562706,179.1859882347573
BF520205,40.19718138353374,87.56043167867628,83.21530557779553
BF520206,62.87515384964433,251.31798208937073,86.93767389883081
BF520301,53.74000375260687,138.00463991710316,200.68476195958777
BF520302,73.35157452254008,175.10652512925347,261.9921153609721
BF520303,58.10456498918001,176.314514631784,135.28219129188304
BF520401,35.50411415878521,98.62013202782335,45.487889010550845
BF520402,41.560675710171616,179.72153075035118,115.71987294474216
BF520403,60.69025842932955,295.7438822792644,218.55760672265885
BF520501,48.13564847349709,150.26775853261006,213.42411065430875
BF520502,65.77097004025062,268.00315920501924,250.4018832072802
BF520503,97.42501650653662,222.71768053913266,199.34408685071932
BF520504,53.727284147211776,185.13652124496565,213.66358252962897
BF520505,77.66832704815923,141.83707317073166,179.94527439024395
BF520506,55.73456007781018,145.3477634263752,174.69150537847406
BF520507,35.4742822421196,169.94684029658734,184.36995954089937
BF520508,41.14080926759705,161.7115097090963,186.94439881128167
BF530101,36.348320580667654,84.03175418891269,76.26741341375224
BF530102,24.52483955723637,65.04708841709227,44.298040311744174
BF530103,43.36063729381395,82.63513183394952,76.74530560396076
BF530104,21.956196168400542,77.59598563844011,156.2806615484512
BF530105,30.22666957407842,83.72688970166386,108.03529295754458
BF530106,32.53604467698884,101.7966433804736,103.3025618153207
BF530107,32.12597551761928,95.2227769703569,82.7208691939155
BF530108,42.95041763528773,90.40737010245293,106.22214082959437
BF530109,24.464310062831412,78.42589289625698,64.01650301334885
BF530110,40.287287578831965,91.82204119744672,134.79663691027196
BF530111,35.673234117328,141.1637708536805,84.66135980233965
BF530112,29.17818625969767,83.20925183757116,89.06460282464309
BF530113,41.75459943823098,96.76836407912728,89.05522567301595
BF530201,19.80616484977183,85.10915524906993,140.27163294316907
BF530202,43.230186999500624,99.01074134458628,132.74829768869296
BF530203,22.270288806239176,64.68694269615999,91.10336085812885
BF530204,21.470162548071052,73.12117383602397,137.07016277282
BF530205,21.40941812597313,97.23464101524026,116.51728573912041
BF530206,30.093838562425066,70.45120647056659,74.21333570980794
BF530207,19.54364327102949,92.82380162061897,115.37207849262913
BF530208,26.213417740476626,130.50503738450738,242.16954069151012
BF530209,28.911025692605563,81.12428095524005,173.3150190776859
BF530210,20.993448336663832,71.38796123361118,69.17740361832018
BF530212,31.4876854676573,115.44602656174408,170.6972012122139
BF530211,32.94218335274383,90.1095645164314,90.32825300414294
BF530213,33.37784885624113,118.81558198415546,226.52094916787615
BF530301,27.20109701829181,83.99704396515318,77.03424464707447
BF530302,23.877215601510045,85.8902937510897,87.35377989009355
BF530303,38.2242005010282,107.78027307394332,58.691649813355866
BF530304,47.87007181642729,103.6375182116525,97.49796667206267
BF530305,25.484910627235614,79.7219181371523,64.72661281385075
BF530306,59.353132745800984,124.14350696357774,139.13512798072477
BF530307,41.313338779975155,105.72634678929472,78.2811799022457
BF540101,39.9746064910288,107.74637057269247,198.90495040359957
BF540102,24.66338152047297,65.28387609309266,124.39188839471102
BF540103,17.984738936760117,75.16654691922488,148.22489658175482
BF540104,32.37033770117203,83.1205657618222,86.7968845330673
BF540201,16.848348164683937,52.614779055094424,61.58090508109617
BF540202,34.664660362103355,96.05682296350685,90.3669359163703
BF540204,21.157749361528037,60.65049621563175,78.0727284136546
BF540205,15.778396852906967,50.76000589545397,54.46472553386613
BF540206,15.565403167326402,42.757410296411855,59.50785118361254
BF540207,9.27049665842029,45.11762898852694,48.16579182861188
BF540208,4.1790939336862305,30.291708548087012,66.28623366624608
BF540209,10.818317032345224,50.39360824957475,55.14895993153186
BF540210,14.622691766832089,48.24420750759338,45.68959603935458
BF540301,9.605750041530541,41.15168661195273,57.70253805271341
BF540302,31.95862663120884,137.7891967672768,91.60989609104404
BF540303,18.529000954231293,57.43787035722122,89.72826914884003
BF540304,14.52600826007643,42.44354592925208,64.31621187800965
BF540305,22.090098058162862,50.39792665888457,93.46872145980639
BF540306,13.011121567143412,48.38620974472365,39.47656740688476
BF540307,3.360913129789683,33.50662472018876,19.278472684372932
BF540308,16.659144887212527,54.05373503806604,45.301997690451316
BF540309,19.264243934684586,39.9659467682586,101.66439558439197
BF540310,26.748698413584723,60.300020789903975,70.65278050918407
BF540311,17.281839023565812,50.15316303763541,68.64273248750025
BF540312,19.5263716102338,77.40494778236209,72.86352501289333
BF540313,7.1968666316258005,56.45052949094272,47.35781587013281
BF540401,9.616203365495346,28.93089393745544,65.9193610293714
BF540402,27.15650191313303,81.91147287392732,82.27712423115173
BF540403,13.78132125189699,50.87584753527577,35.63062893627693
BF540404,16.47253795560221,47.51282051282053,45.73137439483594
BF540405,16.443051004561667,48.06471112395541,81.57540399296775
BF550101,28.797288714631154,80.41589735565638,100.33884966911192
BF550102,38.4099289977715,94.26780586323335,76.90711287828582
BF550103,19.768385794849337,60.92084263745524,55.49092058141984
BF550104,15.712802480592485,62.25458039635498,79.7345723996053
BF550105,21.328711954948634,71.77137144709823,68.8391602723441
BF550106,20.970310968182833,63.90141189994254,71.27157458080319
BF550107,18.16583270137185,55.3137232950835,37.73560033585225
BF550108,56.09701101642747,86.50631223748177,96.84389305771866
BF550201,19.672971073139614,44.09883352619711,58.84558792475784
BF550202,14.472244069913142,50.34721252769265,25.766167946344563
BF550203,19.23266981149852,53.2295257339831,68.24305458003305
BF550204,16.317835771368742,58.959811756489685,58.694929646765615
BF550205,13.386963885978934,41.3820655044902,73.8707267376047
BF550301,16.17933717063885,50.06834856163455,88.29063243689819
BF550302,20.298445174374333,47.075229085237325,51.70447772279525
BF550303,6.827980564138367,32.38500101895252,23.707132667617696
BF550304,20.385466843430294,64.83869248878598,52.466038229395764
BF550305,25.623408242695845,98.19029370254768,63.83767551585955
BF550306,13.856565485482731,45.18063861337999,48.64755323803968
BF550307,16.25347089723729,41.92869160341187,62.49502112841383
BF560101,93.95889129658798,178.95948861247982,224.9442688339898
BF560102,51.28758926163315,132.6852145910008,101.80485352605955
BF560103,61.06427205722681,125.74374749947238,120.88748806834829
BF560104,50.290348948211864,163.91728712856488,158.6688641618714
BF560105,85.7120481380852,269.9435081486315,218.7963799398322
BF560201,84.22272285638998,120.99593487630987,136.70986456396946
BF560202,50.771189391561926,128.7876274082366,70.72904171330943
BF560203,36.53388889357969,129.51434487267977,77.54055723055689
BF560204,57.583179658943656,154.8774099512818,108.59129462502992
BF560205,48.12790879376893,109.11271105087808,86.4898639110057
BF560206,57.806536670197175,100.38445826313949,141.04128587041066
BF560301,34.0667729594272,106.85173456148948,78.10338298493657
BF560302,40.34564174532949,89.16071886914847,77.82529482315275
BF560303,60.556657992688066,122.08626303548657,96.05437767274363
BF560304,28.61488009136143,102.82114606054095,52.55767847848801
BF560305,31.71757686583565,86.3557277238501,159.40881211384132
BF560306,95.0148054943953,189.93974693102098,233.6943037152507
BF560307,52.97590369390129,143.62694837569768,167.82074724909467
BF560308,23.425465113709013,80.8193609964774,46.029574340980375
BF560309,38.92483528967768,114.25144162021768,102.37001926051302
BF560401,63.06928537925019,121.92707264940549,209.4792049983168
BF560402,68.7440599066845,134.8529843368655,227.3828688971958
BF560403,59.715829094031285,147.13567344503562,124.98147798273094
BF560404,75.00334145370543,120.57830867583101,178.44695289165242
BF560405,56.98628547484465,140.3862542051889,148.37445289945032
BF560406,62.29248361220194,151.4481928808387,121.87892946883382
BF570102,22.781160884553945,77.90399871320574,73.44674280199457
BF570103,29.332442835405146,56.875835239450325,95.48943680997063
BF570101,35.153500356386445,115.43882131623992,101.52604809491571
BF570104,39.109727234340255,113.26050126163568,137.3857954665932
BF570105,35.96542109612776,77.76970056832647,78.28890491135803
BF570201,21.709891540121365,88.81546408451966,87.35667104623742
BF570202,11.362965817072036,48.09381215580053,77.5982848747139
BF570203,25.23165140007065,65.75103190490533,111.71881993776094
BF570204,30.073548130116947,72.2563777915466,117.15056167667903
BF570205,33.25631627842602,65.12429669917476,111.40324924981238
BF570206,31.00999101155425,67.83224786658262,94.2746981201916
BF570207,23.07589057159655,61.03350977036655,72.28369881004495
BF570208,31.43396419127109,82.80239849636557,112.55125496914553
BF570301,38.584754573875884,99.23180644544328,185.70056102770056
BF570302,43.47273507061348,72.83823339780787,215.82382333978074
BF570303,45.88797645168431,124.37291614184309,260.1890624305381
BF570304,25.591406950702556,72.15424179722145,107.51551877032222
BF570305,33.61103410517877,78.15393211833258,104.72067164756074
BF570401,39.959618673992715,80.72986874778294,62.168226594264226
BF570402,36.23556692740525,78.87011466299167,140.76440493240017
BF570403,43.73601058743615,115.03879149571046,207.80017346521484
BF570404,28.14223423549777,66.38812422930798,40.86326988073309
BF570405,45.25610990904646,88.77508791390338,124.09548393948691
BF570406,43.18396350637521,76.07728088573684,98.37703740120263
BF570407,45.02042270301778,104.6274193282407,101.12728098929755
BF570408,23.3243761761019,59.24675121340217,110.08630812588066
BF570409,26.969158278568088,79.56528839528404,118.29708702044877
BF570410,38.75887447231745,79.8189549474343,73.92670805833093
ML010107,,,
ML010102,,,
ML010113,,,
ML010112,,,
ML010110,,,
ML010104,,,
ML010103,,,
ML010101,,,
ML010106,,,
ML010108,,,
ML010109,,,
ML010105,,,
ML010111,,,
ML010212,,,
ML010205,,,
ML010202,,,
ML010201,,,
ML010215,,,
ML010211,,,
ML010210,,,
ML010207,,,
ML010203,,,
ML010214,,,
ML010204,,,
ML010208,,,
ML010209,,,
ML010213,,,
ML010206,,,
ML010306,,,
ML010325,,,
ML010324,,,
ML010316,,,
ML010305,,,
ML010304,,,
ML010302,,,
ML010308,,,
ML010319,,,
ML010307,,,
ML010313,,,
ML010323,,,
ML010317,,,
ML010312,,,
ML010328,,,
ML010322,,,
ML010321,,,
ML010318,,,
ML010310,,,
ML010303,,,
ML010315,,,
ML010320,,,
ML010314,,,
ML010311,,,
ML010327,,,
ML010309,,,
ML010326,,,
ML010301,,,
ML010407,,,
ML010409,,,
ML010405,,,
ML010412,,,
ML010411,,,
ML010401,,,
ML010404,,,
ML010403,,,
ML010408,,,
ML010402,,,
ML010406,,,
ML010410,,,
ML010527,,,
ML010511,,,
ML010526,,,
ML010528,,,
ML010513,,,
ML010524,,,
ML010522,,,
ML010509,,,
ML010508,,,
ML010505,,,
ML010501,,,
ML010518,,,
ML010512,,,
ML010531,,,
ML010514,,,
ML010506,,,
ML010521,,,
ML010516,,,
ML010517,,,
ML010519,,,
ML010507,,,
ML010510,,,
ML010503,,,
ML010529,,,
ML010530,,,
ML010532,,,
ML010533,,,
ML010520,,,
ML010525,,,
ML010523,,,
ML010502,,,
ML010504,,,
ML010515,,,
ML010615,,,
ML010612,,,
ML010609,,,
ML010607,,,
ML010605,,,
ML010602,,,
ML010601,,,
ML010614,,,
ML010611,,,
ML010610,,,
ML010613,,,
ML010606,,,
ML010603,,,
ML010616,,,
ML010608,,,
ML010604,,,
ML010706,,,
ML010711,,,
ML010712,,,
ML010708,,,
ML010707,,,
ML010705,,,
ML010703,,,
ML010702,,,
ML010710,,,
ML010709,,,
ML010704,,,
ML010701,,,
ML020109,,,
ML020107,,,
ML020106,,,
ML020105,,,
ML020104,,,
ML020102,,,
ML020101,,,
ML020108,,,
ML020103,,,
ML020219,,,
ML020204,,,
ML020212,,,
ML020205,,,
ML020210,,,
ML020217,,,
ML020209,,,
ML020218,,,
ML020221,,,
ML020220,,,
ML020201,,,
ML020223,,,
ML020213,,,
ML020203,,,
ML020216,,,
ML020222,,,
ML020207,,,
ML020214,,,
ML020208,,,
ML020202,,,
ML020206,,,
ML020211,,,
ML020215,,,
ML020309,,,
ML020304,,,
ML020308,,,
ML020307,,,
ML020301,,,
ML020302,,,
ML020303,,,
ML020305,,,
ML020306,,,
ML020424,,,
ML020427,,,
ML020428,,,
ML020436,,,
ML020420,,,
ML020432,,,
ML020437,,,
ML020401,,,
ML020423,,,
ML020434,,,
ML020403,,,
ML020422,,,
ML020405,,,
ML020418,,,
ML020433,,,
ML020426,,,
ML020416,,,
ML020413,,,
ML020410,,,
ML020404,,,
ML020421,,,
ML020430,,,
ML020408,,,
ML020406,,,
ML020412,,,
ML020414,,,
ML020435,,,
ML020419,,,
ML020402,,,
ML020425,,,
ML020431,,,
ML020415,,,
ML020411,,,
ML020407,,,
ML020417,,,
ML020429,,,
ML020409,,,
ML020501,,,
ML020509,,,
ML020510,,,
ML020507,,,
ML020506,,,
ML020505,,,
ML020504,,,
ML020503,,,
ML020508,,,
ML020502,,,
ML020605,,,
ML020609,,,
ML020601,,,
ML020606,,,
ML020604,,,
ML020602,,,
ML020608,,,
ML020607,,,
ML020603,,,
ML020707,,,
ML020706,,,
ML020711,,,
ML020710,,,
ML020709,,,
ML020708,,,
ML020705,,,
ML020704,,,
ML020703,,,
ML020702,,,
ML020701,,,
ML030122,,,
ML030111,,,
ML030101,,,
ML030126,,,
ML030112,,,
ML030105,,,
ML030108,,,
ML030104,,,
ML030116,,,
ML030102,,,
ML030120,,,
ML030103,,,
ML030124,,,
ML030109,,,
ML030115,,,
ML030121,,,
ML030117,,,
ML030110,,,
ML030107,,,
ML030125,,,
ML030113,,,
ML030114,,,
ML030123,,,
ML030118,,,
ML030119,,,
ML030106,,,
ML030209,36.001237993050886,99.19470198675498,155.79602649006623
ML030207,,,
ML030202,,,
ML030201,,,
ML030205,,,
ML030208,33.42213399911118,82.6736211526544,126.67816566825037
ML030206,35.25153146790266,99.03656189865299,149.89608723540732
ML030203,,,
ML030204,,,
ML030310,,,
ML030305,,,
ML030308,,,
ML030306,,,
ML030301,,,
ML030302,,,
ML030311,,,
ML030309,,,
ML030312,,,
ML030307,,,
ML030303,,,
ML030304,,,
ML030422,,,
ML030409,,,
ML030412,,,
ML030421,,,
ML030423,,,
ML030405,18.545359640410457,175.57575757575756,343.7575757575758
ML030410,,,
ML030419,,,
ML030425,,,
ML030433,,,
ML030413,,,
ML030434,,,
ML030402,40.591230497391095,169.23624595469255,191.8284789644013
ML030403,,,
ML030427,,,
ML030404,,,
ML030406,,,
ML030417,,,
ML030420,,,
ML030426,,,
ML030428,,,
ML030430,,,
ML030431,,,
ML030435,,,
ML030407,,,
ML030408,,,
ML030415,,,
ML030418,,,
ML030429,,,
ML030432,,,
ML030411,,,
ML030436,,,
ML030416,,,
ML030424,,,
ML030414,,,
ML030401,,,
ML030541,,,
ML030533,,,
ML030520,,,
ML030540,,,
ML030506,,,
ML030531,,,
ML030532,,,
ML030524,,,
ML030514,,,
ML030523,,,
ML030501,,,
ML030538,,,
ML030539,,,
ML030537,,,
ML030535,,,
ML030534,,,
ML030505,,,
ML030530,,,
ML030529,,,
ML030528,,,
ML030525,,,
ML030522,,,
ML030521,,,
ML030507,,,
ML030504,,,
ML030519,,,
ML030518,,,
ML030517,,,
ML030513,,,
ML030510,,,
ML030508,,,
ML030502,,,
ML030511,35.68170729900092,114.44938271604936,139.59259259259258
ML030512,,,
ML030526,,,
ML030543,,,
ML030527,,,
ML030503,55.845506529044606,197.7292650918635,185.7535433070866
ML030509,,,
ML030516,,,
ML030536,,,
ML030515,39.822522281295186,81.36952554744525,116.9831204379562
ML030542,,,
ML030609,,,
ML030611,,,
ML030605,,,
ML030607,,,
ML030610,,,
ML030612,,,
ML030608,,,
ML030601,,,
ML030602,,,
ML030603,,,
ML030604,,,
ML030606,,,
ML030707,,,
ML030701,41.302396390445466,110.95135985835837,164.4322038066198
ML030702,,,
ML030703,,,
ML030704,88.46502045582946,182.09795355254082,201.15727753506553
ML030705,,,
ML030706,53.41894503952634,102.88875424139604,154.43843916626273
ML030708,39.141156714613444,115.3676427092576,200.1634131913635
ML030709,,,
ML040102,,,
ML040103,,,
ML040101,,,
ML040107,,,
ML040110,,,
ML040109,,,
ML040111,,,
ML040106,,,
ML040105,,,
ML040104,,,
ML040108,,,
ML040211,,,
ML040213,,,
ML040215,,,
ML040201,,,
ML040202,,,
ML040203,,,
ML040205,,,
ML040208,,,
ML040209,,,
ML040212,,,
ML040214,,,
ML040217,,,
ML040206,,,
ML040204,,,
ML040216,,,
ML040210,,,
ML040207,,,
ML040307,,,
ML040311,,,
ML040305,,,
ML040304,,,
ML040303,,,
ML040302,,,
ML040301,,,
ML040306,,,
ML040310,,,
ML040309,,,
ML040308,,,
ML040412,,,
ML040411,,,
ML040407,,,
ML040405,,,
ML040410,,,
ML040401,,,
ML040404,,,
ML040406,,,
ML040402,,,
ML040409,,,
ML040403,,,
ML040408,,,
ML040505,,,
ML040515,,,
ML040522,,,
ML040507,,,
ML040504,,,
ML040512,,,
ML040503,,,
ML040508,,,
ML040513,,,
ML040520,,,
ML040525,,,
ML040509,,,
ML040510,,,
ML040506,,,
ML040517,,,
ML040511,,,
ML040524,,,
ML040518,,,
ML040514,,,
ML040521,,,
ML040516,,,
ML040523,,,
ML040501,,,
ML040519,,,
ML040502,,,
ML040626,,,
ML040625,,,
ML040618,,,
ML040628,,,
ML040619,,,
ML040614,,,
ML040623,,,
ML040629,,,
ML040615,,,
ML040622,,,
ML040610,,,
ML040606,,,
ML040621,,,
ML040620,,,
ML040616,,,
ML040611,,,
ML040609,,,
ML040608,,,
ML040607,,,
ML040630,,,
ML040627,,,
ML040624,,,
ML040617,,,
ML040613,,,
ML040603,,,
ML040602,,,
ML040601,,,
ML040612,,,
ML040604,,,
ML040605,,,
ML040706,71.5275790443924,135.6052788420605,171.81915708812264
ML040709,,,
ML040711,,,
ML040701,72.67776523134866,107.0795559666975,130.6304347826087
ML040703,,,
ML040704,64.20779683731054,124.34034267912772,145.36760124610592
ML040708,,,
ML040707,36.762518520129234,120.90986034701652,160.24883622513755
ML040705,57.135754668527454,85.5591858596679,299.26513122656667
ML040712,,,
ML040702,,,
ML040710,77.36257615930894,107.2,335.17058823529413
ML050111,,,
ML050110,,,
ML050106,,,
ML050118,,,
ML050114,,,
ML050112,,,
ML050109,,,
ML050101,,,
ML050120,,,
ML050119,,,
ML050117,,,
ML050116,,,
ML050115,,,
ML050108,,,
ML050102,,,
ML050121,,,
ML050113,,,
ML050107,,,
ML050104,,,
ML050103,,,
ML050105,,,
ML050206,,,
ML050209,,,
ML050204,,,
ML050207,,,
ML050208,49.76350628117109,98.38955549495502,228.32369784565043
ML050210,62.65647506713867,95.0,295.0
ML050212,,,
ML050202,52.48929849762808,108.2168559702204,185.13400782666795
ML050203,,,
ML050211,,,
ML050201,,,
ML050205,,,
ML050303,,,
ML050308,,,
ML050306,,,
ML050312,,,
ML050311,,,
ML050307,,,
ML050302,,,
ML050310,,,
ML050301,,,
ML050309,,,
ML050305,,,
ML050304,,,
ML050410,,,
ML050408,,,
ML050404,,,
ML050403,,,
ML050402,,,
ML050414,,,
ML050412,,,
ML050406,,,
ML050415,,,
ML050413,206.42006551839697,387.2924544370638,436.4157724408109
ML050411,,,
ML050409,,,
ML050407,,,
ML050405,,,
ML050401,,,
ML050508,,,
ML050507,31.97688584047205,48.264705882352935,184.46470588235297
ML050515,65.8227123205404,137.28682547399129,256.2513368983958
ML050513,,,
ML050512,62.85724220249328,128.19764205010634,190.4259865727852
ML050511,,,
ML050510,,,
ML050509,,,
ML050506,77.69658602755912,128.0050055617353,179.53225806451618
ML050505,136.6025686374747,265.9933665008292,375.1741293532338
ML050504,,,
ML050503,45.68395319737886,92.8421052631579,123.76973684210527
ML050516,,,
ML050514,,,
ML050502,,,
ML050501,,,
ML050609,,,
ML050612,,,
ML050608,,,
ML050605,,,
ML050604,,,
ML050603,,,
ML050602,,,
ML050601,,,
ML050611,,,
ML050615,,,
ML050606,,,
ML050610,,,
ML050607,,,
ML050614,,,
ML050613,,,
ML050708,,,
ML050710,,,
ML050701,,,
ML050709,,,
ML050707,,,
ML050703,,,
ML050702,,,
ML050706,,,
ML050705,,,
ML050704,,,
ML050806,,,
ML050805,,,
ML050801,,,
ML050802,,,
ML050807,,,
ML050804,,,
ML050803,,,
ML060105,,,
ML060104,,,
ML060107,,,
ML060108,,,
ML060109,,,
ML060110,,,
ML060101,,,
ML060103,,,
ML060106,,,
ML060113,,,
ML060112,,,
ML060102,,,
ML060111,,,
ML060204,,,
ML060211,,,
ML060209,,,
ML060213,,,
ML060214,,,
ML060203,,,
ML060206,,,
ML060210,,,
ML060212,,,
ML060201,,,
ML060205,,,
ML060215,,,
ML060208,,,
ML060216,,,
ML060202,,,
ML060207,,,
ML060301,,,
ML060309,,,
ML060302,,,
ML060308,,,
ML060303,123.3665342073183,283.1148648648649,314.7702702702703
ML060304,,,
ML060306,,,
ML060307,,,
ML060305,,,
ML060402,,,
ML060404,,,
ML060405,,,
ML060406,,,
ML060403,,,
ML060407,,,
ML060408,,,
ML060401,,,
ML060503,,,
ML060502,,,
ML060501,,,
ML060505,,,
ML060506,,,
ML060504,,,
ML070101,,,
ML070105,,,
ML070106,169.11760209626993,350.4264940875679,234.1788111217641
ML070103,,,
ML070107,,,
ML070102,,,
ML070104,,,
ML070205,,,
ML070202,,,
ML070204,,,
ML070201,,,
ML070203,,,
ML070305,132.24246959805393,269.03556882975835,292.81020906869406
ML070302,,,
ML070301,,,
ML070303,,,
ML070306,,,
ML070307,,,
ML070304,,,
ML080101,,,
ML080103,,,
ML080102,,,
ML080201,,,
ML080203,,,
ML080202,,,
ML080302,,,
ML080301,,,
ML080303,,,
ML080401,,,
ML090104,,,
ML090103,,,
ML090102,,,
ML090106,,,
ML090101,,,
ML090105,,,
ML100101,,,
ML100201,,,
ML100301,,,
ML100401,,,
SN010101,,,
SN010102,,,
SN010103,,,
SN010104,,,
SN010201,,,
SN010302,,,
SN010303,,,
SN010401,,,
SN010402,,,
SN010403,,,
SN010404,,,
SN010501,,,
SN010502,,,
SN010503,,,
SN020101,,,
SN020102,,,
SN020103,,,
SN020201,,,
SN020202,,,
SN020301,,,
SN020302,,,
SN020303,,,
SN030101,,,
SN030102,,,
SN030103,,,
SN030104,,,
SN030201,,,
SN030202,,,
SN030203,,,
SN030301,,,
SN030302,,,
SN040101,,,
SN040102,,,
SN040201,,,
SN040202,,,
SN040301,,,
SN040302,,,
SN040303,,,
SN040401,,,
SN040402,,,
SN050101,,,
SN050102,,,
SN050201,,,
SN050202,,,
SN050203,,,
SN050301,,,
SN050302,,,
SN050303,,,
SN060101,,,
SN060102,,,
SN060201,,,
SN060202,,,
SN060301,,,
SN060302,,,
SN070101,,,
SN070102,,,
SN070103,,,
SN070201,,,
SN070202,,,
SN070203,,,
SN070301,,,
SN070302,,,
SN070303,,,
SN080101,,,
SN080102,,,
SN080103,,,
SN080201,,,
SN080202,,,
SN080203,,,
SN080204,,,
SN080301,,,
SN080302,,,
SN080303,,,
SN080304,,,
SN090101,,,
SN090102,,,
SN090201,,,
SN090202,,,
SN090301,,,
SN100101,,,
SN100102,,,
SN100201,,,
SN100202,,,
SN100203,,,
SN100204,,,
SN100301,,,
SN110101,,,
SN110102,,,
SN110103,,,
SN110201,,,
SN110202,,,
SN110203,,,
SN110301,,,
SN110302,,,
SN110303,,,
SN120101,,,
SN120102,,,
SN120103,,,
SN120201,,,
SN120202,,,
SN120203,,,
SN120204,,,
SN120301,,,
SN120302,,,
SN120401,,,
SN120402,,,
SN120403,,,
SN130101,,,
SN130102,,,
SN130103,,,
SN130201,,,
SN130202,,,
SN130203,,,
SN130301,,,
SN130302,,,
SN130303,,,
SN130304,,,
SN140101,,,
SN140102,,,
SN140103,,,
SN140104,,,
SN140201,,,
SN140202,,,
SN140301,,,
SN140302,,,
CI030101,,,
CI030102,,,
CI030103,,,
CI030104,,,
CI030105,,,
CI030106,,,
CI030107,,,
CI030108,,,
CI030109,,,
CI030110,,,
CI030111,,,
CI030202,,,
CI030201,,,
CI030302,,,
CI030301,,,
CI030402,,,
CI030403,,,
CI030404,,,
CI030401,,,
CI040102,,,
CI040103,,,
CI040101,,,
CI040104,,,
CI040105,,,
CI040202,,,
CI040203,,,
CI040204,,,
CI040201,,,
CI040205,,,
CI040206,,,
CI040302,,,
CI040303,,,
CI040304,,,
CI040301,,,
CI050101,,,
CI050102,,,
CI050103,,,
CI050104,,,
CI050105,,,
CI050202,,,
CI050203,,,
CI050204,,,
CI050201,,,
CI050205,,,
CI050302,,,
CI050303,,,
CI050304,,,
CI050301,,,
CI060101,,,
CI060102,,,
CI060103,,,
CI060104,,,
CI060105,,,
CI060201,,,
CI060202,,,
CI060302,,,
CI060303,,,
CI060301,,,
CI060304,,,
CI060402,,,
CI060403,,,
CI060404,,,
CI060401,,,
CI070101,,,
CI070102,,,
CI070202,,,
CI070201,,,
CI070302,,,
CI070301,,,
CI070303,,,
CI070304,,,
CI070305,,,
CI080101,96.81844762328325,189.09554140127392,246.22929936305735
CI080102,48.72693595776096,90.7521653244188,193.80656435192216
CI080103,,,
CI080104,,,
CI080105,,,
CI080201,55.90704934401056,64.80647571606477,261.00286425902874
CI080202,46.37320957411932,96.4453650148507,123.1664842895107
CI080203,42.98424093904613,51.10622425119696,176.81605611847232
CI080204,,,
CI080302,,,
CI080303,,,
CI080304,,,
CI080301,,,
CI080305,,,
CI080402,73.01934688749687,153.48585376678128,181.64806390768888
CI080401,93.51532439845306,82.63819517313745,238.35383001049314
CI080403,60.51300554274375,124.98293963254596,184.60600095442618
CI090101,,,
CI090102,,,
CI090103,,,
CI090104,,,
CI090105,,,
CI090202,,,
CI090201,,,
CI090203,,,
CI090204,,,
CI090301,,,
CI090302,,,
CI090402,,,
CI090403,,,
CI090404,,,
CI090405,,,
CI090406,,,
CI090401,,,
CI010101,,,
CI010102,,,
CI010103,,,
CI010104,,,
CI010105,,,
CI020101,,,
CI020102,,,
CI020202,,,
CI020201,,,
CI100101,,,
CI100102,,,
CI100103,,,
CI100202,,,
CI100201,,,
CI100203,,,
CI100204,,,
CI110101,,,
CI110102,,,
CI110103,,,
CI110104,,,
CI110105,,,
CI110106,,,
CI110107,,,
CI110201,,,
CI110202,,,
CI110203,,,
CI110204,,,
CI110301,,,
CI110302,,,
CI110303,,,
CI110304,,,
CI110305,,,
CI110402,,,
CI110403,,,
CI110401,,,
CI110404,,,
CI120101,,,
CI120102,,,
CI120103,,,
CI120202,,,
CI120203,,,
CI120204,,,
CI120205,,,
CI120206,,,
CI120201,,,
CI130101,,,
CI130102,,,
CI130103,,,
CI130104,,,
CI130105,,,
CI130106,,,
CI130107,,,
CI130108,,,
CI130109,,,
CI130110,,,
CI130111,,,
CI130112,,,
CI130202,,,
CI130203,,,
CI130201,,,
CI130204,,,
CI140101,,,
CI140102,,,
CI140103,,,
CI140104,,,
CI140105,,,
CI140106,,,
CI140107,,,
CI140108,,,
CI140109,,,
CI140110,,,
CI140111,,,
CI140112,,,
CI140202,,,
CI140203,,,
CI140204,,,
CI140201,,,
CI140205,,,
CI140206,,,
CI140302,,,
CI140303,,,
CI140301,,,
CI140304,,,
CI140402,,,
CI140403,,,
CI140401,,,
CI140404,,,
CI140502,,,
CI140503,,,
CI140501,,,
CI150101,,,
CI150102,,,
CI150103,,,
CI150201,,,
CI150202,,,
CI150203,,,
CI150204,,,
CI150205,,,
CI150302,,,
CI150301,,,
CI160101,,,
CI160102,,,
CI160103,,,
CI160104,,,
CI160105,,,
CI160106,,,
CI160107,,,
CI160108,,,
CI160109,,,
CI160201,,,
CI160202,,,
CI160203,,,
CI160204,,,
CI160205,,,
CI160301,,,
CI160302,,,
CI160303,,,
CI160304,,,
CI160305,,,
CI160401,,,
CI160402,,,
CI160403,,,
CI160404,,,
CI170101,,,
CI170102,,,
CI170103,,,
CI170104,,,
CI170105,,,
CI170106,,,
CI170107,,,
CI170108,,,
CI170109,,,
CI170110,,,
CI170202,,,
CI170201,,,
CI170203,,,
CI170302,,,
CI170303,,,
CI170301,,,
CI170304,,,
CI170305,,,
CI170306,,,
CI180101,,,
CI180102,,,
CI180103,,,
CI180104,,,
CI180105,,,
CI180106,,,
CI180202,,,
CI180203,,,
CI180201,,,
CI180204,,,
CI180205,,,
CI180206,,,
CI180207,,,
CI180302,,,
CI180303,,,
CI180304,,,
CI180305,,,
CI180306,,,
CI180301,,,
CI180402,,,
CI180403,,,
CI180404,,,
CI180401,,,
CI190101,,,
CI190102,,,
CI190103,,,
CI190104,,,
CI190105,,,
CI190106,,,
CI190107,,,
CI190202,,,
CI190203,,,
CI190201,,,
CI190302,,,
CI190303,,,
CI190304,,,
CI190305,,,
CI190301,,,
CI200101,,,
CI200102,,,
CI200103,,,
CI200104,,,
CI200105,,,
CI200106,,,
CI200107,,,
CI200201,,,
CI200202,,,
CI200203,,,
CI200204,,,
CI200205,,,
CI200301,,,
CI200302,,,
CI210101,,,
CI210102,,,
CI210103,,,
CI210202,,,
CI210201,,,
CI210203,,,
CI210302,,,
CI210303,,,
CI210304,,,
CI210301,,,
CI210305,,,
CI210402,,,
CI210401,,,
CI210502,,,
CI210501,,,
CI220101,,,
CI220102,,,
CI220103,,,
CI220104,,,
CI220105,,,
CI220106,,,
CI220107,,,
CI220202,,,
CI220201,,,
CI220203,,,
CI220204,,,
CI220302,,,
CI220303,,,
CI220304,,,
CI220301,,,
CI220305,,,
CI220306,,,
CI230101,,,
CI230102,,,
CI230103,,,
CI230104,,,
CI230105,,,
CI230106,,,
CI230107,,,
CI230202,,,
CI230203,,,
CI230204,,,
CI230201,,,
CI230302,,,
CI230303,,,
CI230304,,,
CI230305,,,
CI230306,,,
CI230307,,,
CI230301,,,
CI240101,,,
CI240102,,,
CI240103,,,
CI240104,,,
CI240105,,,
CI240106,,,
CI240201,,,
CI240202,,,
CI240203,,,
CI240301,,,
CI240302,,,
CI240303,,,
CI240304,,,
CI240305,,,
CI240402,,,
CI240403,,,
CI240401,,,
CI250101,,,
CI250102,,,
CI250103,,,
CI250201,,,
CI250202,,,
CI250203,,,
CI250204,,,
CI250302,,,
CI250303,,,
CI250301,,,
CI250304,,,
CI270101,,,
CI270102,,,
CI270103,,,
CI270104,,,
CI270201,,,
CI270202,,,
CI270203,,,
CI270204,,,
CI270301,,,
CI270302,,,
CI260101,,,
CI260102,,,
CI260202,,,
CI260201,,,
CI260301,,,
CI260302,,,
CI260402,,,
CI260403,,,
CI260404,,,
CI260405,,,
CI260401,,,
CI280101,,,
CI280102,,,
CI280103,,,
CI280202,,,
CI280203,,,
CI280204,,,
CI280205,,,
CI280206,,,
CI280207,,,
CI280208,,,
CI280201,,,
CI280209,,,
CI280210,,,
CI280211,,,
CI280212,,,
CI280213,,,
CI280214,,,
CI280215,,,
CI280216,,,
CI280302,,,
CI280303,,,
CI280304,,,
CI280301,,,
CI280402,,,
CI280403,,,
CI280404,,,
CI280401,,,
CI290102,,,
CI290103,,,
CI290104,,,
CI290105,,,
CI290101,,,
CI290202,,,
CI290203,,,
CI290204,,,
CI290205,,,
CI290206,,,
CI290201,,,
CI300101,,,
CI300102,,,
CI300103,,,
CI300104,,,
CI300105,,,
CI300106,,,
CI300107,,,
CI300108,,,
CI300201,,,
CI300202,,,
CI300203,,,
CI300301,,,
CI300302,,,
CI300303,,,
CI300402,,,
CI300403,,,
CI300401,,,
CI310101,104.34938991266392,336.52998500749624,132.70289855072463
CI310102,,,
CI310103,217.76786754988572,326.72220951509604,265.56347209515087
CI310202,,,
CI310201,,,
CI310203,,,
CI310204,101.0899340585964,226.77278963414633,164.97141768292678
CI310302,30.964736648237842,65.92289156626505,112.97638554216866
CI310303,57.73936700009305,175.34887969997115,88.59611501105871
CI310304,,,
CI310301,95.36070520076495,233.28718558130325,111.07971875618935
CI310305,33.70404018955377,73.56641221374046,107.29160305343514
CI320101,,,
CI320102,,,
CI320103,,,
CI320104,,,
CI320105,,,
CI320106,,,
CI320107,,,
CI320201,,,
CI320202,,,
CI320203,,,
CI320204,,,
CI320205,,,
CI320206,,,
CI320207,,,
CI320302,,,
CI320303,,,
CI320304,,,
CI320305,,,
CI320301,,,
CI320306,,,
CI320307,,,
CI320308,,,
CI320309,,,
CI320310,,,
CI320311,,,
CI320401,,,
CI320402,,,
CI320502,,,
CI320503,,,
CI320504,,,
CI320505,,,
CI320506,,,
CI320501,,,
CI330102,,,
CI330103,,,
CI330101,,,
CI330104,,,
CI330202,,,
CI330203,,,
CI330204,,,
CI330205,,,
CI330201,,,
CI330206,,,
CI330207,,,
