ADM3_PCODE,inhabitants_100m,inhabitants_inside5km_events,exposed_to_conflict_indicator,inhabitants_inside5km_VAC,inhabitants_inside5km_Battles,inhabitants_inside5km_Riots,inhabitants_inside5km_Protests,inhabitants_inside5km_ERV
BF130001,20390.67517,0,0,0,0,0,0,0
BF130002,131796.6865,71187.15564,0.540128569,0,71187.15564,14639.63463,70762.83013,70762.83013
BF130003,44651.82881,19982.14958,0.447510217,8123.219654,19982.14958,19873.68245,19873.68245,19873.68245
BF130004,3464448.123,2923064.489,0.843731638,1549229.824,2923064.489,2814764.449,2871551.141,2871551.141
BF130005,26230.1028,1479.553202,0.056406687,0,1479.553202,1476.342186,1479.553202,1479.553202
BF130006,120411.8643,83105.46668,0.690176729,3933.89644,83105.46668,81531.97348,81531.97348,81531.97348
BF130007,62347.76649,39128.55983,0.62758559,21718.22631,39128.55983,31479.95216,31479.95216,31479.95216
BF460101,39561.2816,10070.76086,0.254561037,0,10070.76086,10070.76086,10070.76086,10070.76086
BF460102,18121.36533,9214.739908,0.508501415,0,9214.739908,9214.739908,9214.739908,9214.739908
BF460103,30411.10443,16758.46082,0.551063867,16758.46082,16758.46082,16758.46082,16758.46082,16758.46082
BF460104,49347.46363,0,0,0,0,0,0,0
BF460105,33253.73405,0,0,0,0,0,0,0
BF460106,33772.34699,0,0,0,0,0,0,0
BF460107,13972.34362,0,0,0,0,0,0,0
BF460108,14425.61477,0,0,0,0,0,0,0
BF460109,21113.81151,0,0,0,0,0,0,0
BF460110,21147.35733,0,0,0,0,0,0,0
BF460201,22960.22734,4633.599617,0.201809832,4633.599617,4633.599617,4633.599617,4633.599617,4633.599617
BF460202,64385.94657,16838.28317,0.261521094,0,16838.28317,0,16838.28317,16838.28317
BF460203,11905.7797,98.89644265,0.008306591,0,98.89644265,0,0,0
BF460204,37768.93349,11459.89956,0.303421318,2818.203338,11459.89956,5118.00154,5118.00154,5118.00154
BF460205,159737.2479,27344.99938,0.17118737,2438.744782,27344.99938,27344.99938,27344.99938,27344.99938
BF460206,41185.49538,46.08369565,0.00111893,0,46.08369565,46.08369565,46.08369565,46.08369565
BF460301,67394.68786,47517.49174,0.705062865,35898.59796,47517.49174,35898.59796,35898.59796,40536.40574
BF460302,13124.98372,406.6218193,0.030980748,406.6218193,406.6218193,406.6218193,406.6218193,406.6218193
BF460303,11157.02369,4345.062092,0.389446345,2551.037426,4345.062092,4264.387558,4264.387558,4264.387558
BF460304,60454.76467,23235.97853,0.384353138,23235.97853,23235.97853,23235.97853,23235.97853,23235.97853
BF460305,35072.89228,1932.262576,0.055092764,1932.262576,1932.262576,1932.262576,1932.262576,1932.262576
BF460306,34572.32616,7493.171703,0.216739009,0,7493.171703,0,0,0
BF460307,13494.5499,9363.025335,0.693837542,9218.18636,9363.025335,9218.18636,9218.18636,9218.18636
BF460308,5015.31292,2091.943329,0.417111228,0,2091.943329,0,0,0
BF460309,85355.05938,27281.79464,0.319627153,27192.57765,27281.79464,27281.79464,27281.79464,27281.79464
BF460311,8565.736165,3290.851905,0.384187867,3290.851905,3290.851905,3290.851905,3290.851905,3290.851905
BF460401,72176.94479,0,0,0,0,0,0,0
BF460402,116131.3989,55866.60689,0.481063756,9540.497403,55866.60689,55866.60689,55866.60689,55866.60689
BF460403,15388.96756,0,0,0,0,0,0,0
BF460404,26961.05573,459.1013117,0.017028314,0,459.1013117,459.1013117,459.1013117,459.1013117
BF460405,46432.92694,4187.356954,0.090180767,0,4187.356954,0,0,0
BF460406,62808.52324,0,0,0,0,0,0,0
BF460407,45851.73427,8937.020366,0.194911283,0,8937.020366,8937.020366,8937.020366,8937.020366
BF460501,39910.59577,20.63210726,5.17E-04,20.63210726,20.63210726,20.63210726,20.63210726,20.63210726
BF460502,19732.46763,3309.498545,0.167718433,3309.498545,3309.498545,3309.498545,3309.498545,3309.498545
BF460503,20819.4605,0,0,0,0,0,0,0
BF460504,33616.80227,0,0,0,0,0,0,0
BF460505,37408.5342,0,0,0,0,0,0,0
BF460506,39395.58458,0,0,0,0,0,0,0
BF460601,24093.66191,11165.47309,0.463419514,2590.65616,11165.47309,2590.65616,2590.65616,2590.65616
BF460602,15742.32486,11309.63025,0.718421856,10659.75322,11309.63025,11309.63025,11309.63025,11309.63025
BF460603,22917.47771,10408.32702,0.454165469,0,10408.32702,6701.975719,6701.975719,6701.975719
BF460604,35391.62553,3963.243042,0.111982509,0,3963.243042,0,0,0
BF460605,22891.24039,17056.00101,0.745088546,2784.61653,17056.00101,17056.00101,17056.00101,17056.00101
BF460606,22335.3126,9640.084641,0.43160733,9640.084641,9640.084641,9640.084641,9640.084641,9640.084641
BF460607,35187.86909,19502.42428,0.55423715,10159.31382,19502.42428,14385.73276,14385.73276,17453.25356
BF460608,73009.89496,22168.14307,0.303632036,21859.14324,22168.14307,21859.14324,21859.14324,21973.48137
BF470101,154852.8872,109473.8844,0.706954106,96172.37003,109473.8844,96172.37003,96172.37003,96172.37003
BF470102,12600.12327,6810.765427,0.540531651,0,6810.765427,6810.765427,6810.765427,6810.765427
BF470103,93400.24542,18029.80747,0.193038117,0,18029.80747,0,0,2128.896771
BF470104,17191.78076,8125.676559,0.472648917,0,8125.676559,8125.676559,8125.676559,8125.676559
BF470105,111487.709,40216.02396,0.360721593,0,40216.02396,32597.76217,32597.76217,35261.28952
BF470106,108838.133,10226.27519,0.093958569,7871.62571,10226.27519,7871.62571,7871.62571,10226.27519
BF470107,217994.228,28150.57864,0.129134514,5795.125571,28150.57864,5795.125571,5795.125571,5795.125571
BF470108,47797.77422,2517.964514,0.052679535,0,2517.964514,53.91800737,59.70172071,59.70172071
BF470109,102194.748,0,0,0,0,0,0,0
BF470201,17584.20809,0,0,0,0,0,0,0
BF470202,10767.49638,8245.686942,0.765794262,0,8245.686942,0,8245.686942,8245.686942
BF470203,12195.76776,1560.541417,0.12795762,0,1560.541417,1560.541417,1560.541417,1560.541417
BF470204,37311.58833,5558.213469,0.148967485,0,5558.213469,5558.213469,5558.213469,5558.213469
BF470205,52488.14608,0,0,0,0,0,0,0
BF470206,14695.66389,0,0,0,0,0,0,0
BF470207,22786.09986,1564.255679,0.068649558,0,1564.255679,981.7271795,1564.255679,1564.255679
BF470208,5618.824086,96.76121759,0.017220902,0,96.76121759,96.76121759,96.76121759,96.76121759
BF480101,45009.76864,0,0,0,0,0,0,0
BF480102,36572.1563,0,0,0,0,0,0,0
BF480103,27580.33929,24432.04637,0.885850102,0,24432.04637,24432.04637,24432.04637,24432.04637
BF480104,67852.9873,19330.0861,0.284881873,0,19330.0861,19330.0861,19330.0861,19330.0861
BF480105,104539.447,17233.51834,0.164851822,4619.346725,17233.51834,4619.346725,4619.346725,4619.346725
BF480106,26430.02837,902.8610806,0.034160428,0,902.8610806,902.8610806,902.8610806,902.8610806
BF480107,97129.67353,45519.19803,0.468643581,33973.44174,45519.19803,45519.19803,45519.19803,45519.19803
BF480108,27092.47302,6859.420747,0.253185479,0,6859.420747,6859.420747,6859.420747,6859.420747
BF480109,19469.24214,10876.13751,0.558631786,0,10876.13751,10876.13751,10876.13751,10876.13751
BF480110,157340.9009,53824.33408,0.342087364,46579.62006,53824.33408,53824.33408,53824.33408,53824.33408
BF480111,106778.4453,49068.09867,0.45953187,7026.265156,49068.09867,7026.265156,7026.265156,21706.4755
BF480112,11241.78335,5783.297393,0.514446615,5783.297393,5783.297393,5783.297393,5783.297393,5783.297393
BF480113,17615.09431,11852.97464,0.672887379,0,11852.97464,7242.453911,7242.453911,7246.734761
BF480202,14762.05964,0,0,0,0,0,0,0
BF480201,72443.25822,17939.65005,0.247637261,17939.65005,17939.65005,17939.65005,17939.65005,17939.65005
BF480203,16571.60296,0,0,0,0,0,0,0
BF480204,52429.96878,18665.9592,0.356016981,0,18665.9592,722.5666099,18665.9592,18665.9592
BF480205,61882.33963,16310.50738,0.263572895,3836.007493,16310.50738,3836.007493,16310.50738,16310.50738
BF480206,60382.98275,14426.89607,0.23892321,11886.08872,14426.89607,11886.08872,11886.08872,11886.08872
BF480207,57749.2896,20314.54795,0.351771391,20314.54795,20314.54795,20314.54795,20314.54795,20314.54795
BF480208,37172.77277,6222.509855,0.167394289,129.6337347,6222.509855,6200.759281,6222.509855,6222.509855
BF480301,61136.14732,8934.590566,0.146142519,1689.944304,8934.590566,1689.944304,1689.944304,1689.944304
BF480302,19053.91113,0,0,0,0,0,0,0
BF480303,46181.0235,0,0,0,0,0,0,0
BF480304,36197.9583,0,0,0,0,0,0,0
BF480305,40295.59476,2127.784017,0.052804383,162.0266848,2127.784017,2127.784017,2127.784017,2127.784017
BF480306,81175.9167,41997.91585,0.51736916,1082.543191,41997.91585,38961.46018,38961.46018,38961.46018
BF480307,115699.4819,100313.1257,0.867014476,90521.95856,100313.1257,100313.1257,100313.1257,100313.1257
BF480308,23877.35165,0,0,0,0,0,0,0
BF480309,23114.08353,0,0,0,0,0,0,0
BF490101,67200.96783,57022.17907,0.848532111,53058.29428,57022.17907,54200.89651,54200.89651,54200.89651
BF490102,28321.49556,11462.06332,0.404712502,0,11462.06332,0,0,431.3671122
BF490103,95450.51613,54178.99823,0.567613465,48977.95579,54178.99823,54178.99823,54178.99823,54178.99823
BF490104,12993.68496,12721.43593,0.979047589,11683.17292,12721.43593,12721.43593,12721.43593,12721.43593
BF490105,38253.87424,10610.95114,0.277382392,121.7736406,10610.95114,121.7736406,121.7736406,121.7736406
BF490106,16261.13737,0,0,0,0,0,0,0
BF490107,28656.12268,14342.93596,0.500519073,628.736907,14342.93596,9820.948929,9820.948929,14342.93596
BF490108,41768.69067,0,0,0,0,0,0,0
BF490109,34667.71622,32396.58269,0.934488516,29775.63765,32396.58269,32396.58269,32396.58269,32396.58269
BF490201,45760.02101,0,0,0,0,0,0,0
BF490202,101799.0723,22740.41547,0.223385292,21505.71767,22740.41547,22740.41547,22740.41547,22740.41547
BF490203,52507.16052,21239.43035,0.404505407,16589.07256,21239.43035,17309.92488,17309.92488,17309.92488
BF490204,35103.06789,0,0,0,0,0,0,0
BF490205,22371.34857,6032.207388,0.269639864,25.02732611,6032.207388,4364.17883,4364.17883,4364.17883
BF490206,106216.6283,24409.51962,0.229808835,16243.20101,24409.51962,24409.51962,24409.51962,24409.51962
BF490207,46958.15785,0,0,0,0,0,0,0
BF490208,29523.48386,0,0,0,0,0,0,0
BF490301,118553.6437,77593.9136,0.654504671,62108.02141,77593.9136,66694.74775,66694.74775,66694.74775
BF490302,106166.9177,20828.18541,0.196183386,20446.44036,20828.18541,20828.18541,20828.18541,20828.18541
BF490303,29400.01333,20051.63797,0.682028193,15559.73806,20051.63797,16183.72762,16183.72762,16183.72762
BF490304,157496.5531,82971.93364,0.526817457,82907.15836,82971.93364,82971.93364,82971.93364,82971.93364
BF490305,57174.17353,3049.846281,0.053343076,0,3049.846281,3049.846281,3049.846281,3049.846281
BF490306,60603.70906,865.9306135,0.01428841,0,865.9306135,0,0,865.9306135
BF490307,10914.27038,7861.398473,0.720286212,5756.691214,7861.398473,7830.235462,7830.235462,7830.235462
BF490308,50548.63205,36215.03163,0.7164394,31019.1227,36215.03163,31637.13757,31637.13757,31637.13757
BF490309,37029.27649,0,0,0,0,0,0,0
BF490310,127271.2912,56127.84814,0.441009497,47831.91603,56127.84814,50587.99752,50587.99752,50587.99752
BF490311,36621.6035,0,0,0,0,0,0,0
BF500101,16592.32621,6252.375803,0.376823341,6252.375803,6252.375803,6252.375803,6252.375803,6252.375803
BF500102,31715.84155,0,0,0,0,0,0,0
BF500103,39871.76192,0,0,0,0,0,0,0
BF500104,39141.83877,16966.85915,0.433471183,151.1559508,16966.85915,16966.85915,16966.85915,16966.85915
BF500105,169672.7033,100161.0288,0.590319048,100140.9993,100161.0288,100140.9993,100161.0288,100161.0288
BF500107,31172.75421,0,0,0,0,0,0,0
BF500106,37104.86357,5188.901805,0.13984425,0,5188.901805,176.9689412,5188.901805,5188.901805
BF500108,23469.14338,0,0,0,0,0,0,0
BF500109,33532.74945,0,0,0,0,0,0,0
BF500110,22376.54682,0,0,0,0,0,0,0
BF500111,57542.15367,0,0,0,0,0,0,0
BF500112,30136.61738,2346.264248,0.077854267,0,2346.264248,2346.264248,2346.264248,2346.264248
BF500113,19129.2975,0,0,0,0,0,0,0
BF500114,15219.1658,0,0,0,0,0,0,0
BF500115,53690.19872,0,0,0,0,0,0,0
BF500201,19292.02089,0,0,0,0,0,0,0
BF500202,47985.50106,2158.816016,0.044988923,2158.816016,2158.816016,2158.816016,2158.816016,2158.816016
BF500203,25904.13014,0,0,0,0,0,0,0
BF500204,19808.85796,1725.652023,0.08711517,0,1725.652023,0,1725.652023,1725.652023
BF500205,26575.64284,3679.933944,0.138470176,0,3679.933944,3679.933944,3679.933944,3679.933944
BF500206,49887.23635,18547.29019,0.371784279,0,18547.29019,18547.29019,18547.29019,18547.29019
BF500207,69451.4971,48125.97112,0.69294361,19566.32285,48125.97112,19566.32285,48125.97112,48125.97112
BF500208,44430.48563,9293.914614,0.209178776,0,9293.914614,9293.914614,9293.914614,9293.914614
BF500209,17684.41246,0,0,0,0,0,0,0
BF500210,28028.41733,109.5161314,0.003907325,109.5161314,109.5161314,109.5161314,109.5161314,109.5161314
BF500301,54475.73026,11838.10038,0.217309623,0,11838.10038,5630.744953,9873.735819,9873.735819
BF500302,22675.49424,3904.882216,0.172207149,0,3904.882216,0,0,0
BF500303,81714.94642,35556.18669,0.43512464,35043.86218,35556.18669,35556.18669,35556.18669,35556.18669
BF500304,9007.813432,0,0,0,0,0,0,0
BF500305,42137.18576,0,0,0,0,0,0,0
BF500306,34255.07588,2395.530895,0.069932144,0,2395.530895,0,0,0
BF500307,62551.58812,0,0,0,0,0,0,0
BF500401,37769.65956,0,0,0,0,0,0,0
BF500402,28721.10832,0,0,0,0,0,0,0
BF500404,11348.291,0,0,0,0,0,0,0
BF500405,22729.8236,0,0,0,0,0,0,0
BF500403,63479.04211,0,0,0,0,0,0,0
BF500406,124424.6596,21163.83928,0.170093608,16146.7297,21163.83928,16146.7297,16146.7297,16146.7297
BF510101,24056.84612,1730.223754,0.071922302,0,1730.223754,1730.223754,1730.223754,1730.223754
BF510102,30143.81509,0,0,0,0,0,0,0
BF510103,13942.37348,0,0,0,0,0,0,0
BF510104,39254.11687,65.32558537,0.001664172,0,65.32558537,65.32558537,65.32558537,65.32558537
BF510105,75617.02736,24315.67284,0.321563458,0,24315.67284,24315.67284,24315.67284,24315.67284
BF510106,37234.02625,13174.33347,0.353825111,0,13174.33347,9110.44053,13174.33347,13174.33347
BF510107,29788.48207,0,0,0,0,0,0,0
BF510201,72342.77773,19609.57168,0.271064677,3861.304736,19609.57168,3861.304736,3861.304736,3861.304736
BF510202,71949.37735,21443.37201,0.298034157,1155.671158,21443.37201,1213.939531,21443.37201,21443.37201
BF510203,59153.17011,29423.50108,0.497412075,0,29423.50108,22327.01118,29423.50108,29423.50108
BF510204,7239.816173,0,0,0,0,0,0,0
BF510205,31609.45803,0,0,0,0,0,0,0
BF510301,50215.7921,0,0,0,0,0,0,0
BF510302,48609.14012,914.7172489,0.018817804,0,914.7172489,914.7172489,914.7172489,914.7172489
BF510303,63105.87608,0,0,0,0,0,0,0
BF510304,50686.37558,8748.353246,0.172597728,0,8748.353246,5231.451824,5231.451824,5231.451824
BF510305,32204.42541,0,0,0,0,0,0,0
BF510306,40714.68995,24865.64116,0.610728982,0,24865.64116,24865.64116,24865.64116,24865.64116
BF510307,35980.22678,9799.877739,0.272368426,0,9799.877739,0,0,0
BF520101,136699.5866,13277.37449,0.097128125,406.8283432,13277.37449,2626.54486,13277.37449,13277.37449
BF520102,114980.8017,19984.13155,0.173804072,19984.13155,19984.13155,19984.13155,19984.13155,19984.13155
BF520103,39213.60265,7734.65694,0.197244232,2210.861003,7734.65694,3662.911006,3662.911006,3662.911006
BF520104,53333.35121,10344.62566,0.193961666,3729.33696,10344.62566,3729.33696,3729.33696,3729.33696
BF520105,118602.8048,33884.63761,0.285698451,479.1462464,33884.63761,835.2550063,31173.65863,31173.65863
BF520106,81383.9677,12811.61231,0.15742182,0,12811.61231,0,12811.61231,12811.61231
BF520107,28800.34841,0,0,0,0,0,0,0
BF520201,53081.38077,3593.064996,0.067689742,0,3593.064996,3593.064996,3593.064996,3593.064996
BF520202,42997.84443,3002.202736,0.069822168,487.2485571,3002.202736,3002.202736,3002.202736,3002.202736
BF520203,200923.3487,111263.7367,0.553762106,99659.31438,111263.7367,106324.8769,106324.8769,106324.8769
BF520204,91712.98737,26241.65569,0.286128022,24974.62784,26241.65569,25775.31928,25775.31928,26111.43404
BF520205,31910.7287,0,0,0,0,0,0,0
BF520206,32874.57208,6353.429501,0.193262729,2830.957952,6353.429501,6353.429501,6353.429501,6353.429501
BF520301,25229.66126,8777.625473,0.34790897,4628.674594,8777.625473,6867.806961,6867.806961,6867.806961
BF520302,34319.35904,19719.80592,0.574597151,17978.60549,19719.80592,19594.85674,19594.85674,19594.85674
BF520303,78399.53675,15366.74267,0.196005529,15366.74267,15366.74267,15366.74267,15366.74267,15366.74267
BF520401,55160.8523,35246.21284,0.638971506,29512.78071,35246.21284,35246.21284,35246.21284,35246.21284
BF520402,16351.95296,6372.057575,0.389681746,5937.180042,6372.057575,5937.180042,5937.180042,5937.180042
BF520403,105513.6615,50968.31391,0.483049429,46918.03059,50968.31391,46974.38882,46974.38882,47436.75108
BF520501,71890.57968,17994.46576,0.250303528,54.05064058,17994.46576,17994.46576,17994.46576,17994.46576
BF520502,49046.20588,17917.47164,0.3653182,4171.881889,17917.47164,9292.087898,17917.47164,17917.47164
BF520503,99529.95032,31685.83053,0.318354731,24111.69128,31685.83053,26835.03472,26835.03472,29110.16553
BF520504,91277.80504,49713.30526,0.544637387,31971.24826,49713.30526,45112.17442,45112.17442,45112.17442
BF520505,25761.1244,14174.23968,0.550218207,14174.23968,14174.23968,14174.23968,14174.23968,14174.23968
BF520506,75145.28755,30254.89662,0.402618682,26964.91934,30254.89662,29785.37344,29785.37344,29785.37344
BF520507,68368.914,32176.69248,0.470633371,30827.92282,32176.69248,32176.69248,32176.69248,32176.69248
BF520508,67436.19948,56615.37355,0.839539802,0,56615.37355,56615.37355,56615.37355,56615.37355
BF530101,80053.78878,14434.6813,0.180312282,0,14434.6813,14434.6813,14434.6813,14434.6813
BF530102,920056.6214,477198.7249,0.518662345,427039.7554,477198.7249,430685.0243,458581.3292,458581.3292
BF530103,23733.99268,0,0,0,0,0,0,0
BF530104,23420.96114,11071.98837,0.472738429,0,11071.98837,0,0,0
BF530105,30756.71591,0,0,0,0,0,0,0
BF530106,35228.91052,10306.91553,0.292569806,0,10306.91553,10306.91553,10306.91553,10306.91553
BF530107,131977.1478,5532.434134,0.041919637,0,5532.434134,0,5532.434134,5532.434134
BF530108,16750.68808,0,0,0,0,0,0,0
BF530109,26327.66696,5020.211152,0.190681961,0,5020.211152,5020.211152,5020.211152,5020.211152
BF530110,54118.39654,0,0,0,0,0,0,0
BF530111,77805.75167,6971.472166,0.089600987,6795.642767,6971.472166,6795.642767,6795.642767,6795.642767
BF530112,31578.35253,2630.133022,0.083289115,0,2630.133022,0,0,0
BF530113,22122.44688,15.49791861,7.01E-04,0,15.49791861,15.49791861,15.49791861,15.49791861
BF530201,32839.14474,0,0,0,0,0,0,0
BF530202,21170.38042,0,0,0,0,0,0,0
BF530203,31948.78563,0,0,0,0,0,0,0
BF530204,29107.74772,5716.346942,0.196385753,1237.332556,5716.346942,5253.692358,5253.692358,5253.692358
BF530205,28488.53297,5.549682617,1.95E-04,5.549682617,5.549682617,5.549682617,5.549682617,5.549682617
BF530206,24287.94346,6601.143578,0.271786847,0,6601.143578,6601.143578,6601.143578,6601.143578
BF530207,52591.92411,0,0,0,0,0,0,0
BF530208,41147.72487,0,0,0,0,0,0,0
BF530209,39788.82918,8453.145355,0.212450216,8453.145355,8453.145355,8453.145355,8453.145355,8453.145355
BF530210,45371.70144,25056.72586,0.552254491,0,25056.72586,25056.72586,25056.72586,25056.72586
BF530212,60561.97121,8585.760422,0.14176818,0,8585.760422,0,0,0
BF530211,5462.744549,0,0,0,0,0,0,0
BF530213,32127.75357,1440.113544,0.044824595,1440.113544,1440.113544,1440.113544,1440.113544,1440.113544
BF530301,13289.36233,0,0,0,0,0,0,0
BF530302,29813.80562,8904.401677,0.29866706,0,8904.401677,52.49810266,52.49810266,52.49810266
BF530303,23032.65523,0,0,0,0,0,0,0
BF530304,49346.87922,0,0,0,0,0,0,0
BF530305,125272.2529,46331.14643,0.369843643,40432.32233,46331.14643,46331.14643,46331.14643,46331.14643
BF530306,39359.52317,0,0,0,0,0,0,0
BF530307,63405.92913,33.89826107,5.35E-04,0,33.89826107,33.89826107,33.89826107,33.89826107
BF540101,49329.19891,27018.70067,0.547722267,20974.06761,27018.70067,26261.98411,26261.98411,27018.70067
BF540102,36416.51026,23986.92672,0.658682739,20010.39071,23986.92672,20010.39071,20010.39071,20010.39071
BF540103,21536.64355,12099.45067,0.56180763,10596.05992,12099.45067,10601.38439,10601.38439,10937.51505
BF540104,83885.88021,46998.67049,0.560269146,37944.82277,46998.67049,40460.88856,40460.88856,40472.99421
BF540201,56185.00764,0,0,0,0,0,0,0
BF540202,26748.02271,187.7320237,0.007018538,0,187.7320237,0,187.7320237,187.7320237
BF540204,61682.80689,16352.71299,0.265109742,0,16352.71299,15570.23491,15570.23491,15570.23491
BF540205,24558.17498,0,0,0,0,0,0,0
BF540206,26301.78181,0,0,0,0,0,0,0
BF540207,32374.03551,5159.303515,0.159365474,0,5159.303515,5159.303515,5159.303515,5159.303515
BF540208,17705.74087,0,0,0,0,0,0,0
BF540209,39448.73632,13000.2688,0.329548422,0,13000.2688,13000.2688,13000.2688,13000.2688
BF540210,91137.31477,48443.11575,0.531539862,6428.197149,48443.11575,15195.78462,48443.11575,48443.11575
BF540301,32454.65186,9944.081085,0.306399253,9944.081085,9944.081085,9944.081085,9944.081085,9944.081085
BF540302,16981.40989,12825.23155,0.75525128,8982.312842,12825.23155,9883.066416,9883.066416,12825.23155
BF540303,60548.80218,0,0,0,0,0,0,0
BF540304,24017.83222,0,0,0,0,0,0,0
BF540305,66981.80655,18750.04285,0.279927398,18732.48425,18750.04285,18750.04285,18750.04285,18750.04285
BF540306,39756.19408,15065.18099,0.378939215,6.159620285,15065.18099,15065.18099,15065.18099,15065.18099
BF540307,167261.49,118024.5268,0.705628814,100815.1736,118024.5268,108035.9688,108035.9688,115505.4778
BF540308,49528.89247,10845.33478,0.218969863,0,10845.33478,4154.253974,4154.253974,4154.253974
BF540309,43105.78526,15631.57922,0.362632977,0,15631.57922,0,15631.57922,15631.57922
BF540310,75275.26924,18512.24715,0.245927346,18512.24715,18512.24715,18512.24715,18512.24715,18512.24715
BF540311,38881.82802,11293.23104,0.290450105,9863.308798,11293.23104,9863.308798,9863.308798,11016.32173
BF540312,33960.80867,15962.82342,0.470036611,10404.98635,15962.82342,15962.82342,15962.82342,15962.82342
BF540313,21899.71676,0,0,0,0,0,0,0
BF540401,28617.10125,987.3510056,0.034502132,987.3510056,987.3510056,987.3510056,987.3510056,987.3510056
BF540402,29924.71131,5026.315419,0.167965377,0,5026.315419,0,5026.315419,5026.315419
BF540403,110817.622,50670.09208,0.45723858,12596.31535,50670.09208,50670.09208,50670.09208,50670.09208
BF540404,12359.98989,0,0,0,0,0,0,0
BF540405,41304.83203,0,0,0,0,0,0,0
BF550101,112744.4524,0,0,0,0,0,0,0
BF550102,24247.60902,8175.447417,0.337165096,0,8175.447417,8175.447417,8175.447417,8175.447417
BF550103,42943.04357,432.3329535,0.01006759,11.76527548,432.3329535,432.3329535,432.3329535,432.3329535
BF550104,73242.48343,1561.997705,0.021326389,1371.127868,1561.997705,1371.127868,1561.997705,1561.997705
BF550105,19514.25277,0,0,0,0,0,0,0
BF550106,48477.95959,16135.7597,0.332847336,2835.62983,16135.7597,10018.53675,16135.7597,16135.7597
BF550107,63452.70885,33931.45331,0.534751848,24418.19552,33931.45331,33931.45331,33931.45331,33931.45331
BF550108,35542.62794,68.48729229,0.001926906,0,68.48729229,68.48729229,68.48729229,68.48729229
BF550201,53231.31673,20018.71103,0.376070183,0,20018.71103,20018.71103,20018.71103,20018.71103
BF550202,13153.21936,8822.860712,0.67077576,0,8822.860712,8822.860712,8822.860712,8822.860712
BF550203,29997.29904,555.8917809,0.018531394,0,555.8917809,555.8917809,555.8917809,555.8917809
BF550204,43488.0925,0,0,0,0,0,0,0
BF550205,19784.82184,0,0,0,0,0,0,0
BF550301,34565.67799,0,0,0,0,0,0,0
BF550302,36078.06891,0,0,0,0,0,0,0
BF550303,34557.86618,19576.68283,0.566489919,0,19576.68283,19576.68283,19576.68283,19576.68283
BF550304,25275.62479,1160.962712,0.045932107,1160.962712,1160.962712,1160.962712,1160.962712,1160.962712
BF550305,19159.18956,0,0,0,0,0,0,0
BF550306,79982.41697,40701.05438,0.508875024,36456.95972,40701.05438,40701.05438,40701.05438,40701.05438
BF550307,48001.46867,1224.760146,0.025515056,0,1224.760146,1224.760146,1224.760146,1224.760146
BF560101,37738.21143,17229.83743,0.45656211,11653.43009,17229.83743,14132.83424,14132.83424,14801.08783
BF560102,167873.2727,110812.8659,0.660098324,87392.66246,110812.8659,102388.2554,102388.2554,102598.0814
BF560103,31712.33785,23714.88799,0.747812668,23330.64891,23714.88799,23376.55608,23376.55608,23714.88799
BF560104,28619.51348,16573.81701,0.579108971,15107.5258,16573.81701,15107.5258,15107.5258,16228.85914
BF560105,24289.29999,14345.15318,0.590595579,9244.594772,14345.15318,9244.594772,9244.594772,13793.4044
BF560201,63994.85303,3614.859594,0.056486724,3614.859594,3614.859594,3614.859594,3614.859594,3614.859594
BF560202,145952.3005,57204.15235,0.391937312,48643.1437,57204.15235,50754.54583,50754.54583,50754.54583
BF560203,25644.57612,10957.1426,0.427269398,10390.73349,10957.1426,10957.1426,10957.1426,10957.1426
BF560204,40734.52619,25337.11988,0.622006005,20201.27486,25337.11988,22499.81429,22499.81429,22499.81429
BF560205,34405.73462,12272.86101,0.35670975,11826.91004,12272.86101,12272.86101,12272.86101,12272.86101
BF560206,42419.27678,11565.93384,0.272657497,4163.993362,11565.93384,4163.993362,4163.993362,4163.993362
BF560301,134810.2204,96842.30408,0.718360253,87030.61444,96842.30408,87063.33895,87063.33895,88461.20114
BF560302,37730.48488,22887.83694,0.606613909,14653.67103,22887.83694,18476.77037,18476.77037,21434.22906
BF560303,8531.669278,4589.593063,0.53794784,4528.193405,4589.593063,4528.193405,4528.193405,4589.593063
BF560304,82104.4703,62240.8914,0.758069459,55482.98592,62240.8914,55585.37527,55585.37527,60607.27513
BF560305,34598.06826,30094.60006,0.869834692,23683.1489,30094.60006,29824.40031,29824.40031,29824.40031
BF560306,29900.11654,14055.3457,0.470076619,6710.357711,14055.3457,8736.868859,8736.868859,10253.55745
BF560307,23299.03185,16804.64069,0.721259184,13566.15684,16804.64069,16156.52426,16156.52426,16780.84544
BF560308,35462.33781,26159.32795,0.737665071,26069.85897,26159.32795,26069.85897,26069.85897,26069.85897
BF560309,98947.09457,59273.87926,0.599046182,50274.03842,59273.87926,50687.02495,50687.02495,52635.68217
BF560401,33455.79932,17806.74241,0.532246809,16447.55399,17806.74241,17635.26663,17635.26663,17806.74241
BF560402,61289.6847,36701.53598,0.598820767,28139.31467,36701.53598,30253.61421,30253.61421,30531.22524
BF560403,44419.31341,16783.48409,0.377842042,15814.59972,16783.48409,16783.48409,16783.48409,16783.48409
BF560404,25398.0626,8288.836226,0.326357028,8288.836226,8288.836226,8288.836226,8288.836226,8288.836226
BF560405,25982.84987,10263.12008,0.394995935,6275.395689,10263.12008,8523.374356,8523.374356,8523.374356
BF560406,31209.84623,7878.853199,0.252447678,2298.335277,7878.853199,7401.587334,7401.587334,7401.587334
BF570102,49828.48792,27160.84781,0.545086735,19340.43496,27160.84781,19340.43496,19815.10378,19815.10378
BF570103,8058.972893,0,0,0,0,0,0,0
BF570101,26705.81449,23.3923068,8.76E-04,0,23.3923068,0,0,0
BF570104,61816.3852,10021.90421,0.162123751,0,10021.90421,0,0,0
BF570105,10978.52654,3999.136024,0.364268922,0,3999.136024,0,3901.018455,3901.018455
BF570201,58447.00514,0,0,0,0,0,0,0
BF570202,40659.22377,15559.62777,0.382683837,0,15559.62777,15559.62777,15559.62777,15559.62777
BF570203,44708.39863,0,0,0,0,0,0,0
BF570204,13080.82268,0,0,0,0,0,0,0
BF570205,10967.33888,0,0,0,0,0,0,0
BF570206,26254.53058,0,0,0,0,0,0,0
BF570207,9062.16074,0,0,0,0,0,0,0
BF570208,25998.64371,3082.14219,0.118550115,0,3082.14219,3082.14219,3082.14219,3082.14219
BF570301,40658.00783,9532.855009,0.23446439,0,9532.855009,9532.855009,9532.855009,9532.855009
BF570302,16623.16899,5461.082631,0.328522355,4368.361965,5461.082631,4368.361965,4368.361965,4368.361965
BF570303,11510.64458,3374.675736,0.293178693,3374.675736,3374.675736,3374.675736,3374.675736,3374.675736
BF570304,19261.89169,0,0,0,0,0,0,0
BF570305,13054.55974,4397.772172,0.33687633,3222.949842,4397.772172,4384.640646,4384.640646,4384.640646
BF570401,11739.85509,5311.79998,0.452458735,27.33389711,5311.79998,5258.632503,5311.79998,5311.79998
BF570402,21282.7882,809.8053575,0.038049778,0,809.8053575,0,0,0
BF570403,59340.91292,3524.129407,0.059387853,3455.032372,3524.129407,3455.032372,3455.032372,3524.129407
BF570404,68107.60231,31269.32096,0.459116455,30387.15764,31269.32096,30627.78357,30627.78357,30627.78357
BF570405,19550.20817,4349.147085,0.222460398,614.6435843,4349.147085,614.6435843,614.6435843,614.6435843
BF570406,67856.9363,5991.551754,0.088296821,0,5991.551754,326.7140751,619.0232935,619.0232935
BF570407,74473.31957,14425.43319,0.193699345,560.4628096,14425.43319,9274.63616,9627.286571,9627.286571
BF570408,12448.01788,67.87218904,0.00545245,0,67.87218904,0,0,0
BF570409,27261.37727,7069.250898,0.259313784,2588.454381,7069.250898,2593.06038,3406.654538,3406.654538
BF570410,10300.18917,4444.972881,0.431542839,0,4444.972881,0,1076.227943,1076.227943
ML010107,26863.33454,0,0,0,0,0,0,0
ML010102,18163.58987,0,0,0,0,0,0,0
ML010113,39677.1035,2001.449644,0.050443441,0,2001.449644,2001.449644,2001.449644,2001.449644
ML010112,9658.501739,0,0,0,0,0,0,0
ML010110,10574.04972,0,0,0,0,0,0,0
ML010104,18523.58527,0,0,0,0,0,0,0
ML010103,41079.71324,0,0,0,0,0,0,0
ML010101,22099.94299,5142.272586,0.232682618,0,5142.272586,0,5142.272586,5142.272586
ML010106,9636.329907,0,0,0,0,0,0,0
ML010108,15233.95085,0,0,0,0,0,0,0
ML010109,30617.04964,2325.044391,0.075939531,0,2325.044391,0,2325.044391,2325.044391
ML010105,15090.24701,0,0,0,0,0,0,0
ML010111,25307.91987,0,0,0,0,0,0,0
ML010212,22734.86397,0,0,0,0,0,0,0
ML010205,15198.09716,0,0,0,0,0,0,0
ML010202,34540.57899,0,0,0,0,0,0,0
ML010201,28619.85365,69.20208287,0.002417975,69.20208287,69.20208287,69.20208287,69.20208287,69.20208287
ML010215,5901.764218,0,0,0,0,0,0,0
ML010211,6020.184179,0,0,0,0,0,0,0
ML010210,16142.14836,0,0,0,0,0,0,0
ML010207,6979.593302,0,0,0,0,0,0,0
ML010203,14493.16924,924.0835998,0.06375994,0,924.0835998,0,0,0
ML010214,19172.7931,0,0,0,0,0,0,0
ML010204,41873.16791,18090.92385,0.432040965,1441.192339,18090.92385,2761.377883,2761.377883,2761.377883
ML010208,12677.2848,0,0,0,0,0,0,0
ML010209,11269.4544,4002.158011,0.355133254,4002.158011,4002.158011,4002.158011,4002.158011,4002.158011
ML010213,20370.5853,0,0,0,0,0,0,0
ML010206,21173.9621,2698.749225,0.127456034,0,2698.749225,0,0,0
ML010306,2824.88441,0,0,0,0,0,0,0
ML010325,29467.16524,0,0,0,0,0,0,0
ML010324,30876.37053,0,0,0,0,0,0,0
ML010316,28431.46297,0,0,0,0,0,0,0
ML010305,13340.51772,7853.080424,0.588663843,0,7853.080424,7853.080424,7853.080424,7853.080424
ML010304,29619.19148,0,0,0,0,0,0,0
ML010302,13953.67786,0,0,0,0,0,0,0
ML010308,4907.979411,0,0,0,0,0,0,0
ML010319,23516.44661,0,0,0,0,0,0,0
ML010307,10168.11822,0,0,0,0,0,0,0
ML010313,18671.35902,0,0,0,0,0,0,0
ML010323,14486.55611,0,0,0,0,0,0,0
ML010317,24801.82339,7382.049559,0.297641405,0,7382.049559,7382.049559,7382.049559,7382.049559
ML010312,205931.7356,205920.8421,0.999947102,0,205920.8421,205920.8421,205920.8421,205920.8421
ML010328,9735.18055,3217.27779,0.330479519,0,3217.27779,3217.27779,3217.27779,3217.27779
ML010322,17980.51893,133.6377485,0.007432363,0,133.6377485,0,133.6377485,133.6377485
ML010321,69497.04962,17394.924,0.250297302,0,17394.924,17394.924,17394.924,17394.924
ML010318,12551.11156,0,0,0,0,0,0,0
ML010310,7981.571249,0,0,0,0,0,0,0
ML010303,13845.90294,0,0,0,0,0,0,0
ML010315,8213.221355,0,0,0,0,0,0,0
ML010320,9912.949934,0,0,0,0,0,0,0
ML010314,35118.50045,23919.56307,0.681110035,0,23919.56307,23919.56307,23919.56307,23919.56307
ML010311,17345.62157,0,0,0,0,0,0,0
ML010327,10388.19652,3057.520234,0.294326376,3057.520234,3057.520234,3057.520234,3057.520234,3057.520234
ML010309,24255.20314,756.4646418,0.031187727,756.4646418,756.4646418,756.4646418,756.4646418,756.4646418
ML010326,8730.32864,0,0,0,0,0,0,0
ML010301,19463.06973,7554.263417,0.388133194,0,7554.263417,7554.263417,7554.263417,7554.263417
ML010407,3833.714848,0,0,0,0,0,0,0
ML010409,41425.68817,16887.01331,0.407645933,0,16887.01331,16887.01331,16887.01331,16887.01331
ML010405,20091.57951,0,0,0,0,0,0,0
ML010412,56999.4118,19063.08923,0.334443613,19063.08923,19063.08923,19063.08923,19063.08923,19063.08923
ML010411,17364.70168,0,0,0,0,0,0,0
ML010401,17048.42494,0,0,0,0,0,0,0
ML010404,5567.777297,0,0,0,0,0,0,0
ML010403,20445.79965,87.12721133,0.004261375,87.12721133,87.12721133,87.12721133,87.12721133,87.12721133
ML010408,19139.10605,0,0,0,0,0,0,0
ML010402,21919.58415,0,0,0,0,0,0,0
ML010406,7759.558259,0,0,0,0,0,0,0
ML010410,18118.46969,0,0,0,0,0,0,0
ML010527,14466.12134,0,0,0,0,0,0,0
ML010511,14213.9868,0,0,0,0,0,0,0
ML010526,50815.23956,4089.721047,0.080482176,0,4089.721047,0,0,0
ML010528,18055.02835,0,0,0,0,0,0,0
ML010513,65701.50851,65701.50851,1,0,65701.50851,65701.50851,65701.50851,65701.50851
ML010524,5718.90533,0,0,0,0,0,0,0
ML010522,13003.94776,0,0,0,0,0,0,0
ML010509,34199.50861,0,0,0,0,0,0,0
ML010508,8945.901847,0,0,0,0,0,0,0
ML010505,14962.50714,0,0,0,0,0,0,0
ML010501,7520.180781,0,0,0,0,0,0,0
ML010518,12692.6698,0,0,0,0,0,0,0
ML010512,34089.92619,3054.190084,0.089592159,0,3054.190084,0,0,0
ML010531,12625.32592,0,0,0,0,0,0,0
ML010514,10703.80215,1901.020252,0.177602335,0,1901.020252,1901.020252,1901.020252,1901.020252
ML010506,12852.57479,0,0,0,0,0,0,0
ML010521,12730.95678,0,0,0,0,0,0,0
ML010516,16099.98373,0,0,0,0,0,0,0
ML010517,29616.04551,0,0,0,0,0,0,0
ML010519,17733.67019,0,0,0,0,0,0,0
ML010507,18843.98785,0,0,0,0,0,0,0
ML010510,16025.18397,0,0,0,0,0,0,0
ML010503,11146.43283,1931.335088,0.173269343,0,1931.335088,1931.335088,1931.335088,1931.335088
ML010529,7638.858412,0,0,0,0,0,0,0
ML010530,11046.74481,0,0,0,0,0,0,0
ML010532,13420.97712,0,0,0,0,0,0,0
ML010533,6507.882544,146.4384521,0.022501705,0,146.4384521,0,0,0
ML010520,8122.936396,0,0,0,0,0,0,0
ML010525,4712.273108,657.5227325,0.139534088,0,657.5227325,0,0,0
ML010523,14381.45127,0,0,0,0,0,0,0
ML010502,10497.44675,623.1476405,0.059361829,0,623.1476405,623.1476405,623.1476405,623.1476405
ML010504,5949.643382,801.5270789,0.134718508,0,801.5270789,801.5270789,801.5270789,801.5270789
ML010515,20827.02746,2459.20562,0.11807761,0,2459.20562,2459.20562,2459.20562,2459.20562
ML010615,13322.48826,12.18952084,9.15E-04,0,12.18952084,12.18952084,12.18952084,12.18952084
ML010612,34559.05726,5847.361082,0.169199091,0,5847.361082,0,0,0
ML010609,22199.73993,0,0,0,0,0,0,0
ML010607,9944.002388,0,0,0,0,0,0,0
ML010605,20643.57331,224.4056399,0.010870484,224.4056399,224.4056399,224.4056399,224.4056399,224.4056399
ML010602,10185.47335,0,0,0,0,0,0,0
ML010601,5770.989075,0,0,0,0,0,0,0
ML010614,13589.01487,0,0,0,0,0,0,0
ML010611,16464.74366,1271.958546,0.077253468,1251.190373,1271.958546,1271.958546,1271.958546,1271.958546
ML010610,44367.63544,39614.00331,0.892858114,0,39614.00331,39614.00331,39614.00331,39614.00331
ML010613,27876.4899,0,0,0,0,0,0,0
ML010606,15151.33611,6040.794688,0.398697161,2810.899604,6040.794688,2810.899604,2810.899604,2810.899604
ML010603,7839.339865,0,0,0,0,0,0,0
ML010616,10852.24575,0,0,0,0,0,0,0
ML010608,10858.43254,27.57128477,0.002539159,27.57128477,27.57128477,27.57128477,27.57128477,27.57128477
ML010604,16684.14955,0,0,0,0,0,0,0
ML010706,44666.04215,0,0,0,0,0,0,0
ML010711,15619.58406,0,0,0,0,0,0,0
ML010712,13778.52465,0,0,0,0,0,0,0
ML010708,14859.81563,0,0,0,0,0,0,0
ML010707,6982.407742,4883.381657,0.699383628,0,4883.381657,4782.495161,4782.495161,4782.495161
ML010705,50891.23148,12098.52257,0.23773295,0,12098.52257,0,12098.52257,12098.52257
ML010703,10199.5572,0,0,0,0,0,0,0
ML010702,25202.10808,0,0,0,0,0,0,0
ML010710,6102.268263,0,0,0,0,0,0,0
ML010709,7257.81035,6325.918005,0.871601447,0,6325.918005,2614.795611,2614.795611,2614.795611
ML010704,15973.70868,0,0,0,0,0,0,0
ML010701,11520.7572,31.56954241,0.002740232,0,31.56954241,0,0,0
ML020109,13773.49025,3347.091924,0.243009714,865.8138227,3347.091924,3347.091924,3347.091924,3347.091924
ML020107,4641.237216,1821.828859,0.392530865,0,1821.828859,1821.828859,1821.828859,1821.828859
ML020106,34353.34781,0,0,0,0,0,0,0
ML020105,14713.47303,0,0,0,0,0,0,0
ML020104,49706.13864,16865.01858,0.339294482,0,16865.01858,0,16833.07744,16833.07744
ML020102,10695.63354,0,0,0,0,0,0,0
ML020101,36958.9961,20477.62228,0.554063271,0,20477.62228,0,53.7951417,53.7951417
ML020108,17480.2353,4452.311164,0.254705448,0,4452.311164,4452.311164,4452.311164,4452.311164
ML020103,41690.63482,1851.427668,0.044408719,1851.427668,1851.427668,1851.427668,1851.427668,1851.427668
ML020219,27324.12168,0,0,0,0,0,0,0
ML020204,12531.53765,0,0,0,0,0,0,0
ML020212,30631.12765,0,0,0,0,0,0,0
ML020205,10219.37036,0,0,0,0,0,0,0
ML020210,7894.64645,0,0,0,0,0,0,0
ML020217,27202.61186,0,0,0,0,0,0,0
ML020209,73294.61668,62066.3877,0.846806908,62066.3877,62066.3877,62066.3877,62066.3877,62066.3877
ML020218,20927.00797,0,0,0,0,0,0,0
ML020221,18757.48723,0,0,0,0,0,0,0
ML020220,14652.8787,0,0,0,0,0,0,0
ML020201,38484.9736,0,0,0,0,0,0,0
ML020223,25230.75535,0,0,0,0,0,0,0
ML020213,19205.89491,0,0,0,0,0,0,0
ML020203,25980.46269,0,0,0,0,0,0,0
ML020216,22189.86331,0,0,0,0,0,0,0
ML020222,20065.86613,0,0,0,0,0,0,0
ML020207,39773.08316,0,0,0,0,0,0,0
ML020214,17377.42841,0,0,0,0,0,0,0
ML020208,17940.32362,0,0,0,0,0,0,0
ML020202,9173.82084,0,0,0,0,0,0,0
ML020206,42666.83135,0,0,0,0,0,0,0
ML020211,56054.89931,28590.36641,0.51004224,0,28590.36641,28590.36641,28590.36641,28590.36641
ML020215,60036.69201,9517.761204,0.158532406,0,9517.761204,0,0,0
ML020309,4184.591843,0,0,0,0,0,0,0
ML020304,6241.239871,0,0,0,0,0,0,0
ML020308,12534.53345,1953.693416,0.155864869,0,1953.693416,1583.901272,1583.901272,1583.901272
ML020307,15452.80779,87.35602355,0.005653084,0,87.35602355,0,0,0
ML020301,8308.82104,216.7152538,0.026082552,0,216.7152538,0,0,0
ML020302,8432.712795,3456.388655,0.409878617,0,3456.388655,3456.388655,3456.388655,3456.388655
ML020303,18859.99304,0,0,0,0,0,0,0
ML020305,16913.54625,28.92749262,0.001710315,0,28.92749262,0,28.92749262,28.92749262
ML020306,21305.13227,10430.64406,0.489583633,0,10430.64406,0,10430.64406,10430.64406
ML020424,21942.95973,0,0,0,0,0,0,0
ML020427,23925.96536,0,0,0,0,0,0,0
ML020428,60197.05858,29669.48294,0.492872636,0,29669.48294,0,0,0
ML020436,20008.7959,0,0,0,0,0,0,0
ML020420,93612.565,0,0,0,0,0,0,0
ML020432,240679.9033,137350.6503,0.570677686,0,137350.6503,0,137350.6503,137350.6503
ML020437,13710.31505,0,0,0,0,0,0,0
ML020401,82386.93788,32793.23776,0.398039284,0,32793.23776,0,0,0
ML020423,48432.40192,0,0,0,0,0,0,0
ML020434,12201.59178,0,0,0,0,0,0,0
ML020403,15872.4058,0,0,0,0,0,0,0
ML020422,22347.32955,0,0,0,0,0,0,0
ML020405,12574.57026,0,0,0,0,0,0,0
ML020418,117908.4667,115545.2709,0.97995737,0,115545.2709,115545.2709,115545.2709,115545.2709
ML020433,28210.23054,15109.52096,0.535604306,12787.03188,15109.52096,12787.03188,12787.03188,12787.03188
ML020426,9896.023744,0,0,0,0,0,0,0
ML020416,10587.7977,0,0,0,0,0,0,0
ML020413,13733.01536,0,0,0,0,0,0,0
ML020410,16850.04456,0,0,0,0,0,0,0
ML020404,12345.33456,0,0,0,0,0,0,0
ML020421,118732.9302,0,0,0,0,0,0,0
ML020430,15241.29521,0,0,0,0,0,0,0
ML020408,153989.0794,153138.2131,0.994474502,20178.82637,153138.2131,20178.82637,153138.2131,153138.2131
ML020406,12828.32829,0,0,0,0,0,0,0
ML020412,15411.53853,0,0,0,0,0,0,0
ML020414,13909.82199,0,0,0,0,0,0,0
ML020435,9609.355239,0,0,0,0,0,0,0
ML020419,5961.933362,0,0,0,0,0,0,0
ML020402,25279.07979,0,0,0,0,0,0,0
ML020425,11163.558,0,0,0,0,0,0,0
ML020431,54606.53583,0,0,0,0,0,0,0
ML020415,641538.0581,109481.9312,0.170655396,0,109481.9312,0,0,0
ML020411,47781.48421,8781.284367,0.183780067,8781.284367,8781.284367,8781.284367,8781.284367,8781.284367
ML020407,27180.3935,9858.144353,0.362693217,9858.144353,9858.144353,9858.144353,9858.144353,9858.144353
ML020417,20979.6225,8012.303518,0.381908851,0,8012.303518,8012.303518,8012.303518,8012.303518
ML020429,23675.67279,5566.085812,0.23509726,0,5566.085812,0,5566.085812,5566.085812
ML020409,11151.7409,0,0,0,0,0,0,0
ML020501,37496.14362,6640.089603,0.177087267,0,6640.089603,6552.323552,6552.323552,6552.323552
ML020509,20971.02245,0,0,0,0,0,0,0
ML020510,13821.17956,0,0,0,0,0,0,0
ML020507,9259.451707,0,0,0,0,0,0,0
ML020506,21559.20703,0,0,0,0,0,0,0
ML020505,19406.10437,0,0,0,0,0,0,0
ML020504,37399.94876,0,0,0,0,0,0,0
ML020503,50722.41503,16197.68811,0.319339844,0,16197.68811,16197.68811,16197.68811,16197.68811
ML020508,17884.34751,1058.07163,0.05916188,0,1058.07163,0,0,0
ML020502,27047.53043,0,0,0,0,0,0,0
ML020605,33085.90114,15660.78103,0.473336995,0,15660.78103,15660.78103,15660.78103,15660.78103
ML020609,15827.88661,0,0,0,0,0,0,0
ML020601,26283.07891,0,0,0,0,0,0,0
ML020606,41188.02757,7028.600192,0.170646681,0,7028.600192,0,0,0
ML020604,52508.86047,47892.13496,0.91207721,0,47892.13496,47892.13496,47892.13496,47892.13496
ML020602,7958.276464,0,0,0,0,0,0,0
ML020608,10530.16931,0,0,0,0,0,0,0
ML020607,43291.40512,0,0,0,0,0,0,0
ML020603,23006.46261,0,0,0,0,0,0,0
ML020707,35909.3054,5843.322921,0.162724476,5843.322921,5843.322921,5843.322921,5843.322921,5843.322921
ML020706,10628.43981,62.02110553,0.005835391,0,62.02110553,0,62.02110553,62.02110553
ML020711,22712.64766,11535.58467,0.507892556,2698.447308,11535.58467,2698.447308,2698.447308,11535.58467
ML020710,32362.09469,5803.054368,0.179316402,181.4149318,5803.054368,5803.054368,5803.054368,5803.054368
ML020709,38492.35069,22619.38933,0.587633359,22619.38933,22619.38933,22619.38933,22619.38933,22619.38933
ML020708,13127.10721,1141.693455,0.086972205,0,1141.693455,0,0,0
ML020705,36556.30855,0,0,0,0,0,0,0
ML020704,42810.77762,3657.879652,0.085442962,0,3657.879652,3657.879652,3657.879652,3657.879652
ML020703,44839.72902,6406.25195,0.142869997,6406.25195,6406.25195,6406.25195,6406.25195,6406.25195
ML020702,17707.54699,0,0,0,0,0,0,0
ML020701,14400.84359,0,0,0,0,0,0,0
ML030122,21259.97867,0,0,0,0,0,0,0
ML030111,20880.62159,0,0,0,0,0,0,0
ML030101,9110.166731,0,0,0,0,0,0,0
ML030126,47525.75881,4529.61933,0.095308722,0,4529.61933,0,0,0
ML030112,7231.412832,2236.546748,0.309282128,0,2236.546748,0,2236.546748,2236.546748
ML030105,7813.150613,0,0,0,0,0,0,0
ML030108,2834.714606,0,0,0,0,0,0,0
ML030104,11622.66815,0,0,0,0,0,0,0
ML030116,18284.70569,0,0,0,0,0,0,0
ML030102,79826.96187,70189.83433,0.87927478,0,70189.83433,0,70189.83433,70189.83433
ML030120,29203.13321,86.45244455,0.002960383,0,86.45244455,0,86.45244455,86.45244455
ML030103,15840.63076,0,0,0,0,0,0,0
ML030124,15652.02807,0,0,0,0,0,0,0
ML030109,12111.88835,0,0,0,0,0,0,0
ML030115,7380.438184,0,0,0,0,0,0,0
ML030121,11964.01309,0,0,0,0,0,0,0
ML030117,6274.292565,0,0,0,0,0,0,0
ML030110,45797.10687,1488.666112,0.03250568,0,1488.666112,0,0,0
ML030107,18651.53864,1517.362563,0.081353211,0,1517.362563,0,1517.362563,1517.362563
ML030125,11399.9428,0,0,0,0,0,0,0
ML030113,6435.455684,1642.654969,0.255250762,0,1642.654969,0,1642.654969,1642.654969
ML030114,67152.23538,0,0,0,0,0,0,0
ML030123,12183.28508,0,0,0,0,0,0,0
ML030118,31295.6538,12900.16043,0.412202938,0,12900.16043,0,12900.16043,12900.16043
ML030119,47791.67865,0,0,0,0,0,0,0
ML030106,39708.55325,0,0,0,0,0,0,0
ML030209,68614.93482,45865.56931,0.668448778,0,45865.56931,0,45865.56931,45865.56931
ML030207,155991.8306,26156.8979,0.167681204,26156.8979,26156.8979,26156.8979,26156.8979,26156.8979
ML030202,9540.654614,0,0,0,0,0,0,0
ML030201,3778.587594,0,0,0,0,0,0,0
ML030205,8382.209571,0,0,0,0,0,0,0
ML030208,13600.13591,0,0,0,0,0,0,0
ML030206,46863.52838,0,0,0,0,0,0,0
ML030203,70553.92172,5504.741722,0.078021768,34.84178543,5504.741722,34.84178543,34.84178543,34.84178543
ML030204,75252.56075,45534.75133,0.605092383,45534.75133,45534.75133,45534.75133,45534.75133,45534.75133
ML030310,7632.402994,0,0,0,0,0,0,0
ML030305,38431.96704,0,0,0,0,0,0,0
ML030308,6594.600902,0,0,0,0,0,0,0
ML030306,65355.67327,0,0,0,0,0,0,0
ML030301,9239.800229,0,0,0,0,0,0,0
ML030302,47992.0181,12166.85447,0.253518292,12166.85447,12166.85447,12166.85447,12166.85447,12166.85447
ML030311,11190.03887,0,0,0,0,0,0,0
ML030309,13769.02912,0,0,0,0,0,0,0
ML030312,7356.913407,0,0,0,0,0,0,0
ML030307,6205.75683,0,0,0,0,0,0,0
ML030303,18316.36721,0,0,0,0,0,0,0
ML030304,21769.08848,0,0,0,0,0,0,0
ML030422,26267.08942,0,0,0,0,0,0,0
ML030409,8251.446841,0,0,0,0,0,0,0
ML030412,21627.59124,74.8890481,0.003462662,74.8890481,74.8890481,74.8890481,74.8890481,74.8890481
ML030421,3554.282862,0,0,0,0,0,0,0
ML030423,42662.28761,30877.48622,0.723765366,0,30877.48622,24864.22351,24864.22351,24864.22351
ML030405,19768.20417,0,0,0,0,0,0,0
ML030410,31247.47494,0,0,0,0,0,0,0
ML030419,37137.04217,14726.11489,0.396534404,0,14726.11489,0,0,0
ML030425,7290.854717,0,0,0,0,0,0,0
ML030433,19119.54529,0,0,0,0,0,0,0
ML030413,37653.98576,0,0,0,0,0,0,0
ML030434,24571.39937,6113.087018,0.248788721,0,6113.087018,0,0,0
ML030402,9101.331383,0,0,0,0,0,0,0
ML030403,13685.03925,1752.739345,0.128077042,1744.288694,1752.739345,1744.288694,1744.288694,1744.288694
ML030427,18139.9453,0,0,0,0,0,0,0
ML030404,12690.38265,0,0,0,0,0,0,0
ML030406,14108.77807,0,0,0,0,0,0,0
ML030417,11105.5235,0,0,0,0,0,0,0
ML030420,10947.62182,3903.173687,0.356531652,3903.173687,3903.173687,3903.173687,3903.173687,3903.173687
ML030426,29658.05185,15136.42611,0.510364814,0,15136.42611,15120.15848,15120.15848,15120.15848
ML030428,20546.2288,0,0,0,0,0,0,0
ML030430,6910.274895,0,0,0,0,0,0,0
ML030431,6567.221083,0,0,0,0,0,0,0
ML030435,8238.578284,0,0,0,0,0,0,0
ML030407,15790.73576,0,0,0,0,0,0,0
ML030408,11483.64669,17.39454579,0.001514723,0,17.39454579,0,0,0
ML030415,8590.174397,0,0,0,0,0,0,0
ML030418,13661.18846,0,0,0,0,0,0,0
ML030429,6535.94758,0,0,0,0,0,0,0
ML030432,5079.789726,0,0,0,0,0,0,0
ML030411,17376.48811,0,0,0,0,0,0,0
ML030436,17518.22979,0,0,0,0,0,0,0
ML030416,226383.2917,205588.5385,0.908143604,0,205588.5385,205588.5385,205588.5385,205588.5385
ML030424,10290.28144,45.66440153,0.004437624,0,45.66440153,0,0,0
ML030414,17298.48509,0,0,0,0,0,0,0
ML030401,6086.922964,0,0,0,0,0,0,0
ML030541,4772.761027,0,0,0,0,0,0,0
ML030533,5183.698921,0,0,0,0,0,0,0
ML030520,27939.47091,0,0,0,0,0,0,0
ML030540,6508.312096,0,0,0,0,0,0,0
ML030506,5682.830487,0,0,0,0,0,0,0
ML030531,41921.00459,14108.21752,0.336542925,0,14108.21752,0,0,0
ML030532,13296.97379,0,0,0,0,0,0,0
ML030524,18402.54017,2.383406639,1.30E-04,2.383406639,2.383406639,2.383406639,2.383406639,2.383406639
ML030514,9852.838949,0,0,0,0,0,0,0
ML030523,12443.03828,0,0,0,0,0,0,0
ML030501,9149.763921,0,0,0,0,0,0,0
ML030538,8874.455082,0,0,0,0,0,0,0
ML030539,5643.929203,0,0,0,0,0,0,0
ML030537,3919.173142,0,0,0,0,0,0,0
ML030535,13797.58383,0,0,0,0,0,0,0
ML030534,11519.07161,0,0,0,0,0,0,0
ML030505,6748.906712,0,0,0,0,0,0,0
ML030530,8339.782086,0,0,0,0,0,0,0
ML030529,4964.073761,0,0,0,0,0,0,0
ML030528,11136.31534,0,0,0,0,0,0,0
ML030525,18647.08747,0,0,0,0,0,0,0
ML030522,8579.779979,0,0,0,0,0,0,0
ML030521,11168.5339,0,0,0,0,0,0,0
ML030507,15344.58325,0,0,0,0,0,0,0
ML030504,13354.27293,0,0,0,0,0,0,0
ML030519,30694.57165,11393.58764,0.371192267,0,11393.58764,0,0,0
ML030518,16150.03665,0,0,0,0,0,0,0
ML030517,10718.81328,0,0,0,0,0,0,0
ML030513,10245.90748,0,0,0,0,0,0,0
ML030510,8339.368471,0,0,0,0,0,0,0
ML030508,15803.91648,0,0,0,0,0,0,0
ML030502,12653.39405,0,0,0,0,0,0,0
ML030511,17491.8278,1638.618948,0.093679115,0,1638.618948,0,0,0
ML030512,21629.06901,0,0,0,0,0,0,0
ML030526,34900.44474,573.5806181,0.016434765,0,573.5806181,0,0,0
ML030543,7468.791676,0,0,0,0,0,0,0
ML030527,4168.576332,0,0,0,0,0,0,0
ML030503,43937.2581,1068.182363,0.024311539,862.5432639,1068.182363,862.5432639,862.5432639,862.5432639
ML030509,14131.01199,0,0,0,0,0,0,0
ML030516,7598.249123,0,0,0,0,0,0,0
ML030536,331637.3138,278421.8286,0.8395371,0,278421.8286,278421.8286,278421.8286,278421.8286
ML030515,30783.5755,0,0,0,0,0,0,0
ML030542,11631.25475,0,0,0,0,0,0,0
ML030609,18373.88747,22.45785475,0.00122227,0,22.45785475,22.45785475,22.45785475,22.45785475
ML030611,61379.4083,24572.34856,0.400335377,0,24572.34856,0,24572.34856,24572.34856
ML030605,29267.32944,3061.163292,0.104593188,3061.163292,3061.163292,3061.163292,3061.163292,3061.163292
ML030607,11997.44383,2245.857965,0.187194706,0,2245.857965,2245.857965,2245.857965,2245.857965
ML030610,14093.44668,0,0,0,0,0,0,0
ML030612,11347.42069,6099.62089,0.537533688,0,6099.62089,6099.62089,6099.62089,6099.62089
ML030608,6194.211869,0,0,0,0,0,0,0
ML030601,36016.9781,0,0,0,0,0,0,0
ML030602,4792.078881,0,0,0,0,0,0,0
ML030603,10724.87704,0,0,0,0,0,0,0
ML030604,8998.21221,2450.658571,0.272349497,0,2450.658571,0,0,0
ML030606,31237.59296,8368.010859,0.267882704,0,8368.010859,0,8368.010859,8368.010859
ML030707,14080.9297,0,0,0,0,0,0,0
ML030701,29349.20704,12395.01419,0.422328759,8191.150617,12395.01419,12395.01419,12395.01419,12395.01419
ML030702,19574.65641,0,0,0,0,0,0,0
ML030703,21212.70925,0,0,0,0,0,0,0
ML030704,36863.06075,0,0,0,0,0,0,0
ML030705,76340.03286,25559.74146,0.334814389,25474.05932,25559.74146,25474.05932,25474.05932,25474.05932
ML030706,19456.73058,5755.540287,0.295812303,0,5755.540287,0,0,0
ML030708,30289.59359,0,0,0,0,0,0,0
ML030709,32237.20391,8790.878447,0.272693577,0,8790.878447,0,8790.878447,8790.878447
ML040102,24360.40189,833.7788105,0.034226809,0,833.7788105,0,0,0
ML040103,9912.092717,0,0,0,0,0,0,0
ML040101,50052.14386,18010.06702,0.359826086,0,18010.06702,0,18010.06702,18010.06702
ML040107,6330.911893,0,0,0,0,0,0,0
ML040110,11164.82464,0,0,0,0,0,0,0
ML040109,6215.832773,0,0,0,0,0,0,0
ML040111,7320.48168,0,0,0,0,0,0,0
ML040106,45761.11613,20793.59605,0.454394425,20793.59605,20793.59605,20793.59605,20793.59605,20793.59605
ML040105,18445.11084,0,0,0,0,0,0,0
ML040104,11505.69146,1248.983892,0.108553571,0,1248.983892,0,0,0
ML040108,38916.77092,7913.704353,0.20334946,0,7913.704353,7908.876995,7908.876995,7908.876995
ML040211,5513.233378,0,0,0,0,0,0,0
ML040213,15686.01674,0,0,0,0,0,0,0
ML040215,13646.28775,27.28176165,0.001999208,0,27.28176165,0,0,27.28176165
ML040201,12484.45162,0,0,0,0,0,0,0
ML040202,65283.2494,0,0,0,0,0,0,0
ML040203,22968.97089,4606.800822,0.20056627,0,4606.800822,0,0,0
ML040205,8831.43545,0,0,0,0,0,0,0
ML040208,4857.732563,0,0,0,0,0,0,0
ML040209,15560.62434,0,0,0,0,0,0,0
ML040212,11179.87101,4380.547456,0.391824508,0,4380.547456,0,0,4380.547456
ML040214,12377.2956,0,0,0,0,0,0,0
ML040217,25892.3101,7178.686006,0.277251662,0,7178.686006,0,7178.686006,7178.686006
ML040206,56019.38607,0,0,0,0,0,0,0
ML040204,11744.09973,0,0,0,0,0,0,0
ML040216,39857.14527,0,0,0,0,0,0,0
ML040210,13306.4642,0,0,0,0,0,0,0
ML040207,15728.3412,0,0,0,0,0,0,0
ML040307,43901.70334,10405.87734,0.237026733,9566.932968,10405.87734,9566.932968,9566.932968,10405.87734
ML040311,8401.545758,0,0,0,0,0,0,0
ML040305,48824.55464,22480.72724,0.460438962,17719.49415,22480.72724,17741.84616,17741.84616,22480.72724
ML040304,44242.09915,0,0,0,0,0,0,0
ML040303,22878.94832,17191.98923,0.75143267,16747.40046,17191.98923,16747.40046,16747.40046,17191.98923
ML040302,9217.210209,7348.832389,0.79729465,3700.597293,7348.832389,7348.832389,7348.832389,7348.832389
ML040301,19088.3451,10425.94852,0.546194469,10239.41778,10425.94852,10239.41778,10239.41778,10425.94852
ML040306,18566.68803,6528.210417,0.351608774,6128.000743,6528.210417,6528.210417,6528.210417,6528.210417
ML040310,11711.4971,7167.212182,0.61198087,2374.637294,7167.212182,7163.114581,7163.114581,7167.212182
ML040309,24532.81859,11583.43545,0.472160808,8016.190585,11583.43545,11583.43545,11583.43545,11583.43545
ML040308,38045.8448,723.8463514,0.019025635,509.3298347,723.8463514,723.8463514,723.8463514,723.8463514
ML040412,21828.10275,17652.39117,0.808700205,7911.495108,17652.39117,7911.495108,7911.495108,17652.39117
ML040411,49012.86932,17551.50923,0.358100015,17551.50923,17551.50923,17551.50923,17551.50923,17551.50923
ML040407,30979.84462,3224.789646,0.104093151,3224.789646,3224.789646,3224.789646,3224.789646,3224.789646
ML040405,17737.16555,5703.510637,0.32155705,3564.982833,5703.510637,3564.982833,3564.982833,3564.982833
ML040410,38914.45502,18039.27511,0.463562321,15092.98994,18039.27511,15092.98994,15092.98994,18039.27511
ML040401,51188.67285,33386.60629,0.652226448,28097.22498,33386.60629,28097.22498,28097.22498,30849.4473
ML040404,27974.29248,7535.470859,0.269371276,2787.130707,7535.470859,2787.130707,2787.130707,2799.699528
ML040406,106932.7884,80510.15057,0.752904247,76290.07052,80510.15057,76290.07052,76290.07052,77548.28423
ML040402,48217.47014,44949.17111,0.932217534,44051.48491,44949.17111,44051.48491,44051.48491,44415.01
ML040409,36426.73773,24199.60769,0.664336397,23956.47377,24199.60769,23956.47377,23956.47377,23956.47377
ML040403,27356.67386,13199.44642,0.482494564,4914.705739,13199.44642,4914.705739,4914.705739,13199.44642
ML040408,60357.72174,10919.15545,0.180907349,10919.15545,10919.15545,10919.15545,10919.15545,10919.15545
ML040505,3410.531105,0,0,0,0,0,0,0
ML040515,10813.50954,0,0,0,0,0,0,0
ML040522,24943.79539,10905.78684,0.437214412,0,10905.78684,0,0,0
ML040507,6827.689482,0,0,0,0,0,0,0
ML040504,13691.86349,0,0,0,0,0,0,0
ML040512,9664.938401,0,0,0,0,0,0,0
ML040503,16316.08962,0,0,0,0,0,0,0
ML040508,10936.37723,0,0,0,0,0,0,0
ML040513,15962.68982,0,0,0,0,0,0,0
ML040520,13294.31457,0,0,0,0,0,0,0
ML040525,11205.65763,0,0,0,0,0,0,0
ML040509,17411.74743,22.23171926,0.001276823,0,22.23171926,0,0,0
ML040510,23501.29692,16654.66192,0.708669908,0,16654.66192,0,0,0
ML040506,6767.727522,0,0,0,0,0,0,0
ML040517,83700.42624,79832.4,0.953787258,0,79832.4,0,76070.59784,76070.59784
ML040511,12970.55824,0,0,0,0,0,0,0
ML040524,10808.25379,0,0,0,0,0,0,0
ML040518,22566.1659,1797.636617,0.079660702,0,1797.636617,1797.636617,1797.636617,1797.636617
ML040514,14462.45659,11.30084443,7.81E-04,0,11.30084443,0,0,0
ML040521,14763.20572,510.3613144,0.034569817,0,510.3613144,0,0,0
ML040516,16638.18623,9672.469958,0.581341609,2428.529497,9672.469958,2428.529497,2428.529497,2428.529497
ML040523,6009.84366,1.533143878,2.55E-04,0,1.533143878,0,1.533143878,1.533143878
ML040501,10360.74262,13.49982977,0.001302979,13.49982977,13.49982977,13.49982977,13.49982977,13.49982977
ML040519,3244.625378,2521.650174,0.777177603,1659.244938,2521.650174,1659.244938,1725.444556,1725.444556
ML040502,12276.91273,539.1348912,0.043914533,0,539.1348912,0,0,0
ML040626,147262.8139,143243.6528,0.972707563,0,143243.6528,143243.6528,143243.6528,143243.6528
ML040625,23644.01283,4576.974176,0.193578569,4571.419992,4576.974176,4576.974176,4576.974176,4576.974176
ML040618,9606.960749,3304.800388,0.344000613,0,3304.800388,3304.800388,3304.800388,3304.800388
ML040628,3685.367418,0,0,0,0,0,0,0
ML040619,16993.34559,8.040736914,4.73E-04,8.040736914,8.040736914,8.040736914,8.040736914,8.040736914
ML040614,47873.61462,8186.733491,0.171007215,0,8186.733491,0,0,0
ML040623,16572.54902,0,0,0,0,0,0,0
ML040629,24675.63652,1257.817414,0.050974061,0,1257.817414,1257.817414,1257.817414,1257.817414
ML040615,16904.6879,1687.468236,0.099822502,0,1687.468236,232.4790535,232.4790535,232.4790535
ML040622,6665.11458,0,0,0,0,0,0,0
ML040610,12095.66827,5019.678073,0.414997994,5019.678073,5019.678073,5019.678073,5019.678073,5019.678073
ML040606,21929.74436,650.3039997,0.029653971,0,650.3039997,650.3039997,650.3039997,650.3039997
ML040621,23335.48512,7296.84428,0.312693061,89.70077991,7296.84428,7296.84428,7296.84428,7296.84428
ML040620,135984.6326,73256.95104,0.538714924,1432.246822,73256.95104,73256.95104,73256.95104,73256.95104
ML040616,50565.6314,36692.47638,0.725640625,3792.273412,36692.47638,3792.273412,35256.01882,35256.01882
ML040611,18149.97863,4948.328586,0.272635505,0,4948.328586,0,0,0
ML040609,34908.48896,18593.46565,0.532634502,18593.46565,18593.46565,18593.46565,18593.46565,18593.46565
ML040608,10987.65812,0,0,0,0,0,0,0
ML040607,51292.39278,542.749141,0.010581474,0,542.749141,0,0,0
ML040630,12442.20145,0,0,0,0,0,0,0
ML040627,23262.22804,0,0,0,0,0,0,0
ML040624,31463.42952,15382.10815,0.488888477,15382.10815,15382.10815,15382.10815,15382.10815,15382.10815
ML040617,8405.210309,3722.312429,0.442857738,0,3722.312429,2755.853993,2755.853993,2755.853993
ML040613,16938.8653,6141.001808,0.362539149,0,6141.001808,6141.001808,6141.001808,6141.001808
ML040603,13557.01164,0,0,0,0,0,0,0
ML040602,9965.626243,0,0,0,0,0,0,0
ML040601,11557.16858,0,0,0,0,0,0,0
ML040612,27314.13086,0,0,0,0,0,0,0
ML040604,39100.03467,7930.517013,0.202826342,2197.525079,7930.517013,2197.525079,2197.525079,2197.525079
ML040605,18313.24657,0,0,0,0,0,0,0
ML040706,28168.43382,0,0,0,0,0,0,0
ML040709,17741.78257,0,0,0,0,0,0,0
ML040711,28687.165,3702.665323,0.129070451,3631.94573,3702.665323,3631.94573,3631.94573,3631.94573
ML040701,19595.2446,6834.349309,0.348775912,491.2369046,6834.349309,491.2369046,491.2369046,491.2369046
ML040703,25574.20096,3893.609088,0.152247536,3893.609088,3893.609088,3893.609088,3893.609088,3893.609088
ML040704,19430.58205,2355.390485,0.121220789,2355.390485,2355.390485,2355.390485,2355.390485,2355.390485
ML040708,9453.747202,3927.289325,0.415421445,0,3927.289325,29.70745945,29.70745945,29.70745945
ML040707,24487.47276,5488.14244,0.22412041,0,5488.14244,0,0,0
ML040705,14032.80264,303.3641949,0.021618219,303.3641949,303.3641949,303.3641949,303.3641949,303.3641949
ML040712,16304.75608,70.68567181,0.004335279,70.68567181,70.68567181,70.68567181,70.68567181,70.68567181
ML040702,18033.00991,0,0,0,0,0,0,0
ML040710,37426.84885,9787.404466,0.261507575,6204.260787,9787.404466,6843.34457,6843.34457,6843.34457
ML050111,12677.41707,6093.679541,0.48067201,5457.235909,6093.679541,5457.235909,5457.235909,5457.235909
ML050110,30389.57762,3590.236076,0.118140374,3590.236076,3590.236076,3590.236076,3590.236076,3590.236076
ML050106,5214.880199,3933.815646,0.754344395,3925.171701,3933.815646,3925.171701,3925.171701,3925.171701
ML050118,17181.58178,321.4811926,0.018710803,0,321.4811926,0,0,0
ML050114,4724.501445,2768.422616,0.585971377,178.8444448,2768.422616,178.8444448,178.8444448,178.8444448
ML050112,15496.55881,3173.115518,0.20476259,3173.115518,3173.115518,3173.115518,3173.115518,3173.115518
ML050109,2798.880495,0,0,0,0,0,0,0
ML050101,12178.72524,12178.72524,1,12178.72524,12178.72524,12178.72524,12178.72524,12178.72524
ML050120,27441.24193,25546.79416,0.930963483,21388.09496,25546.79416,21388.09496,21388.09496,21388.09496
ML050119,8077.5042,0,0,0,0,0,0,0
ML050117,33804.93192,27914.66334,0.825757124,25160.61116,27914.66334,25173.58789,25173.58789,25173.58789
ML050116,43040.27723,29792.67188,0.692204461,25627.31697,29792.67188,28228.2582,28228.2582,28228.2582
ML050115,25262.77818,18242.85215,0.722123751,10903.65945,18242.85215,16289.04725,16289.04725,17597.40388
ML050108,19912.56463,12123.74583,0.608849038,11862.88755,12123.74583,11869.91943,11869.91943,11869.91943
ML050102,19288.5513,17419.71066,0.903111405,11607.57164,17419.71066,14638.50376,14645.07589,16155.15651
ML050121,32073.57942,9266.972736,0.288928548,9257.135744,9266.972736,9266.972736,9266.972736,9266.972736
ML050113,6142.873062,2852.301177,0.464326895,2651.374266,2852.301177,2651.374266,2651.374266,2651.374266
ML050107,25212.2123,19062.61735,0.756086658,17209.77598,19062.61735,18574.51408,18574.51408,18574.51408
ML050104,11091.45655,8134.370726,0.733390668,7060.678866,8134.370726,8134.370726,8134.370726,8134.370726
ML050103,6662.187879,6319.549561,0.9485697,5540.507475,6319.549561,5540.507475,5540.507475,5540.507475
ML050105,14380.87748,1643.348912,0.114273202,1643.348912,1643.348912,1643.348912,1643.348912,1643.348912
ML050206,14327.51527,12601.1038,0.879503777,12598.74432,12601.1038,12598.74432,12598.74432,12598.74432
ML050209,25026.93859,9205.286843,0.367815137,6074.469047,9205.286843,6768.580892,6768.580892,6768.580892
ML050204,19859.09681,16421.77013,0.826914249,7272.363144,16421.77013,15761.39803,15774.61881,15774.61881
ML050207,17751.77461,10508.05185,0.59194374,10508.05185,10508.05185,10508.05185,10508.05185,10508.05185
ML050208,25990.83416,20080.1904,0.772587377,18318.27331,20080.1904,18318.27331,18318.27331,18318.27331
ML050210,47326.82462,38458.2748,0.812610504,32912.21471,38458.2748,34466.47016,34466.47016,34466.47016
ML050212,24317.79296,22690.35615,0.933076295,16377.20982,22690.35615,17717.35264,17717.35264,17717.35264
ML050202,49613.23091,25292.22546,0.509787913,22864.58751,25292.22546,22864.58751,22864.58751,22864.58751
ML050203,27339.01913,19983.83734,0.730963948,11098.43589,19983.83734,19454.48209,19454.48209,19454.48209
ML050211,13496.20399,1417.488089,0.10502865,1417.488089,1417.488089,1417.488089,1417.488089,1417.488089
ML050201,34578.63643,26366.84338,0.762518309,26085.01178,26366.84338,26085.01178,26085.01178,26085.01178
ML050205,14155.67939,9879.014271,0.697883443,2108.219244,9879.014271,6063.657375,6063.657375,6063.657375
ML050303,70803.47467,48602.70651,0.686445217,48602.70651,48602.70651,48602.70651,48602.70651,48602.70651
ML050308,55733.09626,14141.66061,0.253739009,11560.13445,14141.66061,11560.13445,11560.13445,11560.13445
ML050306,30102.73,21055.93526,0.699469293,12259.94302,21055.93526,13693.297,13693.297,20523.34318
ML050312,11242.27063,4483.814015,0.398835268,3912.009497,4483.814015,3912.009497,3912.009497,4483.814015
ML050311,12006.04782,6399.184616,0.532996762,6291.305848,6399.184616,6291.305848,6291.305848,6291.305848
ML050307,13840.15874,10371.73129,0.749393955,0,10371.73129,3599.766264,3599.766264,3599.766264
ML050302,2156.871727,1731.259984,0.802671741,1731.259984,1731.259984,1731.259984,1731.259984,1731.259984
ML050310,12347.64521,8877.656915,0.718975705,7191.430468,8877.656915,7191.430468,7191.430468,7191.430468
ML050301,13353.9236,34.0172987,0.002547364,0,34.0172987,0,0,0
ML050309,5098.332736,14.84803736,0.002912332,14.84803736,14.84803736,14.84803736,14.84803736,14.84803736
ML050305,17781.00781,17054.75276,0.959155574,9366.490716,17054.75276,13070.92255,13070.92255,17054.75276
ML050304,39291.3799,32053.57825,0.815791615,28638.38163,32053.57825,28656.0422,28656.0422,28772.3488
ML050410,7170.358823,4183.461978,0.583438302,4183.461978,4183.461978,4183.461978,4183.461978,4183.461978
ML050408,43655.38278,20361.61965,0.46641716,18591.04169,20361.61965,18591.04169,18591.04169,19716.00526
ML050404,10945.64967,9702.932361,0.886464728,9698.026207,9702.932361,9698.026207,9702.932361,9702.932361
ML050403,8085.146227,6386.691164,0.789928962,6158.168377,6386.691164,6380.018785,6380.018785,6386.691164
ML050402,33918.97955,12204.63651,0.359817325,9641.73146,12204.63651,10314.95891,10314.95891,10314.95891
ML050414,5788.129631,5544.582513,0.957923002,4528.200297,5544.582513,4528.200297,4528.200297,5544.582513
ML050412,14864.09534,5793.209557,0.389745183,5793.209557,5793.209557,5793.209557,5793.209557,5793.209557
ML050406,38172.87609,37868.99975,0.99203947,37315.47829,37868.99975,37868.99975,37868.99975,37868.99975
ML050415,9991.885885,159.3042295,0.01594336,159.3042295,159.3042295,159.3042295,159.3042295,159.3042295
ML050413,78813.14832,38804.58729,0.492361847,34450.97828,38804.58729,34520.97218,34520.97218,35435.58431
ML050411,5614.436313,2802.417815,0.499145,10.34297562,2802.417815,2164.887928,2164.887928,2802.417815
ML050409,34906.40503,19594.4725,0.561343183,12833.24395,19594.4725,15969.82846,15969.82846,17325.85835
ML050407,9966.373417,3774.014825,0.378674837,3721.333245,3774.014825,3721.333245,3721.333245,3774.014825
ML050405,43026.43412,7544.753369,0.175351584,1647.742388,7544.753369,7523.078481,7523.078481,7544.753369
ML050401,9019.526331,3935.007566,0.436276521,2939.904623,3935.007566,2939.904623,2939.904623,2961.426681
ML050508,23535.18949,7683.850372,0.326483472,7683.850372,7683.850372,7683.850372,7683.850372,7683.850372
ML050507,26249.46105,15475.07568,0.589538797,14616.05713,15475.07568,14616.05713,14616.05713,14616.05713
ML050515,24899.53058,8620.378549,0.346206469,8612.008944,8620.378549,8620.378549,8620.378549,8620.378549
ML050513,32926.90844,32718.18414,0.993660981,29571.39805,32718.18414,29571.39805,29571.39805,29571.39805
ML050512,83825.33082,57194.31718,0.682303507,41847.23116,57194.31718,49873.78467,49873.78467,49881.10027
ML050511,20545.66059,9514.902981,0.463110102,5995.711288,9514.902981,9514.902981,9514.902981,9514.902981
ML050510,20010.95809,16970.54947,0.848062816,15871.19962,16970.54947,15871.19962,15871.19962,15871.19962
ML050509,23543.93224,22856.72899,0.970811874,22856.72899,22856.72899,22856.72899,22856.72899,22856.72899
ML050506,36944.19664,21419.89845,0.579790614,19290.98439,21419.89845,19290.98439,19290.98439,19290.98439
ML050505,43028.88562,26767.25502,0.622076418,12939.11155,26767.25502,20494.89781,20494.89781,25193.6424
ML050504,13785.81626,11224.13018,0.814179586,10050.10131,11224.13018,11074.79223,11074.79223,11074.79223
ML050503,22332.4143,15359.18146,0.687752844,15346.33493,15359.18146,15346.33493,15346.33493,15346.33493
ML050516,17399.4893,9740.483642,0.559814341,9740.483642,9740.483642,9740.483642,9740.483642,9740.483642
ML050514,12967.15907,8273.406262,0.638027668,8273.406262,8273.406262,8273.406262,8273.406262,8273.406262
ML050502,14024.83839,11028.1024,0.786326522,6934.006554,11028.1024,6934.006554,6934.006554,6934.006554
ML050501,15164.43022,15164.43022,1,15145.89804,15164.43022,15145.89804,15145.89804,15145.89804
ML050609,157786.242,157786.242,1,157786.242,157786.242,157786.242,157786.242,157786.242
ML050612,6516.011163,0,0,0,0,0,0,0
ML050608,16493.06224,9025.273003,0.547216331,8047.111907,9025.273003,9025.273003,9025.273003,9025.273003
ML050605,44081.88407,26396.67968,0.598810152,20247.69443,26396.67968,20289.89951,20289.89951,20289.89951
ML050604,16894.86324,10288.21334,0.608955112,8423.588047,10288.21334,10288.21334,10288.21334,10288.21334
ML050603,40254.54491,14752.50189,0.366480404,11228.56016,14752.50189,11228.56016,11228.56016,14025.92375
ML050602,7838.458425,4748.062883,0.605739372,4748.062883,4748.062883,4748.062883,4748.062883,4748.062883
ML050601,1876.392001,1586.521278,0.845516969,99.70821667,1586.521278,1586.521278,1586.521278,1586.521278
ML050611,12300.11416,8057.681289,0.65508996,8057.681289,8057.681289,8057.681289,8057.681289,8057.681289
ML050615,22205.71357,7462.783084,0.336074905,4089.570567,7462.783084,5561.370931,5561.370931,5561.370931
ML050606,40067.90811,10638.95696,0.265523145,10638.95696,10638.95696,10638.95696,10638.95696,10638.95696
ML050610,3068.745084,1707.039501,0.556266309,1707.039501,1707.039501,1707.039501,1707.039501,1707.039501
ML050607,7496.282165,5936.431836,0.791916807,0,5936.431836,0,0,3251.675825
ML050614,49079.66664,38679.15261,0.788089147,37907.34825,38679.15261,38660.75419,38660.75419,38660.75419
ML050613,27483.18108,19973.39766,0.726749847,15233.64097,19973.39766,15270.12311,15270.12311,15270.12311
ML050708,14413.13338,14413.13338,1,14413.13338,14413.13338,14413.13338,14413.13338,14413.13338
ML050710,30624.95879,8695.934572,0.283949266,8695.934572,8695.934572,8695.934572,8695.934572,8695.934572
ML050701,15022.68941,13299.99987,0.885327487,11249.0182,13299.99987,11249.0182,11249.0182,12987.55311
ML050709,16114.40751,7625.774519,0.473227111,7625.774519,7625.774519,7625.774519,7625.774519,7625.774519
ML050707,12699.75769,8457.890162,0.66598831,6993.99041,8457.890162,6993.99041,6993.99041,6993.99041
ML050703,21956.62772,12180.38753,0.554747645,9368.044742,12180.38753,9368.044742,9368.044742,9368.044742
ML050702,19277.4924,6443.581502,0.334254133,4197.038291,6443.581502,4359.422417,4359.422417,5856.94723
ML050706,8669.324705,7174.727455,0.827599346,7174.727455,7174.727455,7174.727455,7174.727455,7174.727455
ML050705,9025.052322,3622.728828,0.401408069,3622.728828,3622.728828,3622.728828,3622.728828,3622.728828
ML050704,36579.27047,8383.655508,0.229191435,6586.021975,8383.655508,6586.021975,6586.021975,7188.677241
ML050806,24267.61004,7113.670998,0.293134387,7113.670998,7113.670998,7113.670998,7113.670998,7113.670998
ML050805,17915.07054,3944.064379,0.220153438,0,3944.064379,3838.732699,3838.732699,3838.732699
ML050801,10274.52735,7312.144673,0.711676988,7312.144673,7312.144673,7312.144673,7312.144673,7312.144673
ML050802,28745.24142,5395.302102,0.187693748,2812.367314,5395.302102,2812.367314,2812.367314,2812.367314
ML050807,27454.71643,18262.03354,0.665169265,11554.7751,18262.03354,18262.03354,18262.03354,18262.03354
ML050804,10183.95079,3998.412617,0.392619004,3998.412617,3998.412617,3998.412617,3998.412617,3998.412617
ML050803,8493.409427,2046.493807,0.240950801,2046.493807,2046.493807,2046.493807,2046.493807,2046.493807
ML060105,26800.69868,25500.83151,0.951498758,25500.83151,25500.83151,25500.83151,25500.83151,25500.83151
ML060104,20086.31137,2734.695274,0.136147211,2734.695274,2734.695274,2734.695274,2734.695274,2734.695274
ML060107,16774.48782,0,0,0,0,0,0,0
ML060108,4813.691615,0,0,0,0,0,0,0
ML060109,3486.013103,0,0,0,0,0,0,0
ML060110,20013.46211,0,0,0,0,0,0,0
ML060101,3084.858536,0,0,0,0,0,0,0
ML060103,11128.10268,0,0,0,0,0,0,0
ML060106,6006.643167,3284.549269,0.546819443,2279.767312,3284.549269,3284.549269,3284.549269,3284.549269
ML060113,3230.908348,0,0,0,0,0,0,0
ML060112,7418.000719,3225.057241,0.434760977,0,3225.057241,3225.057241,3225.057241,3225.057241
ML060102,5677.005263,8.777001858,0.001546062,8.777001858,8.777001858,8.777001858,8.777001858,8.777001858
ML060111,9058.706857,6367.867647,0.702955482,6367.867647,6367.867647,6367.867647,6367.867647,6367.867647
ML060204,22548.59867,8898.773739,0.394648637,5012.399702,8898.773739,8898.773739,8898.773739,8898.773739
ML060211,2689.693741,2185.025409,0.812369593,2185.025409,2185.025409,2185.025409,2185.025409,2185.025409
ML060209,3169.935891,497.6192065,0.156980842,482.1523567,497.6192065,482.1523567,482.1523567,482.1523567
ML060213,5568.147809,2478.909258,0.445194586,0,2478.909258,2478.909258,2478.909258,2478.909258
ML060214,24791.72664,4411.354039,0.177936539,3779.731205,4411.354039,3779.731205,3779.731205,3779.731205
ML060203,9765.311166,8075.470283,0.826954733,8075.470283,8075.470283,8075.470283,8075.470283,8075.470283
ML060206,12297.41055,4229.698102,0.343950305,4059.485496,4229.698102,4083.552919,4083.552919,4083.552919
ML060210,2306.536987,0,0,0,0,0,0,0
ML060212,4794.687658,355.0111574,0.074042604,0,355.0111574,0,0,355.0111574
ML060201,404.9779446,8.150105894,0.020124814,0,8.150105894,0,0,8.150105894
ML060205,2737.070621,309.971596,0.113249396,309.971596,309.971596,309.971596,309.971596,309.971596
ML060215,4000.657462,1096.224552,0.2740111,0,1096.224552,0,0,0
ML060208,15267.51668,14967.27606,0.980334679,14929.04672,14967.27606,14967.27606,14967.27606,14967.27606
ML060216,65314.69959,41237.44198,0.631365408,31085.07442,41237.44198,41237.44198,41237.44198,41237.44198
ML060202,4668.375257,11.54221106,0.002472426,0,11.54221106,0,0,11.54221106
ML060207,9832.000954,1453.12313,0.147795259,72.46205616,1453.12313,602.3179698,602.3179698,1453.12313
ML060301,24547.47875,4796.951675,0.195415249,17.13550997,4796.951675,4724.249106,4724.249106,4796.951675
ML060309,10905.8829,10087.17072,0.924929308,6608.009506,10087.17072,9573.016656,9573.016656,9573.016656
ML060302,14205.61702,9482.499514,0.667517609,9334.531578,9482.499514,9334.531578,9334.531578,9334.531578
ML060308,39643.65636,26604.89564,0.671100955,25104.51467,26604.89564,25104.51467,25104.51467,25104.51467
ML060303,53305.38656,19488.78198,0.365606241,17128.24773,19488.78198,17600.7492,17600.7492,18373.15454
ML060304,20619.66112,8470.060129,0.410775913,1549.394337,8470.060129,7874.147963,7874.147963,7874.147963
ML060306,2650.192543,354.5269808,0.133774047,340.8804847,354.5269808,340.8804847,340.8804847,340.8804847
ML060307,8556.617487,898.0745986,0.104956731,778.2536179,898.0745986,778.2536179,778.2536179,898.0745986
ML060305,7240.255132,826.3640884,0.114134664,0,826.3640884,555.9172805,555.9172805,555.9172805
ML060402,13030.68646,5565.575153,0.427112967,5565.575153,5565.575153,5565.575153,5565.575153,5565.575153
ML060404,16343.38485,595.0261222,0.036407765,3.470607519,595.0261222,3.470607519,3.470607519,3.470607519
ML060405,24089.77415,18017.86105,0.74794645,17529.44699,18017.86105,17529.44699,17529.44699,17529.44699
ML060406,32988.51057,6130.746838,0.185844912,9.999833584,6130.746838,9.999833584,9.999833584,6130.746838
ML060403,37482.27269,15708.29769,0.419086052,14266.61315,15708.29769,14266.61315,14266.61315,15600.06038
ML060407,50105.26263,20167.97315,0.402512073,19484.54149,20167.97315,20167.97315,20167.97315,20167.97315
ML060408,27282.23438,11976.92408,0.43900085,9686.421175,11976.92408,11933.26868,11933.26868,11976.92408
ML060401,24136.33071,1816.699671,0.075268262,1436.815645,1816.699671,1816.699671,1816.699671,1816.699671
ML060503,14047.05831,3882.016519,0.27635797,0,3882.016519,0,0,0
ML060502,39770.83016,25101.00186,0.631141009,23560.5633,25101.00186,24029.30334,24029.30334,24029.30334
ML060501,19345.29994,14004.09841,0.72390185,9208.838408,14004.09841,9866.186404,13852.7171,13896.76688
ML060505,55148.99773,2919.511703,0.052938618,0,2919.511703,0,0,242.5303535
ML060506,87359.46163,87359.46163,1,84497.59507,87359.46163,84497.59507,87359.46163,87359.46163
ML060504,6959.530399,1366.904495,0.196407576,0,1366.904495,1366.904495,1366.904495,1366.904495
ML070101,37903.43507,33873.08978,0.893668073,31932.52461,33873.08978,33873.08978,33873.08978,33873.08978
ML070105,19350.1854,7646.764056,0.395177819,4888.339498,7646.764056,4888.339498,4888.339498,5945.22586
ML070106,28327.67383,9238.580688,0.326132698,7456.559176,9238.580688,7456.559176,7456.559176,8313.922253
ML070103,23694.90031,15764.7359,0.665321892,15189.05682,15764.7359,15396.88604,15396.88604,15428.58997
ML070107,24919.17238,9237.24889,0.37068843,6259.882075,9237.24889,7378.777186,7378.777186,8386.641494
ML070102,20703.1081,13246.07002,0.639810697,8405.225066,13246.07002,13246.07002,13246.07002,13246.07002
ML070104,38742.07962,24480.50134,0.631884028,23847.65508,24480.50134,23847.65508,23847.65508,24066.20075
ML070205,26380.61511,8372.787914,0.317384105,8270.590192,8372.787914,8372.787914,8372.787914,8372.787914
ML070202,30259.19749,17782.65412,0.587677652,12487.80025,17782.65412,16153.02212,16153.02212,16299.36135
ML070204,42664.89222,5706.715167,0.133756699,3022.448922,5706.715167,3056.752223,3056.752223,3056.752223
ML070201,33572.00348,11184.81563,0.333159016,4272.697895,11184.81563,11184.81563,11184.81563,11184.81563
ML070203,22645.06175,4958.577679,0.218969492,0,4958.577679,4958.577679,4958.577679,4958.577679
ML070305,43000.63715,9879.825268,0.229759974,8204.971122,9879.825268,8204.971122,8204.971122,8267.414925
ML070302,30435.85227,22264.91126,0.731535659,17069.84265,22264.91126,20944.84467,20944.84467,22264.91126
ML070301,34077.05286,6990.79275,0.205146636,5585.789015,6990.79275,5585.789015,5585.789015,5759.083151
ML070303,124211.2271,124211.2271,1,124211.2271,124211.2271,124211.2271,124211.2271,124211.2271
ML070306,66187.14189,16048.95201,0.242478396,11027.08302,16048.95201,12182.46975,12182.46975,16021.34517
ML070307,50442.62956,804.9904804,0.015958535,804.9904804,804.9904804,804.9904804,804.9904804,804.9904804
ML070304,32472.92589,30343.33933,0.934419628,28064.79449,30343.33933,28064.79449,28064.79449,30343.33933
ML080101,4895.339225,64.25538325,0.013125829,64.25538325,64.25538325,64.25538325,64.25538325,64.25538325
ML080103,4493.464071,2413.36787,0.537084047,2077.46171,2413.36787,2413.36787,2413.36787,2413.36787
ML080102,3824.089815,1347.03773,0.352250547,1300.654877,1347.03773,1300.654877,1300.654877,1300.654877
ML080201,5273.086248,1006.961397,0.190962436,928.9932539,1006.961397,928.9932539,928.9932539,928.9932539
ML080203,52601.03806,28527.78983,0.542342716,27908.31341,28527.78983,28059.21101,28059.21101,28379.41069
ML080202,4864.58861,481.4580626,0.098972,0,481.4580626,0,0,0
ML080302,5348.558407,3286.386849,0.614443481,1106.112231,3286.386849,1106.112231,1106.112231,3286.386849
ML080301,10451.47998,2844.844992,0.272195421,1899.384672,2844.844992,1899.384672,1899.384672,2158.721428
ML080303,3730.983561,0,0,0,0,0,0,0
ML080401,21929.31824,806.1295509,0.036760356,0,806.1295509,0,0,0
ML090104,433963.313,196251.6443,0.452230957,196251.6443,196251.6443,196251.6443,196251.6443,196251.6443
ML090103,136095.3844,132947.0849,0.976866964,132947.0849,132947.0849,132947.0849,132947.0849,132947.0849
ML090102,173342.2499,173335.5052,0.99996109,173335.5052,173335.5052,173335.5052,173335.5052,173335.5052
ML090106,867072.0655,354127.0173,0.408417052,2933.461718,354127.0173,2933.461718,2933.461718,2933.461718
ML090101,499607.3665,368569.4373,0.73771818,135715.2641,368569.4373,135715.2641,368267.9855,368267.9855
ML090105,792172.2432,113508.1047,0.143287152,113508.1047,113508.1047,113508.1047,113508.1047,113508.1047
ML100101,30279.51253,19634.20178,0.648431898,17420.0642,19634.20178,17420.0642,17420.0642,18227.04334
ML100201,26033.10796,9688.258779,0.372151446,7447.425231,9688.258779,7447.425231,7447.425231,7447.425231
ML100301,9870.434613,421.7372946,0.042727328,340.6017618,421.7372946,340.6017618,340.6017618,340.6017618
ML100401,9365.808709,1851.024362,0.197636362,722.6583436,1851.024362,722.6583436,722.6583436,762.0742133
CI030101,0,0,0,0,0,0,0,0
CI030102,0,0,0,0,0,0,0,0
CI030103,0,0,0,0,0,0,0,0
CI030104,0,0,0,0,0,0,0,0
CI030105,0,0,0,0,0,0,0,0
CI030106,0,0,0,0,0,0,0,0
CI030107,0,0,0,0,0,0,0,0
CI030108,0,0,0,0,0,0,0,0
CI030109,0,0,0,0,0,0,0,0
CI030110,0,0,0,0,0,0,0,0
CI030111,0,0,0,0,0,0,0,0
CI030202,0,0,0,0,0,0,0,0
CI030201,0,0,0,0,0,0,0,0
CI030302,0,0,0,0,0,0,0,0
CI030301,0,0,0,0,0,0,0,0
CI030402,0,0,0,0,0,0,0,0
CI030403,0,0,0,0,0,0,0,0
CI030404,0,0,0,0,0,0,0,0
CI030401,0,0,0,0,0,0,0,0
CI040102,0,0,0,0,0,0,0,0
CI040103,0,0,0,0,0,0,0,0
CI040101,0,0,0,0,0,0,0,0
CI040104,0,0,0,0,0,0,0,0
CI040105,0,0,0,0,0,0,0,0
CI040202,0,0,0,0,0,0,0,0
CI040203,0,0,0,0,0,0,0,0
CI040204,0,0,0,0,0,0,0,0
CI040201,0,0,0,0,0,0,0,0
CI040205,0,0,0,0,0,0,0,0
CI040206,0,0,0,0,0,0,0,0
CI040302,0,0,0,0,0,0,0,0
CI040303,0,0,0,0,0,0,0,0
CI040304,0,0,0,0,0,0,0,0
CI040301,0,0,0,0,0,0,0,0
CI050101,0,0,0,0,0,0,0,0
CI050102,0,0,0,0,0,0,0,0
CI050103,0,0,0,0,0,0,0,0
CI050104,0,0,0,0,0,0,0,0
CI050105,0,0,0,0,0,0,0,0
CI050202,0,0,0,0,0,0,0,0
CI050203,0,0,0,0,0,0,0,0
CI050204,0,0,0,0,0,0,0,0
CI050201,0,0,0,0,0,0,0,0
CI050205,0,0,0,0,0,0,0,0
CI050302,0,0,0,0,0,0,0,0
CI050303,0,0,0,0,0,0,0,0
CI050304,17.16027904,0,0,0,0,0,0,0
CI050301,25.71448398,0,0,0,0,0,0,0
CI060101,0,0,0,0,0,0,0,0
CI060102,0,0,0,0,0,0,0,0
CI060103,0,0,0,0,0,0,0,0
CI060104,0,0,0,0,0,0,0,0
CI060105,0,0,0,0,0,0,0,0
CI060201,0,0,0,0,0,0,0,0
CI060202,0,0,0,0,0,0,0,0
CI060302,0,0,0,0,0,0,0,0
CI060303,0,0,0,0,0,0,0,0
CI060301,0,0,0,0,0,0,0,0
CI060304,0,0,0,0,0,0,0,0
CI060402,0,0,0,0,0,0,0,0
CI060403,0,0,0,0,0,0,0,0
CI060404,0,0,0,0,0,0,0,0
CI060401,0,0,0,0,0,0,0,0
CI070101,0,0,0,0,0,0,0,0
CI070102,0,0,0,0,0,0,0,0
CI070202,0,0,0,0,0,0,0,0
CI070201,0,0,0,0,0,0,0,0
CI070302,0,0,0,0,0,0,0,0
CI070301,0,0,0,0,0,0,0,0
CI070303,0,0,0,0,0,0,0,0
CI070304,0,0,0,0,0,0,0,0
CI070305,0,0,0,0,0,0,0,0
CI080101,0,0,0,0,0,0,0,0
CI080102,11.91969395,0,0,0,0,0,0,0
CI080103,0,0,0,0,0,0,0,0
CI080104,0,0,0,0,0,0,0,0
CI080105,0,0,0,0,0,0,0,0
CI080201,39.17138529,0,0,0,0,0,0,0
CI080202,119.6094255,7.833000183,0.065488152,0,7.833000183,0,0,0
CI080203,536.7621551,352.8407774,0.657350326,346.3459358,352.8407774,346.3459358,346.3459358,346.3459358
CI080204,0,0,0,0,0,0,0,0
CI080302,0,0,0,0,0,0,0,0
CI080303,0,0,0,0,0,0,0,0
CI080304,0,0,0,0,0,0,0,0
CI080301,0,0,0,0,0,0,0,0
CI080305,0,0,0,0,0,0,0,0
CI080402,62.77736759,0,0,0,0,0,0,0
CI080401,680.7496881,0,0,0,0,0,0,0
CI080403,131.3478909,0,0,0,0,0,0,0
CI090101,0,0,0,0,0,0,0,0
CI090102,0,0,0,0,0,0,0,0
CI090103,0,0,0,0,0,0,0,0
CI090104,0,0,0,0,0,0,0,0
CI090105,0,0,0,0,0,0,0,0
CI090202,0,0,0,0,0,0,0,0
CI090201,0,0,0,0,0,0,0,0
CI090203,0,0,0,0,0,0,0,0
CI090204,0,0,0,0,0,0,0,0
CI090301,0,0,0,0,0,0,0,0
CI090302,0,0,0,0,0,0,0,0
CI090402,0,0,0,0,0,0,0,0
CI090403,0,0,0,0,0,0,0,0
CI090404,0,0,0,0,0,0,0,0
CI090405,0,0,0,0,0,0,0,0
CI090406,0,0,0,0,0,0,0,0
CI090401,0,0,0,0,0,0,0,0
CI010101,0,0,0,0,0,0,0,0
CI010102,0,0,0,0,0,0,0,0
CI010103,0,0,0,0,0,0,0,0
CI010104,0,0,0,0,0,0,0,0
CI010105,0,0,0,0,0,0,0,0
CI020101,0,0,0,0,0,0,0,0
CI020102,0,0,0,0,0,0,0,0
CI020202,0,0,0,0,0,0,0,0
CI020201,0,0,0,0,0,0,0,0
CI100101,0,0,0,0,0,0,0,0
CI100102,0,0,0,0,0,0,0,0
CI100103,29.39021778,0,0,0,0,0,0,0
CI100202,0,0,0,0,0,0,0,0
CI100201,0,0,0,0,0,0,0,0
CI100203,0,0,0,0,0,0,0,0
CI100204,8.351632118,0,0,0,0,0,0,0
CI110101,0,0,0,0,0,0,0,0
CI110102,0,0,0,0,0,0,0,0
CI110103,0,0,0,0,0,0,0,0
CI110104,0,0,0,0,0,0,0,0
CI110105,0,0,0,0,0,0,0,0
CI110106,0,0,0,0,0,0,0,0
CI110107,0,0,0,0,0,0,0,0
CI110201,0,0,0,0,0,0,0,0
CI110202,0,0,0,0,0,0,0,0
CI110203,0,0,0,0,0,0,0,0
CI110204,0,0,0,0,0,0,0,0
CI110301,0,0,0,0,0,0,0,0
CI110302,0,0,0,0,0,0,0,0
CI110303,0,0,0,0,0,0,0,0
CI110304,0,0,0,0,0,0,0,0
CI110305,0,0,0,0,0,0,0,0
CI110402,0,0,0,0,0,0,0,0
CI110403,0,0,0,0,0,0,0,0
CI110401,0,0,0,0,0,0,0,0
CI110404,0,0,0,0,0,0,0,0
CI120101,0,0,0,0,0,0,0,0
CI120102,0,0,0,0,0,0,0,0
CI120103,0,0,0,0,0,0,0,0
CI120202,0,0,0,0,0,0,0,0
CI120203,0,0,0,0,0,0,0,0
CI120204,0,0,0,0,0,0,0,0
CI120205,0,0,0,0,0,0,0,0
CI120206,0,0,0,0,0,0,0,0
CI120201,0,0,0,0,0,0,0,0
CI130101,0,0,0,0,0,0,0,0
CI130102,0,0,0,0,0,0,0,0
CI130103,0,0,0,0,0,0,0,0
CI130104,0,0,0,0,0,0,0,0
CI130105,0,0,0,0,0,0,0,0
CI130106,0,0,0,0,0,0,0,0
CI130107,0,0,0,0,0,0,0,0
CI130108,0,0,0,0,0,0,0,0
CI130109,0,0,0,0,0,0,0,0
CI130110,0,0,0,0,0,0,0,0
CI130111,0,0,0,0,0,0,0,0
CI130112,0,0,0,0,0,0,0,0
CI130202,0,0,0,0,0,0,0,0
CI130203,0,0,0,0,0,0,0,0
CI130201,0,0,0,0,0,0,0,0
CI130204,0,0,0,0,0,0,0,0
CI140101,0,0,0,0,0,0,0,0
CI140102,0,0,0,0,0,0,0,0
CI140103,0,0,0,0,0,0,0,0
CI140104,0,0,0,0,0,0,0,0
CI140105,0,0,0,0,0,0,0,0
CI140106,0,0,0,0,0,0,0,0
CI140107,0,0,0,0,0,0,0,0
CI140108,0,0,0,0,0,0,0,0
CI140109,0,0,0,0,0,0,0,0
CI140110,0,0,0,0,0,0,0,0
CI140111,0,0,0,0,0,0,0,0
CI140112,0,0,0,0,0,0,0,0
CI140202,0,0,0,0,0,0,0,0
CI140203,0,0,0,0,0,0,0,0
CI140204,0,0,0,0,0,0,0,0
CI140201,0,0,0,0,0,0,0,0
CI140205,0,0,0,0,0,0,0,0
CI140206,0,0,0,0,0,0,0,0
CI140302,0,0,0,0,0,0,0,0
CI140303,0,0,0,0,0,0,0,0
CI140301,0,0,0,0,0,0,0,0
CI140304,0,0,0,0,0,0,0,0
CI140402,0,0,0,0,0,0,0,0
CI140403,0,0,0,0,0,0,0,0
CI140401,0,0,0,0,0,0,0,0
CI140404,0,0,0,0,0,0,0,0
CI140502,0,0,0,0,0,0,0,0
CI140503,0,0,0,0,0,0,0,0
CI140501,0,0,0,0,0,0,0,0
CI150101,0,0,0,0,0,0,0,0
CI150102,0,0,0,0,0,0,0,0
CI150103,0,0,0,0,0,0,0,0
CI150201,0,0,0,0,0,0,0,0
CI150202,0,0,0,0,0,0,0,0
CI150203,0,0,0,0,0,0,0,0
CI150204,0,0,0,0,0,0,0,0
CI150205,0,0,0,0,0,0,0,0
CI150302,0,0,0,0,0,0,0,0
CI150301,0,0,0,0,0,0,0,0
CI160101,0,0,0,0,0,0,0,0
CI160102,0,0,0,0,0,0,0,0
CI160103,0,0,0,0,0,0,0,0
CI160104,0,0,0,0,0,0,0,0
CI160105,0,0,0,0,0,0,0,0
CI160106,0,0,0,0,0,0,0,0
CI160107,0,0,0,0,0,0,0,0
CI160108,0,0,0,0,0,0,0,0
CI160109,0,0,0,0,0,0,0,0
CI160201,0,0,0,0,0,0,0,0
CI160202,0,0,0,0,0,0,0,0
CI160203,0,0,0,0,0,0,0,0
CI160204,0,0,0,0,0,0,0,0
CI160205,0,0,0,0,0,0,0,0
CI160301,0,0,0,0,0,0,0,0
CI160302,0,0,0,0,0,0,0,0
CI160303,0,0,0,0,0,0,0,0
CI160304,0,0,0,0,0,0,0,0
CI160305,0,0,0,0,0,0,0,0
CI160401,0,0,0,0,0,0,0,0
CI160402,0,0,0,0,0,0,0,0
CI160403,0,0,0,0,0,0,0,0
CI160404,0,0,0,0,0,0,0,0
CI170101,0,0,0,0,0,0,0,0
CI170102,0,0,0,0,0,0,0,0
CI170103,0,0,0,0,0,0,0,0
CI170104,0,0,0,0,0,0,0,0
CI170105,0,0,0,0,0,0,0,0
CI170106,0,0,0,0,0,0,0,0
CI170107,0,0,0,0,0,0,0,0
CI170108,0,0,0,0,0,0,0,0
CI170109,0,0,0,0,0,0,0,0
CI170110,0,0,0,0,0,0,0,0
CI170202,0,0,0,0,0,0,0,0
CI170201,0,0,0,0,0,0,0,0
CI170203,0,0,0,0,0,0,0,0
CI170302,0,0,0,0,0,0,0,0
CI170303,0,0,0,0,0,0,0,0
CI170301,0,0,0,0,0,0,0,0
CI170304,0,0,0,0,0,0,0,0
CI170305,0,0,0,0,0,0,0,0
CI170306,0,0,0,0,0,0,0,0
CI180101,0,0,0,0,0,0,0,0
CI180102,0,0,0,0,0,0,0,0
CI180103,0,0,0,0,0,0,0,0
CI180104,0,0,0,0,0,0,0,0
CI180105,0,0,0,0,0,0,0,0
CI180106,0,0,0,0,0,0,0,0
CI180202,0,0,0,0,0,0,0,0
CI180203,0,0,0,0,0,0,0,0
CI180201,0,0,0,0,0,0,0,0
CI180204,0,0,0,0,0,0,0,0
CI180205,0,0,0,0,0,0,0,0
CI180206,0,0,0,0,0,0,0,0
CI180207,0,0,0,0,0,0,0,0
CI180302,0,0,0,0,0,0,0,0
CI180303,0,0,0,0,0,0,0,0
CI180304,0,0,0,0,0,0,0,0
CI180305,0,0,0,0,0,0,0,0
CI180306,0,0,0,0,0,0,0,0
CI180301,0,0,0,0,0,0,0,0
CI180402,0,0,0,0,0,0,0,0
CI180403,0,0,0,0,0,0,0,0
CI180404,0,0,0,0,0,0,0,0
CI180401,0,0,0,0,0,0,0,0
CI190101,0,0,0,0,0,0,0,0
CI190102,0,0,0,0,0,0,0,0
CI190103,0,0,0,0,0,0,0,0
CI190104,0,0,0,0,0,0,0,0
CI190105,0,0,0,0,0,0,0,0
CI190106,0,0,0,0,0,0,0,0
CI190107,0,0,0,0,0,0,0,0
CI190202,0,0,0,0,0,0,0,0
CI190203,0,0,0,0,0,0,0,0
CI190201,0,0,0,0,0,0,0,0
CI190302,0,0,0,0,0,0,0,0
CI190303,0,0,0,0,0,0,0,0
CI190304,0,0,0,0,0,0,0,0
CI190305,0,0,0,0,0,0,0,0
CI190301,0,0,0,0,0,0,0,0
CI200101,0,0,0,0,0,0,0,0
CI200102,0,0,0,0,0,0,0,0
CI200103,0,0,0,0,0,0,0,0
CI200104,0,0,0,0,0,0,0,0
CI200105,0,0,0,0,0,0,0,0
CI200106,0,0,0,0,0,0,0,0
CI200107,0,0,0,0,0,0,0,0
CI200201,0,0,0,0,0,0,0,0
CI200202,0,0,0,0,0,0,0,0
CI200203,0,0,0,0,0,0,0,0
CI200204,0,0,0,0,0,0,0,0
CI200205,0,0,0,0,0,0,0,0
CI200301,0,0,0,0,0,0,0,0
CI200302,0,0,0,0,0,0,0,0
CI210101,0,0,0,0,0,0,0,0
CI210102,0,0,0,0,0,0,0,0
CI210103,0,0,0,0,0,0,0,0
CI210202,0,0,0,0,0,0,0,0
CI210201,0,0,0,0,0,0,0,0
CI210203,0,0,0,0,0,0,0,0
CI210302,0,0,0,0,0,0,0,0
CI210303,0,0,0,0,0,0,0,0
CI210304,0,0,0,0,0,0,0,0
CI210301,0,0,0,0,0,0,0,0
CI210305,0,0,0,0,0,0,0,0
CI210402,0,0,0,0,0,0,0,0
CI210401,0,0,0,0,0,0,0,0
CI210502,0,0,0,0,0,0,0,0
CI210501,0,0,0,0,0,0,0,0
CI220101,0,0,0,0,0,0,0,0
CI220102,0,0,0,0,0,0,0,0
CI220103,0,0,0,0,0,0,0,0
CI220104,0,0,0,0,0,0,0,0
CI220105,0,0,0,0,0,0,0,0
CI220106,0,0,0,0,0,0,0,0
CI220107,0,0,0,0,0,0,0,0
CI220202,0,0,0,0,0,0,0,0
CI220201,0,0,0,0,0,0,0,0
CI220203,0,0,0,0,0,0,0,0
CI220204,0,0,0,0,0,0,0,0
CI220302,0,0,0,0,0,0,0,0
CI220303,0,0,0,0,0,0,0,0
CI220304,0,0,0,0,0,0,0,0
CI220301,0,0,0,0,0,0,0,0
CI220305,0,0,0,0,0,0,0,0
CI220306,0,0,0,0,0,0,0,0
CI230101,0,0,0,0,0,0,0,0
CI230102,0,0,0,0,0,0,0,0
CI230103,0,0,0,0,0,0,0,0
CI230104,0,0,0,0,0,0,0,0
CI230105,0,0,0,0,0,0,0,0
CI230106,0,0,0,0,0,0,0,0
CI230107,0,0,0,0,0,0,0,0
CI230202,0,0,0,0,0,0,0,0
CI230203,0,0,0,0,0,0,0,0
CI230204,0,0,0,0,0,0,0,0
CI230201,0,0,0,0,0,0,0,0
CI230302,0,0,0,0,0,0,0,0
CI230303,0,0,0,0,0,0,0,0
CI230304,0,0,0,0,0,0,0,0
CI230305,0,0,0,0,0,0,0,0
CI230306,0,0,0,0,0,0,0,0
CI230307,0,0,0,0,0,0,0,0
CI230301,0,0,0,0,0,0,0,0
CI240101,0,0,0,0,0,0,0,0
CI240102,0,0,0,0,0,0,0,0
CI240103,0,0,0,0,0,0,0,0
CI240104,0,0,0,0,0,0,0,0
CI240105,0,0,0,0,0,0,0,0
CI240106,0,0,0,0,0,0,0,0
CI240201,0,0,0,0,0,0,0,0
CI240202,0,0,0,0,0,0,0,0
CI240203,0,0,0,0,0,0,0,0
CI240301,0,0,0,0,0,0,0,0
CI240302,0,0,0,0,0,0,0,0
CI240303,0,0,0,0,0,0,0,0
CI240304,0,0,0,0,0,0,0,0
CI240305,0,0,0,0,0,0,0,0
CI240402,0,0,0,0,0,0,0,0
CI240403,0,0,0,0,0,0,0,0
CI240401,0,0,0,0,0,0,0,0
CI250101,0,0,0,0,0,0,0,0
CI250102,0,0,0,0,0,0,0,0
CI250103,0,0,0,0,0,0,0,0
CI250201,0,0,0,0,0,0,0,0
CI250202,0,0,0,0,0,0,0,0
CI250203,0,0,0,0,0,0,0,0
CI250204,0,0,0,0,0,0,0,0
CI250302,0,0,0,0,0,0,0,0
CI250303,0,0,0,0,0,0,0,0
CI250301,0,0,0,0,0,0,0,0
CI250304,0,0,0,0,0,0,0,0
CI270101,0,0,0,0,0,0,0,0
CI270102,0,0,0,0,0,0,0,0
CI270103,0,0,0,0,0,0,0,0
CI270104,0,0,0,0,0,0,0,0
CI270201,0,0,0,0,0,0,0,0
CI270202,0,0,0,0,0,0,0,0
CI270203,0,0,0,0,0,0,0,0
CI270204,0,0,0,0,0,0,0,0
CI270301,0,0,0,0,0,0,0,0
CI270302,0,0,0,0,0,0,0,0
CI260101,0,0,0,0,0,0,0,0
CI260102,0,0,0,0,0,0,0,0
CI260202,0,0,0,0,0,0,0,0
CI260201,0,0,0,0,0,0,0,0
CI260301,0,0,0,0,0,0,0,0
CI260302,0,0,0,0,0,0,0,0
CI260402,0,0,0,0,0,0,0,0
CI260403,0,0,0,0,0,0,0,0
CI260404,0,0,0,0,0,0,0,0
CI260405,0,0,0,0,0,0,0,0
CI260401,0,0,0,0,0,0,0,0
CI280101,0,0,0,0,0,0,0,0
CI280102,0,0,0,0,0,0,0,0
CI280103,0,0,0,0,0,0,0,0
CI280202,0,0,0,0,0,0,0,0
CI280203,0,0,0,0,0,0,0,0
CI280204,0,0,0,0,0,0,0,0
CI280205,0,0,0,0,0,0,0,0
CI280206,0,0,0,0,0,0,0,0
CI280207,0,0,0,0,0,0,0,0
CI280208,0,0,0,0,0,0,0,0
CI280201,0,0,0,0,0,0,0,0
CI280209,0,0,0,0,0,0,0,0
CI280210,0,0,0,0,0,0,0,0
CI280211,0,0,0,0,0,0,0,0
CI280212,0,0,0,0,0,0,0,0
CI280213,0,0,0,0,0,0,0,0
CI280214,0,0,0,0,0,0,0,0
CI280215,0,0,0,0,0,0,0,0
CI280216,0,0,0,0,0,0,0,0
CI280302,0,0,0,0,0,0,0,0
CI280303,0,0,0,0,0,0,0,0
CI280304,1418.138138,0,0,0,0,0,0,0
CI280301,0,0,0,0,0,0,0,0
CI280402,0,0,0,0,0,0,0,0
CI280403,0,0,0,0,0,0,0,0
CI280404,0,0,0,0,0,0,0,0
CI280401,0,0,0,0,0,0,0,0
CI290102,0,0,0,0,0,0,0,0
CI290103,0,0,0,0,0,0,0,0
CI290104,0,0,0,0,0,0,0,0
CI290105,0,0,0,0,0,0,0,0
CI290101,0,0,0,0,0,0,0,0
CI290202,0,0,0,0,0,0,0,0
CI290203,0,0,0,0,0,0,0,0
CI290204,0,0,0,0,0,0,0,0
CI290205,0,0,0,0,0,0,0,0
CI290206,0,0,0,0,0,0,0,0
CI290201,0,0,0,0,0,0,0,0
CI300101,0,0,0,0,0,0,0,0
CI300102,0,0,0,0,0,0,0,0
CI300103,0,0,0,0,0,0,0,0
CI300104,0,0,0,0,0,0,0,0
CI300105,0,0,0,0,0,0,0,0
CI300106,0,0,0,0,0,0,0,0
CI300107,0,0,0,0,0,0,0,0
CI300108,0,0,0,0,0,0,0,0
CI300201,0,0,0,0,0,0,0,0
CI300202,0,0,0,0,0,0,0,0
CI300203,0,0,0,0,0,0,0,0
CI300301,0,0,0,0,0,0,0,0
CI300302,0,0,0,0,0,0,0,0
CI300303,0,0,0,0,0,0,0,0
CI300402,0,0,0,0,0,0,0,0
CI300403,0,0,0,0,0,0,0,0
CI300401,0,0,0,0,0,0,0,0
CI310101,0,0,0,0,0,0,0,0
CI310102,0,0,0,0,0,0,0,0
CI310103,0,0,0,0,0,0,0,0
CI310202,0,0,0,0,0,0,0,0
CI310201,0,0,0,0,0,0,0,0
CI310203,0,0,0,0,0,0,0,0
CI310204,0,0,0,0,0,0,0,0
CI310302,0,0,0,0,0,0,0,0
CI310303,50.75483036,0,0,0,0,0,0,0
CI310304,0,0,0,0,0,0,0,0
CI310301,123.96457,0,0,0,0,0,0,0
CI310305,0,0,0,0,0,0,0,0
CI320101,0,0,0,0,0,0,0,0
CI320102,0,0,0,0,0,0,0,0
CI320103,0,0,0,0,0,0,0,0
CI320104,0,0,0,0,0,0,0,0
CI320105,0,0,0,0,0,0,0,0
CI320106,0,0,0,0,0,0,0,0
CI320107,0,0,0,0,0,0,0,0
CI320201,0,0,0,0,0,0,0,0
CI320202,0,0,0,0,0,0,0,0
CI320203,0,0,0,0,0,0,0,0
CI320204,0,0,0,0,0,0,0,0
CI320205,0,0,0,0,0,0,0,0
CI320206,0,0,0,0,0,0,0,0
CI320207,0,0,0,0,0,0,0,0
CI320302,0,0,0,0,0,0,0,0
CI320303,0,0,0,0,0,0,0,0
CI320304,0,0,0,0,0,0,0,0
CI320305,0,0,0,0,0,0,0,0
CI320301,0,0,0,0,0,0,0,0
CI320306,0,0,0,0,0,0,0,0
CI320307,0,0,0,0,0,0,0,0
CI320308,0,0,0,0,0,0,0,0
CI320309,0,0,0,0,0,0,0,0
CI320310,0,0,0,0,0,0,0,0
CI320311,0,0,0,0,0,0,0,0
CI320401,0,0,0,0,0,0,0,0
CI320402,0,0,0,0,0,0,0,0
CI320502,0,0,0,0,0,0,0,0
CI320503,0,0,0,0,0,0,0,0
CI320504,0,0,0,0,0,0,0,0
CI320505,0,0,0,0,0,0,0,0
CI320506,0,0,0,0,0,0,0,0
CI320501,0,0,0,0,0,0,0,0
CI330102,0,0,0,0,0,0,0,0
CI330103,0,0,0,0,0,0,0,0
CI330101,0,0,0,0,0,0,0,0
CI330104,0,0,0,0,0,0,0,0
CI330202,0,0,0,0,0,0,0,0
CI330203,0,0,0,0,0,0,0,0
CI330204,0,0,0,0,0,0,0,0
CI330205,0,0,0,0,0,0,0,0
CI330201,0,0,0,0,0,0,0,0
CI330206,0,0,0,0,0,0,0,0
CI330207,0,0,0,0,0,0,0,0
SN010101,0,0,0,0,0,0,0,0
SN010102,0,0,0,0,0,0,0,0
SN010103,0,0,0,0,0,0,0,0
SN010104,0,0,0,0,0,0,0,0
SN010201,0,0,0,0,0,0,0,0
SN010302,0,0,0,0,0,0,0,0
SN010303,0,0,0,0,0,0,0,0
SN010401,0,0,0,0,0,0,0,0
SN010402,0,0,0,0,0,0,0,0
SN010403,0,0,0,0,0,0,0,0
SN010404,0,0,0,0,0,0,0,0
SN010501,0,0,0,0,0,0,0,0
SN010502,0,0,0,0,0,0,0,0
SN010503,0,0,0,0,0,0,0,0
SN020101,0,0,0,0,0,0,0,0
SN020102,0,0,0,0,0,0,0,0
SN020103,0,0,0,0,0,0,0,0
SN020201,0,0,0,0,0,0,0,0
SN020202,0,0,0,0,0,0,0,0
SN020301,0,0,0,0,0,0,0,0
SN020302,0,0,0,0,0,0,0,0
SN020303,0,0,0,0,0,0,0,0
SN030101,0,0,0,0,0,0,0,0
SN030102,0,0,0,0,0,0,0,0
SN030103,0,0,0,0,0,0,0,0
SN030104,0,0,0,0,0,0,0,0
SN030201,0,0,0,0,0,0,0,0
SN030202,0,0,0,0,0,0,0,0
SN030203,0,0,0,0,0,0,0,0
SN030301,0,0,0,0,0,0,0,0
SN030302,0,0,0,0,0,0,0,0
SN040101,0,0,0,0,0,0,0,0
SN040102,0,0,0,0,0,0,0,0
SN040201,0,0,0,0,0,0,0,0
SN040202,0,0,0,0,0,0,0,0
SN040301,0,0,0,0,0,0,0,0
SN040302,0,0,0,0,0,0,0,0
SN040303,0,0,0,0,0,0,0,0
SN040401,0,0,0,0,0,0,0,0
SN040402,0,0,0,0,0,0,0,0
SN050101,0,0,0,0,0,0,0,0
SN050102,0,0,0,0,0,0,0,0
SN050201,0,0,0,0,0,0,0,0
SN050202,0,0,0,0,0,0,0,0
SN050203,0,0,0,0,0,0,0,0
SN050301,0,0,0,0,0,0,0,0
SN050302,0,0,0,0,0,0,0,0
SN050303,0,0,0,0,0,0,0,0
SN060101,0,0,0,0,0,0,0,0
SN060102,0,0,0,0,0,0,0,0
SN060201,0,0,0,0,0,0,0,0
SN060202,0,0,0,0,0,0,0,0
SN060301,26.87461066,0,0,0,0,0,0,0
SN060302,108.9444444,0,0,0,0,0,0,0
SN070101,0,0,0,0,0,0,0,0
SN070102,0,0,0,0,0,0,0,0
SN070103,0,0,0,0,0,0,0,0
SN070201,0,0,0,0,0,0,0,0
SN070202,0,0,0,0,0,0,0,0
SN070203,0,0,0,0,0,0,0,0
SN070301,0,0,0,0,0,0,0,0
SN070302,0,0,0,0,0,0,0,0
SN070303,0,0,0,0,0,0,0,0
SN080101,0,0,0,0,0,0,0,0
SN080102,0,0,0,0,0,0,0,0
SN080103,0,0,0,0,0,0,0,0
SN080201,0,0,0,0,0,0,0,0
SN080202,0,0,0,0,0,0,0,0
SN080203,0,0,0,0,0,0,0,0
SN080204,0,0,0,0,0,0,0,0
SN080301,0,0,0,0,0,0,0,0
SN080302,0,0,0,0,0,0,0,0
SN080303,0,0,0,0,0,0,0,0
SN080304,0,0,0,0,0,0,0,0
SN090101,3.887752295,0,0,0,0,0,0,0
SN090102,681.2826018,0,0,0,0,0,0,0
SN090201,39.59821391,0,0,0,0,0,0,0
SN090202,201.5196877,194.4873047,0.965103246,0,194.4873047,194.4873047,194.4873047,194.4873047
SN090301,0,0,0,0,0,0,0,0
SN100101,56.961151,36.01307678,0.632239274,0,36.01307678,36.01307678,36.01307678,36.01307678
SN100102,0,0,0,0,0,0,0,0
SN100201,54.72291261,1.361185908,0.024874149,0,1.361185908,1.361185908,1.361185908,1.361185908
SN100202,1.271973968,0,0,0,0,0,0,0
SN100203,381.3578887,0,0,0,0,0,0,0
SN100204,63.83547592,0,0,0,0,0,0,0
SN100301,0,0,0,0,0,0,0,0
SN110101,0,0,0,0,0,0,0,0
SN110102,0,0,0,0,0,0,0,0
SN110103,0,0,0,0,0,0,0,0
SN110201,0,0,0,0,0,0,0,0
SN110202,0,0,0,0,0,0,0,0
SN110203,0,0,0,0,0,0,0,0
SN110301,0,0,0,0,0,0,0,0
SN110302,0,0,0,0,0,0,0,0
SN110303,0,0,0,0,0,0,0,0
SN120101,54.72970891,0,0,0,0,0,0,0
SN120102,315.9134243,132.2633801,0.418669705,0,132.2633801,132.2633801,132.2633801,132.2633801
SN120103,92.45997167,64.14606929,0.693771241,0,64.14606929,64.14606929,64.14606929,64.14606929
SN120201,0,0,0,0,0,0,0,0
SN120202,0,0,0,0,0,0,0,0
SN120203,0,0,0,0,0,0,0,0
SN120204,0,0,0,0,0,0,0,0
SN120301,0,0,0,0,0,0,0,0
SN120302,0,0,0,0,0,0,0,0
SN120401,0,0,0,0,0,0,0,0
SN120402,0,0,0,0,0,0,0,0
SN120403,0,0,0,0,0,0,0,0
SN130101,0,0,0,0,0,0,0,0
SN130102,0,0,0,0,0,0,0,0
SN130103,0,0,0,0,0,0,0,0
SN130201,0,0,0,0,0,0,0,0
SN130202,0,0,0,0,0,0,0,0
SN130203,0,0,0,0,0,0,0,0
SN130301,0,0,0,0,0,0,0,0
SN130302,0,0,0,0,0,0,0,0
SN130303,0,0,0,0,0,0,0,0
SN130304,0,0,0,0,0,0,0,0
SN140101,0,0,0,0,0,0,0,0
SN140102,0,0,0,0,0,0,0,0
SN140103,0,0,0,0,0,0,0,0
SN140104,0,0,0,0,0,0,0,0
SN140201,0,0,0,0,0,0,0,0
SN140202,0,0,0,0,0,0,0,0
SN140301,0,0,0,0,0,0,0,0
SN140302,0,0,0,0,0,0,0,0
