ADM3_PCODE,Pf_Parasite_Rate_min,Pf_Parasite_Rate_max,Pf_Parasite_Rate_mean,Pf_Parasite_Rate_median,Pf_Parasite_Rate_stdDev,Pf_Mortality_Rate_min,Pf_Mortality_Rate_max,Pf_Mortality_Rate_mean,Pf_Mortality_Rate_median,Pf_Mortality_Rate_stdDev
BF130001,0.2609978914260864,0.3289552927017212,0.3030491244013554,0.29915377497673035,0.013843087540091137,8.297960157506168E-4,0.001880280440673232,0.0012221141165521235,0.0012023726012557745,3.172131389153056E-4
BF130002,0.2183464914560318,0.3289552927017212,0.2816495271309047,0.287983238697052,0.029748394637293556,3.0622066697105765E-4,0.002030682750046253,0.0011852052729477457,0.0011078884126618505,3.4780327238198393E-4
BF130003,0.20999577641487122,0.31688639521598816,0.2524209897877745,0.25239720940589905,0.024591013445806553,5.839036894030869E-4,0.002061542123556137,0.0014272012057530523,0.0014027408324182034,3.887946485399169E-4
BF130004,0.12334440648555756,0.30363309383392334,0.18807501594914838,0.19781596958637238,0.052386548402537925,1.6295493696816266E-4,0.0011808528797701001,3.677590044825366E-4,2.6183974114246666E-4,2.8300683004244513E-4
BF130005,0.17726127803325653,0.32446449995040894,0.26776972105082836,0.27139773964881897,0.038543299068657916,2.299202315043658E-4,0.0010453449795022607,6.922690628146355E-4,6.364182918332517E-4,1.8540908054003066E-4
BF130006,0.14633825421333313,0.31688639521598816,0.24300648409997103,0.24696649610996246,0.03286065204557646,1.7370222485624254E-4,0.0021868792828172445,0.0011349721563994274,0.001236496726050973,4.4120861674935884E-4
BF130007,0.22675751149654388,0.34522297978401184,0.2839328118161386,0.28082388639450073,0.025673012219340825,4.219190450385213E-4,0.0018268490675836802,9.214244215222345E-4,9.193408186547458E-4,3.11711946164038E-4
BF460101,0.14216069877147675,0.22180895507335663,0.18596893750399182,0.18707561492919922,0.0166067196803958,0.0010105655528604984,0.0033275296445935965,0.00221881794978559,0.00225995690561831,6.85518921056715E-4
BF460102,0.13925346732139587,0.17911508679389954,0.14793056120242687,0.14328794181346893,0.012553672096542547,0.0014046592405065894,0.0029823072254657745,0.0021214446862511515,0.0020793790463358164,4.674149697065047E-4
BF460103,0.15075339376926422,0.24997185170650482,0.20578809253574412,0.207672581076622,0.019970300838548543,0.001013880711980164,0.0034920561593025923,0.0020509890578470076,0.002015146892517805,7.114607988170959E-4
BF460104,0.19349068403244019,0.35619214177131653,0.25351268499668317,0.24663406610488892,0.04687565520086863,0.0011606160551309586,0.002756232861429453,0.0020230775960158416,0.0020005018450319767,3.4495673144318255E-4
BF460105,0.12645378708839417,0.24237976968288422,0.18366668411587495,0.19069384038448334,0.030016978612092394,0.0013665263541042805,0.003664641175419092,0.0027933922385331785,0.002907987218350172,5.380221280577518E-4
BF460106,0.16373322904109955,0.21965500712394714,0.19021635953036412,0.18569152057170868,0.014913806007729447,9.94753441773355E-4,0.002850382821634412,0.0018011696458832185,0.0018321586539968848,5.181754681838056E-4
BF460107,0.14328794181346893,0.22966034710407257,0.174215768592301,0.17121779918670654,0.02262543689364099,0.0012403957080096006,0.0033911739010363817,0.0026671307504538603,0.0026607366744428873,5.989344764926642E-4
BF460108,0.20663610100746155,0.25018152594566345,0.22877949094918673,0.23224680125713348,0.012656011621288958,0.0016647928860038519,0.002500975737348199,0.002136347450648379,0.002154751680791378,2.323181436861525E-4
BF460109,0.15075339376926422,0.22833295166492462,0.20708360514596885,0.21182024478912354,0.018760087681475086,0.0015038427663967013,0.0034980669151991606,0.002769088446266226,0.002740239491686225,5.458521158145138E-4
BF460110,0.13925346732139587,0.19651533663272858,0.1757489531911589,0.17706049978733063,0.013013275821461398,9.80771379545331E-4,0.002754408400505781,0.0018562112163563068,0.0019550786819308996,5.139578775928121E-4
BF460201,0.1406124234199524,0.22160762548446655,0.1827016832904177,0.18564066290855408,0.018064763580724112,0.0018013898516073823,0.0033243170473724604,0.0025799072751552846,0.002609545597806573,3.677630359363022E-4
BF460202,0.14996495842933655,0.20837652683258057,0.18293626674481228,0.18350820243358612,0.012474893762969601,0.0013135976623743773,0.004208253230899572,0.003380363713204763,0.00335377873852849,6.853457598653711E-4
BF460203,0.15849551558494568,0.22160762548446655,0.18759223401877548,0.18603651225566864,0.016246557898085684,0.0019082045182585716,0.004215649329125881,0.0030552138389967425,0.003143948968499899,6.215770466047348E-4
BF460204,0.13711979985237122,0.19024358689785004,0.1629168337122866,0.1654818207025528,0.011865325961508676,0.0012986166402697563,0.003837904194369912,0.0028719597480551047,0.0028606117703020573,5.474613868682317E-4
BF460205,0.13272090256214142,0.20023959875106812,0.16267375164347941,0.16102208197116852,0.015163287818136669,9.590627159923315E-4,0.004215649329125881,0.003063022110383953,0.0032159207621589303,7.409219887427304E-4
BF460206,0.1659182608127594,0.2349659502506256,0.19272321607505993,0.19432534277439117,0.01645953864088051,0.002226766664534807,0.0038574058562517166,0.0028848075970701187,0.002836687723174691,4.4503510919934665E-4
BF460301,0.11537032574415207,0.3070656359195709,0.24350148416768286,0.2485771688825286,0.04209144044293469,0.0013018236495554447,0.004600598011165857,0.0027370678410491675,0.002585942856967449,7.923047315605597E-4
BF460302,0.1862521916627884,0.273461252450943,0.2272756665216155,0.2317146360874176,0.019332949310655333,0.0017818239284679294,0.004700117278844118,0.002770651329188841,0.002785478485748172,8.016834659955175E-4
BF460303,0.1433047652244568,0.21479322016239166,0.18326257867365217,0.18290910124778748,0.017023682487455855,0.0023566391319036484,0.004721441306173801,0.003523984661190862,0.003545456798747182,5.563332100974988E-4
BF460304,0.2264498472213745,0.3028393089771271,0.25232747034738834,0.2524065673351288,0.020340417333547238,0.0016028555110096931,0.004734531510621309,0.00227347052958564,0.0020325705409049988,7.413744073072891E-4
BF460305,0.14199119806289673,0.2319004088640213,0.1807672992509918,0.18288010358810425,0.019364606975070742,0.0017165926983579993,0.004523575305938721,0.003129655976405096,0.0031408104114234447,6.445195566310539E-4
BF460306,0.18750955164432526,0.2417837381362915,0.2159224403811821,0.21616515517234802,0.015223733949722302,0.0019403331680223346,0.004752779379487038,0.0033556410723448995,0.003136775456368923,8.398964569800942E-4
BF460307,0.23763833940029144,0.3070656359195709,0.28815740954528735,0.2984873950481415,0.026169948657504768,0.0014261206379160285,0.0018978746375069022,0.0017521961559708735,0.0018342452822253108,1.5915271957626172E-4
BF460308,0.2398761808872223,0.26110732555389404,0.2547161973267793,0.258492112159729,0.009452534886925294,0.0016184637788683176,0.0019762038718909025,0.001716388294697931,0.0016673380741849542,1.371727005083006E-4
BF460309,0.12899887561798096,0.2429126799106598,0.18605289333428476,0.1873946487903595,0.01936666810413785,0.0013879293110221624,0.0045937723480165005,0.003314539868748617,0.0032961496617645025,6.769673813482744E-4
BF460311,0.11537032574415207,0.21532385051250458,0.17480449971773768,0.1768934279680252,0.0259414213291826,0.0013018236495554447,0.004180051852017641,0.0031283757287934918,0.003167486749589443,6.478060217597732E-4
BF460401,0.13925346732139587,0.19281132519245148,0.1762765249775606,0.17742538452148438,0.011100505790126414,0.0010570648591965437,0.0034008300863206387,0.002279395451163104,0.002386734588071704,6.519974811966537E-4
BF460402,0.13591477274894714,0.20465224981307983,0.15291210042357042,0.15165902481925106,0.012805411263122147,0.0017419805517420173,0.00400073966011405,0.0030384374854472928,0.003056741460606876,5.158875519481235E-4
BF460403,0.12499183416366577,0.16934247314929962,0.14431983819731617,0.14238011837005615,0.010457973677781616,0.0012537282891571522,0.003962852992117405,0.002808848284212099,0.002955112373456359,6.965190613800858E-4
BF460404,0.14267675578594208,0.18158046901226044,0.15986917445445167,0.15957291424274445,0.00975421935396016,0.0021559770684689283,0.003568192245438695,0.002810027582592511,0.002836854662746191,4.3028467518319436E-4
BF460405,0.13853010535240173,0.19175207614898682,0.1696550453218407,0.17083649337291718,0.010993915637744028,0.001087272772565484,0.003635464236140251,0.002716571740143734,0.002717663999646902,6.226161162004616E-4
BF460406,0.11389634758234024,0.2120475322008133,0.14912882263893162,0.15055350959300995,0.01870095924850798,0.0019401365425437689,0.003664641175419092,0.002781054508354564,0.002688892580074619,4.8763016164874183E-4
BF460407,0.12195832282304764,0.25792282819747925,0.17401943433249614,0.1721922862179139,0.03194971956013003,0.0017394539900124073,0.003962852992117405,0.0026938005438004765,0.002613410819321871,4.998637319784616E-4
BF460501,0.12499183416366577,0.19076302647590637,0.1531410973294888,0.15182449773002527,0.010252395103926079,0.0013315468095242977,0.00398097513243556,0.002898246779497357,0.00292489200162922,5.587303238543597E-4
BF460502,0.1573837548494339,0.2244865596294403,0.1981587943333357,0.19734759628772736,0.01690927340940038,0.0012585880467668176,0.003137117251753807,0.0018724692395021573,0.0018494026735424995,5.087844982856904E-4
BF460503,0.14192819595336914,0.17257121205329895,0.15819550129971952,0.15860071778297424,0.00727344142950911,0.002078391145914793,0.0034948980901390314,0.0025196376553796164,0.0025297612883150578,3.9644501312018977E-4
BF460504,0.1518000066280365,0.19908560812473297,0.17578501520423698,0.17387813329696655,0.014939029422271006,0.0013027363456785679,0.003137117251753807,0.0024513371393458014,0.0024727489799261093,3.782253715992176E-4
BF460505,0.1454324573278427,0.22118331491947174,0.1783122565211921,0.17516179382801056,0.019225813440943457,0.0012253883760422468,0.003374421503394842,0.0022980393211768603,0.0023219683207571507,5.370081612466231E-4
BF460506,0.11974584311246872,0.20131073892116547,0.15168330378420505,0.15052993595600128,0.01894877009954668,0.001465363660827279,0.0034934214781969786,0.0024663162860260215,0.0023545334115624428,4.3767547031454984E-4
BF460601,0.12018518149852753,0.18117861449718475,0.16158088587815567,0.1671455055475235,0.016635833709483825,0.0015243134694173932,0.0035782873164862394,0.0024151234404023512,0.002036225749179721,6.467526464815651E-4
BF460602,0.14268620312213898,0.19382384419441223,0.1669566940524706,0.16502037644386292,0.01184000974306289,0.0010877654422074556,0.0029524771962314844,0.0017245176336159638,0.0016307610785588622,4.7035074270423976E-4
BF460603,0.13413307070732117,0.17376397550106049,0.1531492978546281,0.149424746632576,0.009325726537140191,0.0015070511726662517,0.004062462132424116,0.0023832075452149613,0.0023100809194147587,5.160730826284692E-4
BF460604,0.13168421387672424,0.19382384419441223,0.1580089390913594,0.158660888671875,0.01576139907954936,8.76083446200937E-4,0.0029524771962314844,0.0015675887403920601,0.001506078289821744,4.687977109267714E-4
BF460605,0.11537032574415207,0.17222560942173004,0.1478533778140942,0.1454361379146576,0.013370866779935615,0.0013018236495554447,0.0037112783174961805,0.0022624520022266853,0.002286127768456936,6.216593805190774E-4
BF460606,0.136220782995224,0.20937705039978027,0.18163853385600962,0.18677569925785065,0.020519269672538424,9.562649065628648E-4,0.0027045507449656725,0.0014845578335836284,0.0014279033057391644,4.15952706708872E-4
BF460607,0.1437349021434784,0.21134185791015625,0.17290405694545813,0.1697879433631897,0.014484386556466363,0.0011472689220681787,0.0036972127854824066,0.0018479464470586935,0.0015690844738855958,6.744868750949991E-4
BF460608,0.11552320420742035,0.2087864726781845,0.15546797524914485,0.15310685764082144,0.01948221271169992,8.76083446200937E-4,0.004062462132424116,0.002082902104056103,0.0020464479457587004,6.341314439325134E-4
BF470101,0.12565936148166656,0.19450323283672333,0.16293485522754594,0.16359585523605347,0.0134471717394683,8.288454846478999E-4,0.00212601525709033,0.001340918320803049,0.0012527521466836333,3.5053601662558175E-4
BF470102,0.1362334042787552,0.17775951325893402,0.14980530342970397,0.1447822004556656,0.012279692604698673,8.526406018063426E-4,0.0018345466814935207,0.0013766790589685271,0.0013321423903107643,3.4029034346108134E-4
BF470103,0.1674947291612625,0.49972638487815857,0.34773200857165243,0.3541043573810208,0.08138759203941885,6.612184224650264E-4,0.0012744656996801496,9.471515041378331E-4,9.480522228683263E-4,1.0784977402154464E-4
BF470104,0.13814909756183624,0.1900119185447693,0.16693259251505815,0.17000995576381683,0.012520861803220934,8.212808170355856E-4,0.0015203277580440044,0.0010294455733846435,9.662815718911588E-4,1.6931929482576287E-4
BF470105,0.11475373804569244,0.4798000752925873,0.2676630523745612,0.24453472346067429,0.08889799427030143,4.911471041850746E-4,0.0014599952846765518,8.827321771994461E-4,8.65141220856458E-4,1.6182817087039234E-4
BF470106,0.19137895107269287,0.4403713047504425,0.2959710445019604,0.279783695936203,0.059580568353343154,7.598240044899285E-4,0.0013325258623808622,0.001056913128947402,0.0010552394669502974,1.126679124514113E-4
BF470107,0.1642296314239502,0.3269727826118469,0.2223705200516447,0.220375894490183,0.029965480327959614,7.664567092433572E-4,0.002142623532563448,0.0010821210392795843,0.0010859828526388997,1.532237785017993E-4
BF470108,0.16359585523605347,0.20787735283374786,0.18185853299309698,0.18127568066120148,0.00887584282483721,7.910568965598941E-4,0.0014829272404313087,9.87815598782189E-4,9.739297674968839E-4,1.6651645668615077E-4
BF470109,0.14948220551013947,0.21774587035179138,0.17959542148100105,0.17846494913101196,0.013360105374418724,7.283555460162461E-4,0.0018115786369889975,0.0010136204498083416,9.655211859705647E-4,2.1197831972143133E-4
BF470201,0.07911647856235504,0.2102038860321045,0.18393229974526165,0.1857280135154724,0.0280032039948687,6.612948491238058E-4,0.0014829272404313087,0.001004266078775102,9.558366145938635E-4,1.8665264789306072E-4
BF470202,0.12015970051288605,0.190423384308815,0.16559917228398738,0.1645977944135666,0.017134278942352595,8.437470532953739E-4,0.0015505629125982523,0.0010570642167374818,9.834262309595942E-4,1.7889916710289136E-4
BF470203,0.13107271492481232,0.17407160997390747,0.1542512082322623,0.15036411583423615,0.014554912939332625,6.465436890721321E-4,0.0010306783951818943,8.899968229096424E-4,8.945961017161608E-4,1.1502600950260627E-4
BF470204,0.13107271492481232,0.19760745763778687,0.16585801684267854,0.17119474709033966,0.01932676074952146,6.350908661261201E-4,0.0021969913505017757,9.604560331038526E-4,9.3935860786587E-4,3.286693160189407E-4
BF470205,0.0798693299293518,0.2244693785905838,0.18735257057947619,0.18636515736579895,0.02784606543022386,6.612948491238058E-4,0.0013737997505813837,0.0010181791961221944,9.41597216296941E-4,2.001809269384496E-4
BF470206,0.13107271492481232,0.17454271018505096,0.15918701119877474,0.16425767540931702,0.013187860468256355,6.465436890721321E-4,0.0013003293424844742,9.71913422874326E-4,9.63784521445632E-4,1.7987610230390247E-4
BF470207,0.12015970051288605,0.18305310606956482,0.15718163307487137,0.15780887007713318,0.011855104732024412,7.999593508429825E-4,0.0021969913505017757,0.0011871827755355162,0.001021660747937858,3.515052122817253E-4
BF470208,0.13814909756183624,0.190423384308815,0.16693670836795862,0.1681853085756302,0.012099138651103071,8.288454846478999E-4,0.0012391185155138373,0.0010253458938759093,9.952657856047153E-4,1.2083552850082731E-4
BF480101,0.13094288110733032,0.2185095101594925,0.17694425680221118,0.18064652383327484,0.022955536045839636,7.721742149442434E-4,0.0027274249587208033,0.0017878321804396032,0.001561137498356402,5.497718335504035E-4
BF480102,0.1645033359527588,0.2089872658252716,0.1880261091402016,0.1873771697282791,0.010166534492066953,0.0017955583753064275,0.002737014554440975,0.0023906339522153275,0.0024809264577925205,2.57577404999536E-4
BF480103,0.15756312012672424,0.22154176235198975,0.16973807941935584,0.16254398226737976,0.02129475955884112,9.691768209449947E-4,0.0023849972058087587,0.0015184764618722194,0.0015890373615548015,3.8880782547824784E-4
BF480104,0.19320347905158997,0.23485665023326874,0.21399062861529133,0.21578370034694672,0.010031636116877218,0.0027554836124181747,0.003937329165637493,0.0034453781024307273,0.003409144701436162,2.814024791956822E-4
BF480105,0.06172802299261093,0.2200879156589508,0.18218621786482744,0.1894652396440506,0.03493021943430368,4.316085542086512E-4,0.003482063300907612,0.0019499285505871313,0.001957179047167301,5.751643996279369E-4
BF480106,0.14053811132907867,0.21746280789375305,0.18182919532737046,0.1659013032913208,0.02569194965813611,6.977193406783044E-4,0.0026270775124430656,0.0016342104000731988,0.0016582132084295154,5.532362965424817E-4
BF480107,0.13094288110733032,0.21723149716854095,0.17742378237748574,0.17908047139644623,0.025613298732745565,6.977193406783044E-4,0.003097998211160302,0.00204398492833493,0.002283613895997405,6.310430732021272E-4
BF480108,0.15240077674388885,0.27288350462913513,0.20515830514351055,0.2039465755224228,0.02704072659127652,0.0015890373615548015,0.0029142911080271006,0.0024795909396697446,0.0026270775124430656,4.3797644698007705E-4
BF480109,0.1456015259027481,0.2851588726043701,0.21541461721227564,0.2256639450788498,0.049352485972151056,9.691768209449947E-4,0.002756211906671524,0.0018670916206210818,0.0018812488997355103,5.154302434057399E-4
BF480110,0.14303985238075256,0.23485665023326874,0.1956716239695771,0.1944958120584488,0.0209148397424871,0.0011426430428400636,0.003873799229040742,0.002627646106817554,0.0027283982115073337,5.059286853592935E-4
BF480111,0.05649535730481148,0.25004294514656067,0.19416407610301517,0.19670720398426056,0.030604484494405827,5.499873077496886E-4,0.0019692713394761086,0.0013252349071699089,0.001330343191511929,3.7822700103463936E-4
BF480112,0.06427432596683502,0.21629559993743896,0.1696204055085981,0.20788104832172394,0.06433731909460795,2.1496204135473818E-4,0.001483876840211451,7.985340963482285E-4,6.483321776613593E-4,4.019722184360944E-4
BF480113,0.13094288110733032,0.23043961822986603,0.18997433461095428,0.19640225172042847,0.03283623389132799,7.721742149442434E-4,0.0020307395607233047,0.001796450280239145,0.0017697506118565798,3.1598342806273043E-4
BF480202,0.16784146428108215,0.20920942723751068,0.1848238274250285,0.18510407209396362,0.012397293997238977,0.002987827640026808,0.0034975758753716946,0.0031787859857166693,0.0031245332211256027,1.780845073178899E-4
BF480201,0.1746635138988495,0.2832171618938446,0.21440835546929926,0.20871631801128387,0.023472510748436225,0.0021567181684076786,0.003963676281273365,0.0032869924845238562,0.0033479356206953526,3.3130058148027395E-4
BF480203,0.16784146428108215,0.22132331132888794,0.18981542253400435,0.18867899477481842,0.013011654823839779,0.0017955583753064275,0.003409144701436162,0.002670468793147995,0.002621227875351906,4.833866356235174E-4
BF480204,0.1720312088727951,0.2433728277683258,0.19849302478854963,0.19872026145458221,0.016150933391648376,0.0018278381321579218,0.0035901905503124,0.0030102381941074204,0.0029997611418366432,3.811807929845082E-4
BF480205,0.0962386280298233,0.282751202583313,0.23590613806481103,0.24413062632083893,0.05016644486463858,7.393594132736325E-4,0.003482506377622485,0.002890763128109242,0.0031404795590788126,8.023014677713795E-4
BF480206,0.13830657303333282,0.3250358998775482,0.26972867997688404,0.275280237197876,0.03411754865295672,0.0010491113644093275,0.004007532726973295,0.002934155163999686,0.003029088138226563,5.920262492831655E-4
BF480207,0.0962386280298233,0.250650554895401,0.2041499727461553,0.2138964980840683,0.03965063944342915,7.393594132736325E-4,0.003482506377622485,0.002672048728305693,0.002922557992860675,7.730736299838541E-4
BF480208,0.19057194888591766,0.2828788459300995,0.23537772984631447,0.2358604520559311,0.02321354424875717,0.002425791695713997,0.0036681045312434435,0.0031673928330930943,0.0032661124132573605,3.094445600753826E-4
BF480301,0.16910682618618011,0.30372488498687744,0.23975958855444138,0.23708434402942657,0.0288651867914424,7.10346270352602E-4,0.003737675491720438,0.0019193143510271595,0.0016323646996170282,8.338931541823461E-4
BF480302,0.2072000950574875,0.2691652774810791,0.23623074871666197,0.23100818693637848,0.017577820252138585,0.0021367112640291452,0.003737675491720438,0.0028435609479471042,0.002933468436822295,4.359713192634815E-4
BF480303,0.1606903076171875,0.23648838698863983,0.19424004168826028,0.19657664000988007,0.018414682107118153,0.0016669806791469455,0.0032198212575167418,0.0024251454017602636,0.0025576031766831875,4.933017156565614E-4
BF480304,0.18039993941783905,0.2856201231479645,0.23289179792032225,0.2298731505870819,0.02278352762234132,0.0019619737286120653,0.003737675491720438,0.002881150105860933,0.002798386150971055,4.4633846770489755E-4
BF480305,0.1561633199453354,0.27813029289245605,0.22187473081736647,0.22445322573184967,0.029070159977345512,7.10346270352602E-4,0.002636273857206106,0.0014474409412721853,0.0013338831486180425,4.5489892717654596E-4
BF480306,0.15729863941669464,0.24555066227912903,0.20278881483426373,0.2072000950574875,0.024925097308204778,9.794208453968167E-4,0.003163822926580906,0.0021624943961364913,0.0022476024460047483,6.222550263198085E-4
BF480307,0.1561633199453354,0.24555066227912903,0.18388064746064195,0.17949755489826202,0.02564605650779233,7.10346270352602E-4,0.0025624341797083616,0.0014775585789847368,0.0015608523972332478,5.742020824614112E-4
BF480308,0.16668877005577087,0.23674450814723969,0.21465388917045153,0.21562469005584717,0.01901375738344503,0.0016669806791469455,0.0032198212575167418,0.0028733790825038507,0.0030349595472216606,4.8403489366680456E-4
BF480309,0.1889350414276123,0.23301413655281067,0.21313594520165963,0.21461768448352814,0.013296681114589703,0.0013885833323001862,0.0030992571264505386,0.0025234715706869844,0.002616973826661706,4.4357633774481085E-4
BF490101,0.21434316039085388,0.3265534043312073,0.27678731132986073,0.27952879667282104,0.023700479376771184,0.0012073938269168139,0.002921176375821233,0.0018180134165397817,0.0017395925242453814,4.740177226432803E-4
BF490102,0.18767757713794708,0.27310582995414734,0.2192521930210234,0.21802112460136414,0.022065810250681835,5.619816947728395E-4,0.0013839720049872994,7.258453229478907E-4,6.86956977006048E-4,2.2675782663446393E-4
BF490103,0.1758701652288437,0.32637813687324524,0.23979045960435996,0.244961678981781,0.040044314477464385,5.8938650181517E-4,0.0016825004713609815,0.0011035186401721203,0.0010691280476748943,2.350323440486706E-4
BF490104,0.2060776650905609,0.2710486650466919,0.2391836601866489,0.2378947138786316,0.02125623321345543,8.772570290602744E-4,0.0012700259685516357,0.001067355592889165,0.0010970806470140815,1.1394867909663018E-4
BF490105,0.19791515171527863,0.32872599363327026,0.2648537045369546,0.25431084632873535,0.03785800627739235,0.001077336142770946,0.0016831818502396345,0.0012620746041260037,0.001204103697091341,1.740360703397007E-4
BF490106,0.19920918345451355,0.288703054189682,0.22155429061508106,0.21695858240127563,0.024304893609290223,9.038678254000843E-4,0.001305897138081491,0.001041263387283593,9.803816210478544E-4,1.0447025282241994E-4
BF490107,0.1860576868057251,0.24486546218395233,0.2109015534865057,0.2055358588695526,0.014850655542456428,5.8938650181517E-4,0.0011756715830415487,8.675250063443917E-4,8.615544065833092E-4,1.4348640011391792E-4
BF490108,0.20564523339271545,0.288703054189682,0.2340301335943581,0.23582246899604797,0.02106240295814669,9.494774858467281E-4,0.0012728564906865358,0.0010946834547337508,0.0010987221030518413,9.132930331223044E-5
BF490109,0.18428277969360352,0.3027935326099396,0.25695763257987075,0.2551266551017761,0.031721932756483884,9.306896827183664E-4,0.0014739860780537128,0.001181657311346906,0.001161309308372438,1.376644323804296E-4
BF490201,0.22273513674736023,0.3444547653198242,0.2877233780542287,0.2864365875720978,0.029568737165170972,0.0010474045993760228,0.0020446712151169777,0.0013061733853701907,0.0012524997582659125,2.1064624893931525E-4
BF490202,0.19700273871421814,0.32968008518218994,0.270030417260797,0.27338218688964844,0.03020091721440823,8.62329441588372E-4,0.0014044500421732664,0.001180068185543845,0.001185478609321373,1.296917325213651E-4
BF490203,0.21646520495414734,0.3064371943473816,0.263512198786217,0.2647690176963806,0.018969462265636262,0.001206091372296214,0.002347449539229274,0.0014624050008446381,0.0013761220034211874,2.5355559936263063E-4
BF490204,0.22745007276535034,0.36493319272994995,0.3114575425043461,0.319665789604187,0.0322349703304932,9.717059438116848E-4,0.0019342158921062946,0.0013379677233653418,0.0012986559886485338,1.799522422455964E-4
BF490205,0.2423352301120758,0.3552740514278412,0.28938667391911316,0.2939879596233368,0.028626948584975973,0.001280973432585597,0.0017033542972058058,0.0014114217797751053,0.001379569643177092,1.0847154081511181E-4
BF490206,0.2276623696088791,0.3552740514278412,0.3042317996424765,0.30314187705516815,0.02252796057036007,0.001162102329544723,0.0020446712151169777,0.001403766385384185,0.0013929092528435138,1.4669997682915952E-4
BF490207,0.24166549742221832,0.3552740514278412,0.3031501419163787,0.3102022409439087,0.030285405433465536,8.700590115040541E-4,0.0018669415730983019,0.0014412198137723803,0.0014851148007437587,1.6661219447424794E-4
BF490208,0.2276623696088791,0.35487648844718933,0.305260674089342,0.3199159502983093,0.033074425168876556,0.0010482091456651688,0.0021218580659478903,0.0013897612180733857,0.0013308650813996792,2.48156212917531E-4
BF490301,0.19178876280784607,0.3341461420059204,0.2778745074708825,0.27592681758985743,0.03154229161196173,0.0010237612295895815,0.0019111487781628966,0.0014397277924086689,0.0014702515632606954,1.9755341499659595E-4
BF490302,0.16820292174816132,0.2662598192691803,0.20672916678147835,0.20455726981163025,0.026788308225889255,4.6603509690612555E-4,0.0011745246592909098,7.703059631061842E-4,7.686483440920711E-4,1.4826640854983232E-4
BF490303,0.22014589607715607,0.3282034993171692,0.2913235708410742,0.3036961853504181,0.025796615821150837,0.0012806227896362543,0.0022407430224120617,0.001517411252153359,0.0014742461498826742,1.8121886445882516E-4
BF490304,0.1652478724718094,0.28070056438446045,0.20734898423848055,0.20305262506008148,0.028613343940600323,4.6603509690612555E-4,0.001433864701539278,9.166312719663966E-4,8.896238869056106E-4,2.2250126025398633E-4
BF490305,0.18042291700839996,0.2947857081890106,0.2395540285279433,0.24592843651771545,0.026768558071928846,5.095833912491798E-4,0.001333752297796309,7.713729972642469E-4,7.406498771160841E-4,1.6977061645739657E-4
BF490306,0.1987004280090332,0.3360691964626312,0.24745915193097529,0.23414182662963867,0.0382153198423677,5.095833912491798E-4,0.0011756715830415487,6.425302075270965E-4,6.252866005524993E-4,1.1029335343754922E-4
BF490307,0.23295991122722626,0.3220139443874359,0.2789940296868257,0.28250592947006226,0.023958847153425947,9.915062692016363E-4,0.0014800061471760273,0.0012351359109804016,0.001246167696081102,1.2775931753306394E-4
BF490308,0.22198860347270966,0.3223435878753662,0.26425671762581315,0.2623623311519623,0.024265367640976535,0.0012514196569100022,0.002347449539229274,0.0015044199990229422,0.0014756296295672655,1.940374137247489E-4
BF490309,0.1914880871772766,0.30008676648139954,0.2535020273847217,0.2530940771102905,0.022852092615189872,8.85821005795151E-4,0.00162290979642421,0.0010492435880384333,0.0010177361546084285,1.44278143121797E-4
BF490310,0.20546266436576843,0.3480767011642456,0.2896508922038686,0.28922516107559204,0.028406963419694804,8.307283860631287E-4,0.0020446712151169777,0.0013243417233862304,0.0012945445384448307,2.2202363511437771E-4
BF490311,0.18723143637180328,0.2633019685745239,0.2266377096178292,0.2327640801668167,0.023523902599811568,7.36173358745873E-4,0.0010489837732166052,8.952522520545413E-4,8.897674269974232E-4,8.463283147573299E-5
BF500101,0.29189059138298035,0.35880956053733826,0.33622328091248793,0.3328152596950531,0.018181019280686214,0.0010295999236404896,0.002289879834279418,0.0017518468933606832,0.0017359210178256035,3.722902869172293E-4
BF500102,0.23598027229309082,0.34180164337158203,0.30418536484523245,0.30844351649284363,0.027121976553223254,0.0012078015133738518,0.002583857625722885,0.0017368926445652981,0.0016662620473653078,3.4437193436966996E-4
BF500103,0.3115167021751404,0.35262492299079895,0.3333484282227681,0.33540019392967224,0.014791981361546393,6.518869777210057E-4,0.0022048791870474815,0.001590677243851069,0.00171044678427279,4.5373014854620817E-4
BF500104,0.2560568153858185,0.33350637555122375,0.3078411813954316,0.3085242509841919,0.019994738272435086,0.0012236800976097584,0.002642665756866336,0.0018090114860537252,0.0017359210178256035,4.27270161977863E-4
BF500105,0.24564673006534576,0.3466636836528778,0.30509480278428314,0.3073810935020447,0.027057748942632243,8.531290804967284E-4,0.002646341221407056,0.0018608470548424072,0.0018852134235203266,3.7637860860588056E-4
BF500107,0.2899380624294281,0.35193970799446106,0.31632115076417516,0.31473201513290405,0.014183955322237438,0.0013283421285450459,0.0023354224395006895,0.0016750109840569973,0.001554471324197948,2.702340574599853E-4
BF500106,0.23371998965740204,0.35257163643836975,0.2957069616746147,0.30370572209358215,0.03070240256151524,6.575464503839612E-4,0.002745932200923562,0.0017908587736329199,0.0019057990284636617,4.987824527746989E-4
BF500108,0.26954033970832825,0.35262492299079895,0.32855243066437223,0.331311970949173,0.019078230083221296,6.464309990406036E-4,0.002081468002870679,9.730553137572308E-4,8.937794482335448E-4,4.813013090768315E-4
BF500109,0.2962527275085449,0.35822024941444397,0.31405093266962925,0.313777357339859,0.017004621158094074,0.001554471324197948,0.0028450204990804195,0.002129338273567094,0.002150206360965967,3.6017957044831827E-4
BF500110,0.2733120918273926,0.3153180480003357,0.2968571734360674,0.29782193899154663,0.012588683705116436,0.0015136712463572621,0.003093053586781025,0.0019274112603770023,0.0018932337407022715,4.245102773048851E-4
BF500111,0.2268368899822235,0.31401824951171875,0.2884241756645778,0.29617181420326233,0.02044107819754805,0.0019519065972417593,0.0031704213470220566,0.002567007856423649,0.0026734075509011745,3.4157557028690797E-4
BF500112,0.28973206877708435,0.3437372148036957,0.3189736090645994,0.32018977403640747,0.01291824302387266,6.518869777210057E-4,0.001670684083364904,9.182921257485223E-4,8.027126314118505E-4,2.4260260080937298E-4
BF500113,0.26048287749290466,0.35262492299079895,0.3035990079399198,0.29840773344039917,0.0274613991241237,6.982168415561318E-4,0.002081468002870679,0.0013000535749597476,0.0013283421285450459,3.6872890735528235E-4
BF500114,0.2268368899822235,0.29104456305503845,0.26792296309110225,0.27283814549446106,0.015944146761530553,0.001933323685079813,0.0031704213470220566,0.002658676628273712,0.0028040397446602583,3.6370833608308115E-4
BF500115,0.2707451283931732,0.3358802795410156,0.29496748152589136,0.29617181420326233,0.014965171086479705,0.0017761201597750187,0.0033314041793346405,0.0026981673637763775,0.0027009802870452404,3.5720116929990805E-4
BF500201,0.19876672327518463,0.24244797229766846,0.2218040290128029,0.22191931307315826,0.011265526732821,0.0012585880467668176,0.0029996985103935003,0.0021456777441336014,0.0021479472052305937,4.5258781123339725E-4
BF500202,0.18262486159801483,0.2882508933544159,0.23196495222356564,0.22985631227493286,0.022908532562886583,0.0012253883760422468,0.003252502530813217,0.0018956392032413523,0.0018264251993969083,4.453152218952107E-4
BF500203,0.20299386978149414,0.24570465087890625,0.22599334775195465,0.22804442048072815,0.011077896290183282,0.0014615114778280258,0.0029050344601273537,0.0020112623978405532,0.0018785604042932391,3.134191247198318E-4
BF500204,0.23371998965740204,0.32715049386024475,0.26805275564858855,0.2620566487312317,0.022228474593727045,9.228175040334463E-4,0.002616442972794175,0.0015963450660803017,0.0016269948100671172,3.717037161801898E-4
BF500205,0.2177782654762268,0.26943057775497437,0.24216976256191156,0.24300894141197205,0.015079040647246208,0.0020006110426038504,0.0032219530548900366,0.002462754007632329,0.0024992742110043764,2.803779735151327E-4
BF500206,0.2413526177406311,0.33828818798065186,0.2826749011949316,0.2754209041595459,0.02588904846893633,0.0019165760604664683,0.0035144509747624397,0.002828130983606294,0.002810682402923703,3.333360705563837E-4
BF500207,0.20900258421897888,0.30451568961143494,0.24561443440624453,0.24666941165924072,0.024322786027479663,0.001515498966909945,0.0026394997257739305,0.002116688984975232,0.0020739862229675055,2.6359649746427474E-4
BF500208,0.21310953795909882,0.29607754945755005,0.25097026498958136,0.25240612030029297,0.021001277961690847,0.0017394539900124073,0.003561062505468726,0.002669455302565759,0.0025433048140257597,4.693215979917741E-4
BF500209,0.1723823845386505,0.30221807956695557,0.23684087004374663,0.23506635427474976,0.02253901772697035,0.0013665263541042805,0.003561062505468726,0.00238499450130289,0.0023436956107616425,5.886434330742412E-4
BF500210,0.18843573331832886,0.35025978088378906,0.2702554146396203,0.26496022939682007,0.043677981386750074,0.001552468747831881,0.0035144509747624397,0.002639361807629452,0.0027323986869305372,4.813109729171266E-4
BF500301,0.13291983306407928,0.4224673807621002,0.3510039615455647,0.3639685488976393,0.07288252754772198,3.684517287183553E-4,0.0032533379271626472,0.0014249571226375769,0.001252286252565682,6.036767608336067E-4
BF500302,0.06929995864629745,0.39296016097068787,0.3128161401191831,0.34219978749752045,0.08980976574698207,3.280092205386609E-4,0.003007689956575632,0.0020683827134343616,0.00212808046489954,6.878103759882663E-4
BF500303,0.12024007737636566,0.4224673807621002,0.3494106269574356,0.3866179287433624,0.10246091770660347,4.3159659253433347E-4,0.0032416910398751497,0.0022710816520733618,0.002525386167690158,8.279533016904926E-4
BF500304,0.2702365815639496,0.35684362053871155,0.3164367159307753,0.31913235783576965,0.018417592989712652,0.0014720788458362222,0.0034720543771982193,0.00216988069172456,0.0020930434111505747,4.5770212964784383E-4
BF500305,0.2023448944091797,0.3788083493709564,0.30792684708947143,0.31136077642440796,0.04962737566639632,0.001163196749985218,0.0028282857965677977,0.002140382315956969,0.002142238663509488,3.186701231162583E-4
BF500306,0.24101199209690094,0.39922985434532166,0.3382029361503503,0.3440140119250517,0.03455623232763696,0.0014077064115554094,0.003461232176050544,0.0024211658684342645,0.0024251980690957404,4.361376970848362E-4
BF500307,0.3503284156322479,0.4281112849712372,0.3925313142264393,0.3967446982860565,0.017965855020578254,0.0017160482238978148,0.0034501454792916775,0.0026353585537363736,0.0026267333887517452,4.309203138368921E-4
BF500401,0.2826188802719116,0.39333900809288025,0.3291613941246846,0.3271625339984894,0.02812629007296631,0.0011800248175859451,0.003192515578120947,0.001994115072274425,0.0019247165182605386,4.580842021241701E-4
BF500402,0.27718693017959595,0.34409865736961365,0.3039125793465217,0.30264097452163696,0.015213719736153212,0.0011800248175859451,0.002963264938443899,0.002115172998426644,0.002135700546205044,4.498574217629916E-4
BF500404,0.2957135736942291,0.33022448420524597,0.3084665832970484,0.3070053458213806,0.009228906304318272,0.001135063823312521,0.0028549637645483017,0.002228599432122933,0.0024407810997217894,4.2182063479152663E-4
BF500405,0.30308055877685547,0.4252054691314697,0.36015266408034363,0.3604114353656769,0.030430344075598935,0.0017426995327696204,0.003511699615046382,0.002661910060271431,0.0027407240122556686,4.555458565175328E-4
BF500403,0.28617769479751587,0.4281112849712372,0.3830010403219495,0.3864647781256564,0.028401139207943692,0.001232598558999598,0.0033660519402474165,0.002246081534498688,0.002195317243559309,6.349545444303265E-4
BF500406,0.2741931080818176,0.4155780076980591,0.3583134830480366,0.36062086731768567,0.02834589525286629,7.6451146742329E-4,0.0033660519402474165,0.001753831317147638,0.0016821456956677139,5.907625698281075E-4
BF510101,0.2603815793991089,0.38649672269821167,0.32823922484428225,0.3186053931713104,0.03494323244920457,9.87526262179017E-4,0.002345786662772298,0.0017709994799630267,0.0018057528650388122,4.0883993832607556E-4
BF510102,0.21761296689510345,0.317561537027359,0.27199780213332747,0.2754529118537903,0.027631180663049967,8.679038728587329E-4,0.0031023751944303513,0.00219213701068911,0.0021797679364681244,5.575246888758566E-4
BF510103,0.29633238911628723,0.3466695547103882,0.3157021306909607,0.3170251250267029,0.012152902819479809,0.0014217630960047245,0.0023813648149371147,0.0019046027453159206,0.0019100687932223082,2.8693838190170973E-4
BF510104,0.2704000174999237,0.34719792008399963,0.31356712875705417,0.3141208589076996,0.018153040575421785,0.0012352119665592909,0.0026926202699542046,0.002083242455629238,0.0020570040214806795,3.4192996792458747E-4
BF510105,0.23957687616348267,0.38169413805007935,0.3038136842406608,0.3067588806152344,0.026388533801437006,8.679038728587329E-4,0.0028087683022022247,0.0019298291958863962,0.0019710781052708626,4.388292092465346E-4
BF510106,0.231454536318779,0.3386692702770233,0.3052041837387099,0.30634307861328125,0.023157977054065824,6.148917600512505E-4,0.0024634837172925472,0.0016316934088674148,0.0015802965499460697,4.1459527357774767E-4
BF510107,0.24904865026474,0.39046865701675415,0.31239655523759874,0.306277871131897,0.039375568651671106,9.282602113671601E-4,0.002745329635217786,0.0017693476352043866,0.0017431521555408835,4.4247185429577003E-4
BF510201,0.13873879611492157,0.3761310875415802,0.30749670283712216,0.30436068773269653,0.03629713084247606,3.684517287183553E-4,0.002485138364136219,0.001372472067560836,0.0012018848602250915,4.396661168641708E-4
BF510202,0.08513113111257553,0.33813655376434326,0.254167137377762,0.26092855182905045,0.054487173414799174,2.9267501668073237E-4,0.002018243307247758,0.0013322294487616672,0.001315747620537877,4.525185263407799E-4
BF510203,0.08086225390434265,0.2566145062446594,0.19786628003816428,0.1976131796836853,0.04690241415713685,4.1480339132249355E-4,0.0019000557949766517,0.001067538788044675,0.0010829991661012173,3.4630417372664247E-4
BF510204,0.09197576344013214,0.23896734416484833,0.21067754270568967,0.2139994353055954,0.05275318917951221,4.1415932355448604E-4,0.0012015891261398792,8.580403742931223E-4,7.985284319147468E-4,2.5684870753242214E-4
BF510205,0.076104074716568,0.23896734416484833,0.1904428243753778,0.20568813383579254,0.05364903695202591,2.1496204135473818E-4,0.0012015891261398792,8.130545955546742E-4,8.133461233228445E-4,2.9297548948658663E-4
BF510301,0.22645887732505798,0.3358269929885864,0.28570223877558837,0.2883125841617584,0.023624383627052173,0.0010832097614184022,0.0028354316018521786,0.002030576119368134,0.0019858188461512327,4.516384283305493E-4
BF510302,0.22154176235198975,0.298585444688797,0.25729646807530804,0.25467467308044434,0.018362779379408327,0.0010832097614184022,0.0028571311850100756,0.002184844032616691,0.0023197089321911335,4.320408903448771E-4
BF510303,0.15768787264823914,0.30057042837142944,0.25686831595458265,0.26149338483810425,0.030510342493797114,6.777325179427862E-4,0.002953569171950221,0.0018774821839789727,0.0020436393097043037,5.631411159748939E-4
BF510304,0.1325145810842514,0.2600954473018646,0.21085782860539978,0.21787656843662262,0.031085512275574097,5.810024449601769E-4,0.0021393587812781334,0.0013893456242317103,0.001442536129616201,4.477124885367147E-4
BF510305,0.23372673988342285,0.3098234236240387,0.27194715092596483,0.274597704410553,0.017907703607720843,0.0012308837613090873,0.0027988175861537457,0.0022740046795458875,0.0023694222327321768,3.94721645086007E-4
BF510306,0.23109909892082214,0.298585444688797,0.2601757602713687,0.26049312949180603,0.017705370856310375,0.0018388819880783558,0.002806420437991619,0.002451738578855211,0.0025493353605270386,2.764335503620561E-4
BF510307,0.2237766832113266,0.33545786142349243,0.2706333499681715,0.2671244740486145,0.025431566212685313,8.172492380253971E-4,0.0024082367308437824,0.0018431725758627916,0.0019805259071290493,4.509673843647236E-4
BF520101,0.2198503315448761,0.4676867723464966,0.3503701913425057,0.3626325726509094,0.06159305884554628,8.669510716572404E-4,0.0044250781647861,0.00214295754241592,0.0018065306940115988,0.0011017898292895187
BF520102,0.27332040667533875,0.4656029939651489,0.3699512374643969,0.3625602722167969,0.041430627962349906,8.802213123999536E-4,0.002223204355686903,0.0013176823575937724,0.0013083902703680645,2.0715306979815376E-4
BF520103,0.2692091464996338,0.43532633781433105,0.34468626173051203,0.3414941484076213,0.037330615166624406,0.0010640703840181231,0.003113220212981105,0.0014695019225330168,0.0014252883409804637,3.0461538161856373E-4
BF520104,0.3160437345504761,0.4656029939651489,0.3867336307900723,0.3931181904204022,0.03311148228058013,8.236620924435556E-4,0.003113220212981105,0.0010404121441683386,0.0010156373888913172,3.164249475880046E-4
BF520105,0.24739298224449158,0.4055019021034241,0.34313118359380845,0.3499775161291217,0.04311515834797169,0.0010927676921710372,0.0025754247326403856,0.0013490082672249202,0.0013253471843624057,2.4204673592908335E-4
BF520106,0.2198503315448761,0.45728567242622375,0.3391467765853924,0.33990389108657837,0.05843142194147796,8.669510716572404E-4,0.002115841954946518,0.0013511221181327405,0.001288550323806703,2.2946513516714073E-4
BF520107,0.2984279990196228,0.35487648844718933,0.3156596995861391,0.30948418378829956,0.01431189813989202,0.001200087834149599,0.0016686554299667478,0.001327654997768137,0.0013136297930032015,8.906115578974767E-5
BF520201,0.18039993941783905,0.25470879673957825,0.2200783395110434,0.2177167683839798,0.015254487194640507,0.0022370624355971813,0.003824171843007207,0.0034112641201982413,0.0034362999722361565,2.9720227791787685E-4
BF520202,0.21065916121006012,0.31723639369010925,0.24700776411284464,0.23884700238704681,0.027262610006471403,0.003177901031449437,0.004560521338135004,0.004016541033527107,0.004078608471900225,3.240945992900948E-4
BF520203,0.14012983441352844,0.3961460292339325,0.27625321500123834,0.27443860788814356,0.04636703206934457,7.703499286435544E-4,0.004634465090930462,0.0035651642584716894,0.0037824013270437717,8.274439137164666E-4
BF520204,0.3276608884334564,0.4783242642879486,0.40062899735291313,0.3978830706303612,0.02657907084468686,9.385613957419991E-4,0.004163248464465141,0.0025347230988062436,0.0026774200377985835,0.001028874229272657
BF520205,0.215517058968544,0.38861310482025146,0.30604742465536616,0.30778878927230835,0.04072997217164216,0.00225606607273221,0.004459223710000515,0.0034455218064774534,0.003349503967911005,6.258554760782859E-4
BF520206,0.21690048277378082,0.4031473994255066,0.33080036087403686,0.34012821316719055,0.04504681427909141,0.001570558873936534,0.004722884856164455,0.003912959821140624,0.003917746711522341,5.792469285970946E-4
BF520301,0.3631906807422638,0.47846466302871704,0.4063783777385113,0.40208232402801514,0.021598840538771077,8.255059365183115E-4,0.002899141749367118,0.0011535405469870416,0.0010587143478915095,4.064647210773108E-4
BF520302,0.32678696513175964,0.47846466302871704,0.3905993479049378,0.3903134763240814,0.029036172603324053,7.390992250293493E-4,0.0029868241399526596,0.0012365157541499529,9.717484936118126E-4,5.351141479753366E-4
BF520303,0.3372763395309448,0.4783242642879486,0.4191693197214644,0.4242958626374717,0.029945804270280273,9.223944507539272E-4,0.003968783654272556,0.001884924230162762,0.0015642114872620864,8.540980530187655E-4
BF520401,0.15487515926361084,0.35708630084991455,0.28115349957966157,0.29936861991882324,0.06078988385544947,8.151456131599844E-4,0.003769021015614271,0.0027357705335795015,0.003057498950511217,9.115608203807696E-4
BF520402,0.3133094906806946,0.4694385528564453,0.36251764868931347,0.35864871740341187,0.028690197716580722,7.519330247305334E-4,0.00332317384891212,0.0017132595565406965,0.0015894878888502717,5.72695080224723E-4
BF520403,0.17579291760921478,0.42384374141693115,0.33698264749288376,0.34321534633636475,0.043062903175253374,5.170991644263268E-4,0.00421441625803709,0.0017002563992509561,0.0015012834808255926,6.620855018179217E-4
BF520501,0.2793442904949188,0.4637599289417267,0.4231936490401565,0.42831819393988435,0.03167566536928673,0.0,0.0033848716411739588,0.002361563651934359,0.0025143956299871206,7.459452090535252E-4
BF520502,0.2718310058116913,0.466339647769928,0.41691547613379965,0.419657779445175,0.027473519194097476,8.176662959158421E-4,0.003632214618846774,0.0019442283427082948,0.0015270687506422035,8.457527309311077E-4
BF520503,0.339760959148407,0.46897751092910767,0.4233321685971532,0.4241142928600311,0.020418650422524894,8.515973458997905E-4,0.004014035686850548,0.002474479578125201,0.0026317136439805234,7.293359312166436E-4
BF520504,0.27070334553718567,0.5105403661727905,0.3890409720395815,0.3987595217071311,0.03713904056820564,6.666331319138408E-4,0.003283018246293068,0.001888217870628316,0.0018103801412507892,7.066924396296284E-4
BF520505,0.36386552453041077,0.4338572025299072,0.4037292882470481,0.40606144070625305,0.017871528023388417,0.002278341678902507,0.003480501240119338,0.002959462587063114,0.0030163808260113,3.9753469948378514E-4
BF520506,0.3417277932167053,0.4470566213130951,0.3931974796278457,0.39279388712616414,0.02251439602661054,0.0010445836232975125,0.00361773488111794,0.002743004301191921,0.0028360390570014715,6.791146055292618E-4
BF520507,0.30594485998153687,0.42594993114471436,0.38481530529127883,0.3915886878967285,0.027867010802121336,0.0010471156565472484,0.003562502795830369,0.002229910400944978,0.002151184482499957,7.448670664529233E-4
BF520508,0.2833700478076935,0.4488697052001953,0.3948778097586353,0.3971295952796936,0.030099093458658716,8.437373326160014E-4,0.003325760131701827,0.002464203909940891,0.002797874854877591,7.951908618704081E-4
BF530101,0.15521347522735596,0.23392151296138763,0.19495307934550457,0.1922118067741394,0.017574314569804603,4.6969970571808517E-4,0.003043296979740262,0.001674245562219081,0.0015439188136951998,5.429874931497186E-4
BF530102,0.13250747323036194,0.27261021733283997,0.21417109340403656,0.21447239542165053,0.02717476373705998,4.324805340729654E-4,0.0026168744079768658,0.0013858320064493797,0.0013832010492308654,4.646978676534401E-4
BF530103,0.1468612551689148,0.2216588854789734,0.18189902004307482,0.17010077834129333,0.020465876535437286,0.0012169205583631992,0.003724735928699374,0.00250898230156773,0.002802094677463174,7.584531385588984E-4
BF530104,0.15460516512393951,0.20837652683258057,0.17142852642053857,0.16813726723194122,0.01489826522492533,0.0017875961493700743,0.0039635635912418365,0.0030703478437805664,0.002872028388082981,6.472278335933519E-4
BF530105,0.15460516512393951,0.1949397176504135,0.17736554557766612,0.18071666359901428,0.012056986230203428,0.0017875961493700743,0.004172913264483213,0.003275405694187656,0.003541121259331703,6.337270541184623E-4
BF530106,0.15151101350784302,0.2154712826013565,0.18023676757424953,0.18064898252487183,0.014939838929731072,8.120360434986651E-4,0.00216487143188715,0.0012076368163486738,0.0010980473598465323,3.4008074397604856E-4
BF530107,0.1687518209218979,0.27283087372779846,0.22400505312427335,0.2275111526250839,0.026405726070548006,7.598240044899285E-4,0.0026821393985301256,0.0014276759011825578,0.0013458309695124626,4.2368522221550314E-4
BF530108,0.1468612551689148,0.19882148504257202,0.18078968702088574,0.18226641416549683,0.01316903943778336,0.0012169205583631992,0.004061330575495958,0.0025327609070327616,0.002434802008792758,8.873591789458206E-4
BF530109,0.1830536127090454,0.2645670473575592,0.23982631866269058,0.24152067303657532,0.018291991627469244,8.68731876835227E-4,0.0026168744079768658,0.0015960708294250712,0.0016697737155482173,4.108673598032429E-4
BF530110,0.15502408146858215,0.2077873945236206,0.18629151241802394,0.18435785174369812,0.011597787503408931,0.001054478925652802,0.0038951984606683254,0.002591043119879154,0.0025963042862713337,7.252810800073187E-4
BF530111,0.16513003408908844,0.2530989646911621,0.21866016207334546,0.22581330136112546,0.022359384389348518,8.915801881812513E-4,0.002142623532563448,0.0011987991250231756,0.0011448872974142432,2.4365590296095515E-4
BF530112,0.1551900953054428,0.25045862793922424,0.19062802925553488,0.18592378497123718,0.019909487571365757,9.245058754459023E-4,0.0032868327107280493,0.0019279845882534993,0.0018566149519756436,6.608924404085534E-4
BF530113,0.14233332872390747,0.20898446440696716,0.16722918913078808,0.1674799621105194,0.01704131934233274,8.126546163111925E-4,0.0018345466814935207,0.0011069819695694607,0.0010696686804294586,2.537770726178649E-4
BF530201,0.14494392275810242,0.19111360609531403,0.17404573411876603,0.17357087135314941,0.013259431680309694,0.0011925200233235955,0.002807504264637828,0.0019715395244437233,0.0018330065067857504,3.8933103203723894E-4
BF530202,0.1401282399892807,0.18654999136924744,0.15932816568552746,0.16316252946853638,0.010555709754952711,9.357123053632677E-4,0.002807504264637828,0.0014280524620496917,0.0012855726527050138,3.926452692521305E-4
BF530203,0.13671359419822693,0.19056934118270874,0.16820548812978808,0.16991090774536133,0.014381790465718544,8.99646372999996E-4,0.0018806857988238335,0.0012660731836573536,0.001231610425747931,2.2419338592196284E-4
BF530204,0.134474977850914,0.18849720060825348,0.16398305417330367,0.1621839702129364,0.013410849780798494,0.0014872202882543206,0.0039635635912418365,0.0023820575525148697,0.0023481608368456364,6.930125974560269E-4
BF530205,0.13671359419822693,0.177120640873909,0.16257013377811608,0.16333702206611633,0.010060844624858263,8.964085136540234E-4,0.0014525412116199732,0.0011251709179270185,0.0010654504876583815,1.5753783352650226E-4
BF530206,0.1434502899646759,0.19625535607337952,0.16617403928137675,0.16556544601917267,0.012202745997677856,8.345299283973873E-4,0.0015203277580440044,0.001121120678070268,0.0011447074357420206,1.6925737873099746E-4
BF530207,0.1468612551689148,0.20372547209262848,0.1826890964678871,0.18310751020908356,0.013295021802045616,8.844870608299971E-4,0.003146983217447996,0.0023716080286554646,0.002492970786988735,6.194983735373595E-4
BF530208,0.12154737859964371,0.1880979835987091,0.16656803032291065,0.16577093303203583,0.0136357322323279,0.0011383696692064404,0.0027203732170164585,0.0016326590081325104,0.0015407432802021503,3.771031624912391E-4
BF530209,0.134474977850914,0.19597047567367554,0.16294794044239333,0.15787886083126068,0.016082983334308857,0.00119720958173275,0.003460718784481287,0.0021776675470119196,0.0021892832592129707,5.839872832997097E-4
BF530210,0.13724836707115173,0.20707035064697266,0.1635721741781215,0.16465121507644653,0.015955386623939312,9.072404936887324E-4,0.0015389604959636927,0.0011935719280020247,0.0012061307206749916,1.5168456206798015E-4
BF530212,0.13389809429645538,0.19548062980175018,0.1648839445043751,0.16548371902017886,0.012800283041565852,9.433592786081135E-4,0.0031277777161449194,0.0017997385797348293,0.0016929990611111272,5.752170635884073E-4
BF530211,0.1415197104215622,0.20707035064697266,0.1726117947177815,0.17413173615932465,0.015200930960294118,8.945961017161608E-4,0.001562279649078846,0.00121445925303152,0.0011874785413965583,1.9701643480435585E-4
BF530213,0.13389809429645538,0.19020669162273407,0.1638056472464616,0.16087894141674042,0.013008923200373343,9.556756122037768E-4,0.00264887697994709,0.0015543658421273256,0.00150913221295923,4.1374204239990014E-4
BF530301,0.16031251847743988,0.2500048875808716,0.19158718622083212,0.1894170343875885,0.019743674890662782,8.834460168145597E-4,0.0032868327107280493,0.0016424767066097043,0.0011545360321179032,7.843303792325965E-4
BF530302,0.1704820990562439,0.2500048875808716,0.1959255931958747,0.1950974315404892,0.01578327731885701,8.834460168145597E-4,0.0029349911492317915,0.002067766704257494,0.002134543377906084,6.253838326471982E-4
BF530303,0.1595771461725235,0.22566360235214233,0.18711148561740717,0.18212638795375824,0.017846020514552467,0.0010334040271118283,0.00263968831859529,0.0018713899857011218,0.0018724794499576092,4.209314188117974E-4
BF530304,0.1595771461725235,0.22411897778511047,0.1997103695233682,0.2004304975271225,0.017247504641215702,8.829618454910815E-4,0.003000426571816206,0.0019889969468296297,0.0020454279147088528,6.058392811717087E-4
BF530305,0.17102234065532684,0.2500048875808716,0.19774341415033383,0.19710387758281836,0.015478865301364777,9.312938200309873E-4,0.0030504469759762287,0.0019117018866265658,0.001870720572564087,5.10311371340884E-4
BF530306,0.16246193647384644,0.22411897778511047,0.19647516575451238,0.19625504314899445,0.0158117109688741,0.001013880711980164,0.0028960329946130514,0.0018308041089558393,0.002013832563534379,5.039156278624284E-4
BF530307,0.1574263870716095,0.25849759578704834,0.1927912537138156,0.18912732601165771,0.020035560450036377,7.939986535347998E-4,0.0025510801933705807,0.0013752210803243195,0.0012741999235004187,4.612214059383177E-4
BF540101,0.13352283835411072,0.18186432123184204,0.1582280951490296,0.15726332366466522,0.011933051989108772,0.0011856011115014553,0.0016822516918182373,0.0013334669993794203,0.0012921738671138883,1.101327422779295E-4
BF540102,0.17940601706504822,0.2652526795864105,0.21834414921674056,0.21967105567455292,0.02229775492226017,0.0011089585023000836,0.0016380539163947105,0.0012767615992641446,0.0012301532551646233,1.395128780810704E-4
BF540103,0.13970811665058136,0.20913057029247284,0.17631687954533345,0.17475390434265137,0.017476871725897125,0.0011771786957979202,0.0027523802127689123,0.0015284499527325403,0.0014178159181028605,3.4232626866104025E-4
BF540104,0.13352283835411072,0.23702697455883026,0.18459619285029563,0.18759728968143463,0.020699275966993908,0.0010252525098621845,0.002924886532127857,0.0014289857548569324,0.0014004940612609557,3.2890903953524677E-4
BF540201,0.2668021321296692,0.34863588213920593,0.3115466783861365,0.31699246168136597,0.021783138408503055,0.001009554835036397,0.003246599342674017,0.0021543206740892414,0.0021692647133022547,5.76163415098525E-4
BF540202,0.18465077877044678,0.24570465087890625,0.2082130440349601,0.20900051295757294,0.012839592202860725,0.0016286338213831186,0.0028186170384287834,0.002086954685689911,0.002129404339939356,2.7487937819545397E-4
BF540204,0.2371567338705063,0.3425087630748749,0.27096306016756594,0.27310582995414734,0.028660057061834176,5.485572619363666E-4,0.0020986422896385193,0.0010861752878707682,9.768091840669513E-4,4.4952633747435023E-4
BF540205,0.17622624337673187,0.3070239722728729,0.2558473028203039,0.2579064667224884,0.039322801266828175,7.805999484844506E-4,0.0023586146999150515,0.00126690414904173,0.0011194880353286862,4.932505772118966E-4
BF540206,0.2347334325313568,0.3452439606189728,0.29531019439476835,0.29795563220977783,0.027125624933971932,0.0010117433266714215,0.0031561520881950855,0.0019289145764635688,0.0018956903368234634,6.034106385896084E-4
BF540207,0.19672554731369019,0.2546434998512268,0.2252483639851032,0.22204211354255676,0.013723807035432724,0.0013060492929071188,0.0029366430826485157,0.0021057644682290987,0.0020657407585531473,4.049287182173721E-4
BF540208,0.2289443463087082,0.34846124053001404,0.28955654170706807,0.300915002822876,0.03688738431848664,0.0015816575614735484,0.003246599342674017,0.0022095463819418056,0.0022285552695393562,4.094824824752238E-4
BF540209,0.19672554731369019,0.2882508933544159,0.2503933553537269,0.24870353937149048,0.02222599750114991,0.0010476985480636358,0.003252502530813217,0.002232331248754895,0.0022370116785168648,5.820821906863257E-4
BF540210,0.19672554731369019,0.32797902822494507,0.2515539612979191,0.24102260172367096,0.032551593532892,9.212113218382001E-4,0.0030980000738054514,0.0019014274046733398,0.0019383990438655019,5.669578304641307E-4
BF540301,0.14263291656970978,0.18631182610988617,0.1627892031285768,0.16376419365406036,0.012062336622113333,0.0010240109404549003,0.001321451156400144,0.0011233850840538266,0.0011117109097540379,7.555280487560598E-5
BF540302,0.14508357644081116,0.17902569472789764,0.16443270420304942,0.16102449595928192,0.008882822529305667,0.0012737235520035028,0.0016731541836634278,0.001402147061479743,0.001391743659041822,9.840826877586723E-5
BF540303,0.17622624337673187,0.2791768014431,0.23410389166798232,0.23120532929897308,0.025359818829432026,7.898882031440735E-4,0.0018956903368234634,0.001048437197917908,9.936492424458265E-4,2.2079364575658706E-4
BF540304,0.18642161786556244,0.2754356861114502,0.22929468667664663,0.23518125712871552,0.02602449077914871,9.535338613204658E-4,0.0011562908766791224,0.0010226703839217091,0.0010057503823190928,5.715679603762932E-5
BF540305,0.14263291656970978,0.1852787435054779,0.1619383069029394,0.16169023513793945,0.010372122050449293,0.0010687721660360694,0.0014363676309585571,0.0012439181025509006,0.0012208314146846533,8.256370059448115E-5
BF540306,0.1539575159549713,0.20021386444568634,0.1770330026659291,0.1798381209373474,0.0108562824149479,9.429433266632259E-4,0.0014504391001537442,0.001113362353017453,0.0011117109097540379,8.586917309761338E-5
BF540307,0.14265118539333344,0.19443482160568237,0.17516334892009067,0.1773950755596161,0.013671479766626013,3.9366373675875366E-4,0.0011793605517596006,9.652301594525314E-4,0.0010223923018202186,1.8997200056131649E-4
BF540308,0.16027715802192688,0.2199675738811493,0.1921660176551954,0.19443482160568237,0.014574796232780962,4.8693205462768674E-4,0.0015177804743871093,0.0010774890015782701,0.0010587474098429084,1.527642578049696E-4
BF540309,0.21076175570487976,0.288703054189682,0.2552366610404298,0.2544947862625122,0.020029346594696996,8.702481281943619E-4,0.001530681038275361,0.0011038687177126077,0.0010712239891290665,1.5873622631120725E-4
BF540310,0.16555549204349518,0.25112247467041016,0.19905350189386298,0.20221173763275146,0.022853827899889743,9.548288071528077E-4,0.0012728564906865358,0.0010932052163104098,0.0010723986197263002,8.168800811227228E-5
BF540311,0.14583970606327057,0.19382384419441223,0.16584276758798716,0.1649046689271927,0.011725177939007762,0.0010012984275817871,0.0016764499014243484,0.001193464681114617,0.00120817800052464,1.3699311815259602E-4
BF540312,0.12412215024232864,0.18323206901550293,0.15867186849574064,0.1592816859483719,0.00984806110583309,0.0010877654422074556,0.0031366581097245216,0.0014594485649626248,0.0012885948246057573,3.8889264000261574E-4
BF540313,0.1522514671087265,0.19382384419441223,0.16981692993125738,0.16926275193691254,0.011937099239197975,9.799128165468574E-4,0.0020683412440121174,0.0012780629441737136,0.0010990718146786094,2.8574072574163756E-4
BF540401,0.20289626717567444,0.23095008730888367,0.21561376295155954,0.21527735888957977,0.008326760716442127,9.717802167870104E-4,0.0016744080930948257,0.0013101812257416178,0.0013046347303315997,2.1825955077901514E-4
BF540402,0.17258398234844208,0.2491448074579239,0.21070888138954796,0.21475908160209656,0.017315893981597948,0.0014793395530432463,0.003061688970774412,0.002230973683193334,0.002327272202819586,3.7306572548362343E-4
BF540403,0.153050035238266,0.2651386559009552,0.21305175343396215,0.2093171924352646,0.020619886344537413,9.815499652177095E-4,0.003061688970774412,0.0016295191454418056,0.0014254454290494323,4.8577959290794885E-4
BF540404,0.1783536970615387,0.23224224150180817,0.20921769177641683,0.20722293853759766,0.012379199245888104,9.717802167870104E-4,0.0027045507449656725,0.0014305033502516192,0.0014254454290494323,4.5944292276505475E-4
BF540405,0.17622624337673187,0.23931431770324707,0.2136275191285909,0.21419499814510345,0.015854049497976006,7.898882031440735E-4,0.0014773337170481682,0.001032756185477093,0.0010401143226772547,1.5803907853790378E-4
BF550101,0.16709481179714203,0.2703299820423126,0.22432368353406085,0.22301998734474182,0.02086528287510384,9.87424748018384E-4,0.0029142911080271006,0.0017435098614486352,0.0018218671903014183,4.851800638183584E-4
BF550102,0.21403634548187256,0.29682105779647827,0.2635411756001869,0.2633019685745239,0.02049028691613047,9.304846171289682E-4,0.0013984156539663672,0.0011019901040153518,0.001019572257064283,1.4038077741840912E-4
BF550103,0.20179806649684906,0.275331050157547,0.22600665421299793,0.22506918013095856,0.0180579686720426,8.617797866463661E-4,0.002902902662754059,0.0018354961568025976,0.0018285990227013826,5.369747097081027E-4
BF550104,0.20250162482261658,0.26218536496162415,0.23668626008005297,0.23604054749011993,0.015063912510707966,7.365190540440381E-4,0.002838348038494587,0.0015456820387586081,0.0015004135202616453,5.317800949875915E-4
BF550105,0.19807156920433044,0.27813029289245605,0.23776773657042738,0.2375321388244629,0.022097300675632935,8.393469033762813E-4,0.0025593857280910015,0.0013484546886439023,0.0012876245891675353,5.115561978685236E-4
BF550106,0.16787131130695343,0.2663101255893707,0.22609016325913567,0.22431844472885132,0.019118420204793478,7.365190540440381E-4,0.0025708272587507963,0.0013267339463255386,0.001175203826278448,4.56189291986175E-4
BF550107,0.15033091604709625,0.2567594051361084,0.22325221674411116,0.2308552861213684,0.026527432990173756,0.0013197293737903237,0.002769640414044261,0.0018966842449328685,0.001921428949572146,3.5337132803397965E-4
BF550108,0.15033091604709625,0.23965799808502197,0.187753298905979,0.1918858140707016,0.022810375983957645,9.93104767985642E-4,0.003013433888554573,0.00201179065627076,0.001870976760983467,4.760104615837158E-4
BF550201,0.2604199945926666,0.3248164653778076,0.2981053622178458,0.30299296975135803,0.014810160158400197,5.465388530865312E-4,0.001325524295680225,7.191246330666427E-4,7.133998442441225E-4,1.9480172431006012E-4
BF550202,0.28082573413848877,0.32524508237838745,0.3116411633313971,0.31557953357696533,0.014219786044796486,5.86877460591495E-4,0.0010680786799639463,8.293546002098476E-4,7.65622709877789E-4,1.4681344902953302E-4
BF550203,0.2661607265472412,0.3460134267807007,0.30269844831248627,0.29823556542396545,0.02191474654719821,6.65415485855192E-4,0.0021735914051532745,0.001170340105511702,0.0011575325625017285,4.0767187605246583E-4
BF550204,0.26082322001457214,0.35880956053733826,0.3195200578246473,0.3209378719329834,0.027673935582117927,6.797559908591211E-4,0.002289879834279418,0.0013245891454962558,0.0012840146664530039,4.220359624878116E-4
BF550205,0.2680610120296478,0.3189336359500885,0.3007166852177036,0.304062157869339,0.013804475447463339,6.033622776158154E-4,0.0011274964781478047,7.53289341354981E-4,7.277559489011765E-4,1.3037762209615493E-4
BF550301,0.1796325296163559,0.23758648335933685,0.20675827945102113,0.20779870450496674,0.017682971228415566,5.750300479121506E-4,0.0016209627501666546,9.418807271645426E-4,8.32875375635922E-4,2.389334444484539E-4
BF550302,0.19731274247169495,0.33101382851600647,0.2849382539486359,0.2806883752346039,0.027809760579578322,4.284616734366864E-4,9.373607463203371E-4,6.309108847306561E-4,6.175876478664577E-4,9.624782986290684E-5
BF550303,0.17726127803325653,0.27210164070129395,0.22513269482672557,0.23189981281757355,0.030530756972993504,4.0429431828670204E-4,0.0012530760141089559,5.945432188196846E-4,5.441112443804741E-4,2.442669393715294E-4
BF550304,0.1767215132713318,0.3057551085948944,0.251795798003688,0.2556940019130707,0.027514037015290496,7.015722221694887E-4,0.001996345818042755,0.001166733788720378,0.0011286921799182892,3.416101798263867E-4
BF550305,0.2550089657306671,0.3469560742378235,0.314446756440441,0.31765756011009216,0.021413118041822637,5.489132599905133E-4,8.726317901164293E-4,7.094301286751724E-4,7.295831455849111E-4,8.634202653553884E-5
BF550306,0.1767215132713318,0.32269126176834106,0.25037616388848183,0.26456838846206665,0.04395374375568274,3.556908923201263E-4,0.0012817980023100972,7.315923005678853E-4,7.088431739248335E-4,1.982457238437398E-4
BF550307,0.19242221117019653,0.3210843503475189,0.2832424415770853,0.2865329384803772,0.03216213749737078,5.095833912491798E-4,9.996480075642467E-4,7.225454752514623E-4,7.118189823813736E-4,1.1685367270771673E-4
BF560101,0.1561240255832672,0.2332463264465332,0.19889107062516515,0.1997479796409607,0.019725953344820888,0.0011094826040789485,0.0032484428957104683,0.001663189958762484,0.0015839777188375592,3.727806212251894E-4
BF560102,0.17289286851882935,0.27099812030792236,0.22529554073038072,0.22578424215316772,0.018298947260617534,9.324629209004343E-4,0.003041670424863696,0.0018208546870293828,0.0017739158647600561,4.070870382305346E-4
BF560103,0.17903362214565277,0.3163749575614929,0.2608660733379532,0.2657952904701233,0.027549879514120117,8.076673839241266E-4,0.0028948120307177305,0.001690838664391964,0.001628994578928795,4.610631803759956E-4
BF560104,0.15753601491451263,0.25293242931365967,0.21613389536318384,0.2263239473104477,0.025693757139924313,0.001173557247966528,0.00297228223644197,0.0018084909695094487,0.0017693706322461367,3.8504509390323256E-4
BF560105,0.11120709031820297,0.27099812030792236,0.212988176880634,0.2082973172267278,0.023374295763567702,7.29454739484936E-4,0.0022805167827755213,0.0013231389301403683,0.0013148849247954786,2.9816867654267455E-4
BF560201,0.2006942331790924,0.3664511740207672,0.2795730230040622,0.2761808220417269,0.039604770824592905,0.0012501238379627466,0.0024969419464468956,0.0015507421850969125,0.0015056931338932394,2.4783277878839474E-4
BF560202,0.15765470266342163,0.3714904189109802,0.24302013859353763,0.2339988578241536,0.0494969417753419,0.001115575898438692,0.0038395379669964314,0.002030960263616991,0.0017913503106683493,6.513856760598214E-4
BF560203,0.20270824432373047,0.3130337595939636,0.24945008095770266,0.24501442909240723,0.027227490587203394,0.0010873678838834167,0.0016988659044727683,0.0013177755776329029,0.001261472818441689,1.6684165951390745E-4
BF560204,0.19990360736846924,0.28059542179107666,0.23834579225289013,0.23975060880184174,0.017560375595834985,0.0013803737238049507,0.0026897829957306385,0.0018635019128453772,0.0017583934823051095,3.247294994581981E-4
BF560205,0.2891039252281189,0.41536152362823486,0.3493567386953912,0.339290052652359,0.03353205569456826,0.0011065242579206824,0.003129420569166541,0.0018575881848892765,0.0017257536528632045,5.463218111367358E-4
BF560206,0.24972446262836456,0.42406442761421204,0.34589246886666675,0.34776896238327026,0.044453491274484086,9.95354144833982E-4,0.0037275583017617464,0.0018031276749785115,0.0015290894079953432,6.899295939368696E-4
BF560301,0.172671839594841,0.264026015996933,0.21785956921090432,0.22099636495113373,0.0241133741710176,0.001433776575140655,0.0035165157169103622,0.001841359786815335,0.0017477065391954738,3.283718900420624E-4
BF560302,0.13622598350048065,0.23250430822372437,0.19026058527571543,0.19674433767795563,0.019111065974438592,0.0014178159181028605,0.002924886532127857,0.0017531960601926931,0.0016192995244637132,3.7172309640376997E-4
BF560303,0.16607566177845,0.20371221005916595,0.19198564262599171,0.19370205700397491,0.010491304459087109,0.0015302718384191394,0.0028230096213519573,0.002134231604390579,0.0022008998785167933,3.4970053750699886E-4
BF560304,0.133587047457695,0.2665959596633911,0.18503210040682894,0.17650261521339417,0.031056178636654806,0.0012856812682002783,0.0023600077256560326,0.0016641748467894739,0.0016297083348035812,1.747613212865531E-4
BF560305,0.23643526434898376,0.2977840006351471,0.2634649739721769,0.2613341510295868,0.018045677069570443,0.0013563345419242978,0.002966436557471752,0.0017034699118552358,0.0015781850088387728,3.1362427417919793E-4
BF560306,0.1587246209383011,0.21374692022800446,0.18248801732000347,0.18414716919263205,0.012821783185283353,0.0011913414346054196,0.0020675843115895987,0.0015278587618617369,0.0015226047253236175,1.7389485958178855E-4
BF560307,0.15771734714508057,0.20863869786262512,0.18438503699334496,0.18384647369384766,0.013132359771063614,0.0012839949922636151,0.002328673843294382,0.0015925939808205977,0.0015671615255996585,1.71580680664657E-4
BF560308,0.18497607111930847,0.27493950724601746,0.21642260098262414,0.21338814496994019,0.02563960326110315,0.0014904238050803542,0.0027635088190436363,0.0017349010979814423,0.001654127729125321,2.8405458368952304E-4
BF560309,0.165858656167984,0.3184690773487091,0.23132207848445321,0.23085599392652512,0.03439511581171996,0.0013563345419242978,0.002880970947444439,0.0017914183532667005,0.001750409470508317,2.4120861511656136E-4
BF560401,0.22164256870746613,0.3756684362888336,0.31650216410193954,0.32053300738334656,0.03086874566314592,5.913387867622077E-4,0.0015196165768429637,8.729643102570025E-4,8.346408139914274E-4,1.750772931698968E-4
BF560402,0.30533406138420105,0.4257935881614685,0.3615080633983586,0.3630239005024368,0.028266655701596324,7.390992250293493E-4,0.001237566932104528,9.076504609560734E-4,9.145566760840828E-4,8.584904787331955E-5
BF560403,0.29903697967529297,0.40300554037094116,0.35151693725151373,0.3537069925895104,0.02577175506275357,7.611918263137341E-4,0.0025839488953351974,0.0011435910799301764,0.0010027336530773747,3.679496238958604E-4
BF560404,0.3224841356277466,0.40806764364242554,0.372516092847259,0.3824268579483032,0.024893058486420788,8.54780082590878E-4,0.0025839488953351974,0.0010555493341959958,0.0010265742894262075,3.181350049923574E-4
BF560405,0.225669726729393,0.40300554037094116,0.34155031887528886,0.33924877643585205,0.03447220784846473,7.611918263137341E-4,0.002086442429572344,0.0011558358714608575,9.933201363310218E-4,3.3179255553945095E-4
BF560406,0.225669726729393,0.41536152362823486,0.37023889975372914,0.3800762891769409,0.03168403862363656,9.99297364614904E-4,0.003020272357389331,0.0016146123860803468,0.001546680461615324,4.5343660573420985E-4
BF570102,0.14099179208278656,0.2870287597179413,0.1850071114746363,0.18392235040664673,0.030701902285527393,8.357444312423468E-4,0.0025500617921352386,0.0014155676600777958,0.0013198271626606584,4.060480441244107E-4
BF570103,0.17795982956886292,0.2667890191078186,0.2197984404673305,0.2178478091955185,0.023472040112407753,0.0012016957625746727,0.002375997370108962,0.0019051655834358844,0.0019110215362161398,3.257628313182993E-4
BF570101,0.16246657073497772,0.25324180722236633,0.20594675036434282,0.20252832770347595,0.021223527374797494,7.598240044899285E-4,0.0019336555851623416,0.001040519775256679,9.726793505251408E-4,2.7497848387506366E-4
BF570104,0.21740752458572388,0.3002593517303467,0.25836571170767564,0.25497040152549744,0.021208920702209186,7.936439942568541E-4,0.002219452289864421,0.0010744259654005726,9.616378811188042E-4,3.2662865365204767E-4
BF570105,0.1583574116230011,0.2992866635322571,0.26716091783712165,0.2665559649467468,0.029637481510086244,0.0012229365529492497,0.0025500617921352386,0.001819192459857961,0.0017593147931620479,3.652716402500399E-4
BF570201,0.1467035412788391,0.21263433992862701,0.18484048763633618,0.1894281804561615,0.015959027990006043,9.915620321407914E-4,0.0026805351953953505,0.0018307117646354323,0.0017951381159946322,4.3595194858682537E-4
BF570202,0.07784274220466614,0.2359345257282257,0.18669281873822385,0.19704432785511017,0.043141146654558135,7.161318208090961E-4,0.0029165497981011868,0.0017030883116000023,0.0019220018293708563,5.963310233647642E-4
BF570203,0.1467035412788391,0.21263433992862701,0.17432836793068865,0.17223088443279266,0.013429047507868393,8.357444312423468E-4,0.0020142600405961275,0.001214213590946593,0.001164236688055098,2.757788775898993E-4
BF570204,0.0803690105676651,0.21891887485980988,0.19737497041540025,0.20157212018966675,0.0254145921053095,8.048879099078476E-4,0.0025461027398705482,0.0019009918938823964,0.0019309333292767406,3.867717063682211E-4
BF570205,0.2229352742433548,0.2899930477142334,0.24705729072801635,0.24871961772441864,0.019281671412223877,0.0018322286196053028,0.002965872874483466,0.00252617198173933,0.00263539282605052,3.734617215289545E-4
BF570206,0.15373149514198303,0.207024946808815,0.1818493854764045,0.17912094295024872,0.015998010661737155,0.0010562000097706914,0.0029206417966634035,0.0017515964006164834,0.0016632105689495802,4.720138818954738E-4
BF570207,0.06929995864629745,0.24182894825935364,0.20719250263311173,0.212629497051239,0.05658199406055702,5.471513723023236E-4,0.0028282857965677977,0.001947431582688988,0.0020323379430919886,6.579562964061078E-4
BF570208,0.07590094208717346,0.2672838568687439,0.2060914334670948,0.20949098467826843,0.04302251044991333,4.998381482437253E-4,0.0029165497981011868,0.0013954833804512771,0.0013143472606316209,5.0749867424877E-4
BF570301,0.12391962110996246,0.5447179079055786,0.3979477762934216,0.4073063135147095,0.08721579605339579,3.538980963639915E-4,0.0022498583421111107,0.001236859302033644,0.0012534793931990862,3.1695252319095915E-4
BF570302,0.2962881624698639,0.5052933096885681,0.441107293675796,0.4487859606742859,0.058542504912327556,7.978040957823396E-4,0.0013550567673519254,0.0011772597873998753,0.0011861291714012623,1.3481856589938273E-4
BF570303,0.19246359169483185,0.6291334629058838,0.5390077585848376,0.5576859712600708,0.1181608657511817,4.42276184912771E-4,0.0011040244717150927,0.0010008666185004746,0.0011040244717150927,3.0544817992120634E-4
BF570304,0.11866040527820587,0.38679441809654236,0.31717142218059746,0.33096417784690857,0.09090924018901976,3.4514727303758264E-4,0.0016899033216759562,0.0012706416253933544,0.001279356423765421,3.8545868070479904E-4
BF570305,0.28060775995254517,0.47100701928138733,0.36044960540462284,0.3631496727466583,0.04415243907878524,0.001160043990239501,0.0016634248895570636,0.0013158706469952328,0.0013096845941618085,1.0696629711369867E-4
BF570401,0.2320932149887085,0.30302223563194275,0.27912708186948626,0.2831812798976898,0.017727194441851522,0.0011146344477310777,0.003706627758219838,0.001608801287840245,0.0013764238683506846,7.002826894092009E-4
BF570402,0.08868388086557388,0.27561071515083313,0.22979662858972227,0.23807594180107117,0.04631018090500157,4.832679987885058E-4,0.002030734671279788,0.0013641180876452204,0.001346634584479034,3.254872383974034E-4
BF570403,0.18602901697158813,0.43953317403793335,0.3625245752353664,0.37828007340431213,0.06270287133219672,6.859973073005676E-4,0.0012591760605573654,0.0010591696020546566,0.0010732695227488875,9.671264970220944E-5
BF570404,0.21524739265441895,0.31596696376800537,0.25788849612275266,0.25953319668769836,0.02260872438778556,0.0010881918715313077,0.003706627758219838,0.001705974260298071,0.0015048895729705691,6.327681564705148E-4
BF570405,0.09569939225912094,0.3654194176197052,0.2828428227299135,0.27561071515083313,0.05348091599107344,3.8043782114982605E-4,0.0015380752738565207,0.0012915201171840001,0.0013036268064752221,2.680932008578157E-4
BF570406,0.2116340547800064,0.441525399684906,0.33510302727514757,0.33745476603507996,0.05564115157717226,0.0010018316097557545,0.001699234708212316,0.0012795699825919587,0.0012781405821442604,1.5616977352486536E-4
BF570407,0.23430897295475006,0.37486639618873596,0.28716073382951984,0.2839853763580322,0.02824347026661065,8.672833791933954E-4,0.0017313905991613865,0.0012112207992361432,0.0012078662652047086,1.5107494680606891E-4
BF570408,0.2079067826271057,0.32079216837882996,0.22676434075873353,0.23013728857040405,0.026546841968861232,0.0010773064568638802,0.0028747839387506247,0.0014234762004126517,0.0013325244653970003,4.7653298611668885E-4
BF570409,0.0713592916727066,0.29663515090942383,0.24187902171328915,0.2516437768936157,0.03995233654534258,6.532572442665696E-4,0.003706627758219838,0.00174607406334036,0.001550420536659658,6.111919124945136E-4
BF570410,0.24752789735794067,0.34381139278411865,0.3025296968404883,0.3002720773220062,0.023657772730985342,0.0010994792683050036,0.0016634248895570636,0.0014365594233358807,0.0014619638677686453,1.4623485659016712E-4
