adm1_pcode,hage,age,hhsize,hgender1,hgender2,resid1,resid2,sexe1,sexe2,lien1,lien2,lien3,lien4,lien5,lien6,lien7,lien8,lien9,lien10,lien11,mstat1,mstat2,mstat3,mstat4,mstat5,mstat6,mstat7,religion1,religion2,religion3,religion4,religion5,ethnie1,ethnie2,ethnie3,ethnie4,ethnie5,ethnie6,ethnie7,ethnie8,ethnie9,ethnie10,ethnie11,ethnie12,nation1,nation2,nation3,nation4,nation5,nation6,nation7,nation8,nation9,nation10,nation11,nation12,nation13,nation14,nation15,nation16,mal30j1,mal30j2,aff30j1,aff30j2,aff30j3,aff30j4,aff30j5,aff30j6,aff30j7,aff30j8,aff30j9,aff30j10,aff30j11,aff30j12,aff30j13,aff30j14,aff30j15,aff30j16,aff30j17,arrmal1,arrmal2,hos12m1,hos12m2,couvmal1,couvmal2,handit1,handit2,alfa1,alfa2,educ_scol1,educ_scol2,educ_scol3,educ_scol4,educ_scol5,educ_scol6,educ_scol7,educ_scol8,educ_hi1,educ_hi2,educ_hi3,educ_hi4,educ_hi5,educ_hi6,educ_hi7,educ_hi8,educ_hi9,diplome1,diplome2,diplome3,diplome4,diplome5,diplome6,diplome7,diplome8,diplome9,diplome10,diplome11,telpor1,telpor2,internet1,internet2,activ7j1,activ7j2,activ7j3,activ7j4,activ7j5,activ7j6,activ12m1,activ12m2,activ12m3,activ12m4,branch1,branch2,branch3,branch4,branch5,branch6,branch7,branch8,branch9,branch10,branch11,sectins1,sectins2,sectins3,sectins4,sectins5,sectins6,csp1,csp2,csp3,csp4,csp5,csp6,csp7,csp8,csp9,csp10,emploi_sec1,emploi_sec2,sectins_sec1,sectins_sec2,sectins_sec3,sectins_sec4,sectins_sec5,sectins_sec6,csp_sec1,csp_sec2,csp_sec3,csp_sec4,csp_sec5,csp_sec6,csp_sec7,csp_sec8,csp_sec9,csp_sec10,bank1,bank2,serviceconsult1,serviceconsult2,serviceconsult3,serviceconsult4,serviceconsult5,persconsult1,persconsult2,persconsult3,persconsult4,logem1,logem2,logem3,logem4,mur1,mur2,toit1,toit2,sol1,sol2,eauboi_ss1,eauboi_ss2,eauboi_sp1,eauboi_sp2,elec_ac1,elec_ac2,elec_ur1,elec_ur2,elec_ua1,elec_ua2,ordure1,ordure2,toilet1,toilet2,eva_toi1,eva_toi2,eva_eau1,eva_eau2,tv1,tv2,fer1,fer2,frigo1,frigo2,cuisin1,cuisin2,ordin1,ordin2,decod1,decod2,car1,car2,sh_id_demo1,sh_id_demo2,sh_co_natu1,sh_co_natu2,sh_co_eco1,sh_co_eco2,sh_id_eco1,sh_id_eco2,sh_co_vio1,sh_co_vio2,sh_co_oth1,sh_co_oth2,milieu1,milieu2,hmstat1,hmstat2,hmstat3,hmstat4,hmstat5,hmstat6,hmstat7,hreligion1,hreligion2,hreligion3,hreligion4,hreligion5,hnation1,hnation2,hnation3,hnation4,hnation5,hnation6,hnation7,hnation8,hethnie1,hethnie2,hethnie3,hethnie4,hethnie5,hethnie6,hethnie7,hethnie8,hethnie9,hethnie10,hethnie11,hethnie12,halfa1,halfa2,heduc1,heduc2,heduc3,heduc4,heduc5,heduc6,heduc7,heduc8,hdiploma1,hdiploma2,hdiploma3,hdiploma4,hdiploma5,hdiploma6,hdiploma7,hdiploma8,hdiploma9,hdiploma10,hdiploma11,hhandig1,hhandig2,hactiv7j1,hactiv7j2,hactiv7j3,hactiv7j4,hactiv7j5,hactiv12m1,hactiv12m2,hactiv12m3,hbranch1,hbranch2,hbranch3,hbranch4,hbranch5,hbranch6,hbranch7,hbranch8,hbranch9,hbranch10,hbranch11,hsectins1,hsectins2,hsectins3,hsectins4,hsectins5,hsectins6,hcsp1,hcsp2,hcsp3,hcsp4,hcsp5,hcsp6,hcsp7,hcsp8,hcsp9,hcsp10,pop,conflict_diffusion_indicator,geo_mndwi,geo_brba,geo_nbai,geo_ndsi,geo_vari,geo_savi,geo_osavi,geo_ndmi,geo_v10,geo_evi,geo_ndvi,geo_sr,geo_arvi,geo_ui,region,fgt0,N,WTA_S_HHSIZE,N_hhsize,num_ea,dir_fgt0,dir_fgt0_var,zero,touse,weight,fh_fgt0,fh_fgt0_se,fh_fgt0_cv,fh_fgt0_gamma,xb,u_d,e_d,direct_fgt0,u_ci,l_ci,u_ci90,l_ci90,se,q10,range_Q10,u_ci_fh,l_ci_fh,sig_diff
BF13,.67432308,1.6892596,6.4912333,1.1066777,.074621812,.024441717,.97555828,-.48664626,.53883469,.19629906,.18233794,.46693829,.025380984,.048222717,.0010408302,.011262074,.023832908,.019567883,.024617197,.00050014356,-1.7053028,.58221376,.087026574,.034288134,.057365235,.00055515114,.0027819271,-.36258292,1.0790753,.010070207,.002128788,0,.88932467,.061133474,.0030566449,.003644523,.0086671282,.0029239077,.00036875138,.0076406184,.0054762573,.0015365706,.015833778,.00039366563,.0019924373,-2.0842173,.001505885,.0056355884,0,0,.000046380192,0,0,.00010970791,0,.00091523828,0,0,0,0,.65602612,.34397388,.52842319,.028592691,.042434976,.015160885,.0077261622,.034630314,.02416537,.0020839178,.076290242,.0026189706,.11576511,.00013362702,0,.0080448706,.049696032,.0029486562,.061284997,.8245697,.1754303,.93405563,.065944374,.99290043,.0070995721,.8494131,.15058692,.54417086,.45582914,.015380564,.68535775,.21159734,.000058698886,.074825995,.0043634339,.0018609847,.0065552196,.48918182,.0089207748,.30925116,.14309345,.0015862804,.031469814,.0063569867,.0011112235,.0090284925,.77432829,.16691099,.044322718,.0015889027,.00025065514,.0051686377,.0026229296,.0026696164,.00037115914,.0011815294,.00058455585,-2.184206,.52215987,-1.6069629,.13651408,.3840495,.000013570356,.0070457137,.0093297651,.48113191,.11842955,1.0363805,.007059284,.45340025,.11842955,.40103668,.02942778,.0064615081,.13601308,.10065248,.17768072,.022059388,.028109383,.025958696,.033469114,.039131168,.0062803733,.01041727,.96744156,.0085809575,.0068974094,.00038242663,.0046611512,.016861545,.049615804,.099658683,.028982082,.024880387,.039109625,.013926344,.71592081,.0063835611,.81672376,.18327624,0,.0025354596,.95650935,.028883483,.012071706,0,.00088190654,.0074751223,.027510911,.024836939,.0073652626,0,.00035090669,.21142039,.71043283,.0097257579,.80580348,.19419651,.078365833,.47779515,.0043569747,.42937994,.010102111,.076518126,.47684807,.017253881,.42937994,.72931463,.64582342,.051983792,.033120561,-1.4671409,.99982357,-1.116158,.9807775,-1.6226952,.95090222,-.87229538,.92396343,.14028426,.85971576,.42397782,.10054924,.41210249,.097858876,.39977819,.60022181,.81054217,.18945785,.89160895,.10839106,-1.6530774,.2186486,.95310992,.04689005,-.91081023,.37917691,.14284632,.014479741,-.36201966,.060198143,-1.5115606,.086113431,.065363102,.019839212,.26775056,.082558647,-2.3049397,.064014405,.69265467,.30734533,.55349207,.44650793,.22120598,.77879405,.78077203,.21922795,.98458755,.015412479,1,0,.079667948,.92033207,1.165372,.77895164,-1.0228108,.071460463,.053958695,.00017641461,.0079511981,-.38433436,1.2365458,.026758363,.0063863643,0,.00050066423,.61137319,0,0,0,0,0,0,1.1995863,-.19290438,.002510814,.0033207783,.012919308,.0026561141,.00039861782,.0076183174,.0060096825,.0011860216,.016356861,.00088200188,-.53479928,.37928373,-1.5423132,2.1068952,.080499172,.00087766332,.005745443,.014322028,.0014685952,.01469224,.82816702,.13359778,.019549804,.00053165981,.00020687604,.0040535056,.0029262851,.0060233544,.0010550851,.0020332402,.0018553711,.90350276,.096497267,.87493181,0,.00024150632,.016823703,.108003,.51981467,.00024150632,.083763734,-.75456369,.049578108,-.94957274,.90525663,.13673273,.15206267,.01041232,.033231631,.010846834,.035680719,.035332542,.010380716,.009176827,.9621315,.011500963,.0066314912,.00017852914,1.1458331,-.29886082,.047541857,.076173015,.026843833,.0030967786,.0038809173,0,.81025702,.0053708935,2615.967033068314,-.4517045,-.21115786,.71942747,-.53375077,-.21115786,-.082865126,.13828465,.12059732,-.023028316,-.53375077,.29889041,.14107083,1.3308599,.26365918,-.074135706,Centre,.039663634811693,403,525514.2791748047,2431,69,.039663635,.00016475003,.039663635,1,1,.040030736,.014872406,37.152466,.180787,.041694216,-.00166348,-.00036710128,.039663634811693,.064820752,.014506519,.060776152,.018551119,.012835499,1,4.0 - 23.0,.069180116,.010881357,
BF46,-1.1010977,-.25824359,7.0465894,1.3151802,.061210707,.0051866337,.99481338,1.0419718,.50745976,.17352362,.18647382,.50675631,.021909207,.034058765,.0004200853,.020628106,.024774052,.017926017,.013530031,0,.35737708,1.0324715,.093300909,.0030075703,.027324086,.0049479678,.0012592694,.33066219,-.20361532,.046007998,0,.0025148182,.37848288,.040276103,0,.043953106,.0066865226,.0024393667,.0018591457,.18065056,.15917967,.1483887,.038083941,0,.0010368082,-1.135694,0,.00038782589,0,0,.0014968838,0,0,.0015024774,0,.0031796021,0,0,0,0,.67650026,.32349974,.57499254,.0027438968,.027742689,.010639647,.013106303,.013807192,.0078572631,0,.092135243,.0070664501,.12560986,.010891839,0,.00080662116,.058288079,.0010406245,.053271759,.82912362,.17087641,.97483444,.025165558,.99882859,.0011714087,.93571061,.064289406,.60641766,.39358234,.018479168,.72157872,.20863633,.0006760559,.041192286,.0030669717,0,.0063704639,.61359078,.0055725249,.26396158,.088962458,.00018539953,.021208595,.00077818672,0,.0057404782,.86512858,.10080621,.024304019,.00050658552,0,.005757831,0,.002108362,.001013171,.00029892268,.000076340984,.22885194,.39054841,.25953263,.06913659,.2676467,.00071382592,.0045600911,.0042112344,.58724827,.13561994,-1.4336697,.0052739172,.57456428,.13561994,.65417659,.018263958,.056686856,.07165911,.018737514,.092143647,.0048891879,.0051944233,.020346265,.027096255,.030806165,.023319559,.017075878,.948892,.0033161326,.0073964316,0,.00072131027,.0283492,.020212546,.02410583,.012210333,.0017183216,.0082243411,.0070568551,.87287045,.024530817,.91789025,.082109779,0,.0056211222,.93986046,.036896855,.017621575,0,0,0,0,.036571909,.0013766014,.005024394,0,.056801137,.84544849,.054777473,.88291395,.11708604,.011029325,.51208353,.011796313,.46478498,.00030588426,.13491879,.39323378,.007062464,.46478498,-.14619735,.69772351,.039619416,.074161738,.25811461,.76842397,-.34653962,.90474415,.38781509,.66022819,2.1928761,.51843292,.52318704,.47681296,-.43332154,.20709762,-.49470055,.2038952,.46098337,.5390166,.90501881,.094981179,.81651354,.18348646,-1.9592391,.23736584,.9684459,.031554118,-.52478391,.33138904,.6364553,.0032246828,.37233371,.024251023,.074638069,.04050564,-.14011452,.025142049,-.057150129,.10643321,.89658606,.010599745,.75737458,.24262539,.36076245,.63923752,.32638949,.67361051,.89467174,.10532823,.93033469,.069665298,1,0,.22543515,.77456486,-1.2749044,1.54102,-.64437091,.0065376619,.029539011,.013449746,.0031301109,.34194735,-.11803754,.053529337,0,.0025148182,0,-1.1492151,0,.0059875352,0,.0031796021,0,0,-.32054785,-.34208941,0,.043461554,.0052599483,.0030676343,0,.18749946,.15893403,.14777951,.031852268,0,-.6930005,.39328504,-.51707226,.98586386,.056552593,0,.023532517,0,0,.01169509,.88172919,.072085656,.032646045,0,0,.0048835464,0,.0032246828,.0030395128,.0023913814,0,.97992128,.020078724,.91264737,0,.0018440336,.0054661022,.080042526,.96541446,.0018440336,.046843618,.22377251,.021765921,.59582001,.089146227,.023953654,.094558969,.003188892,0,.020192275,.024905587,.035975568,.022305274,.019376263,.94916397,.0071583088,.0019962043,0,-.27028102,-.14565016,.018342778,.017961981,.010999384,.00063355052,.0032833929,0,.88848662,.034451302,1839.159837797431,-.28206083,-.18977027,.73555362,-.5373984,-.18977027,-.064860217,.14853582,.13034208,-.000023556664,-.5373984,.3516176,.15317287,1.3633198,.25487286,-.092305608,Boucle du Mouhoum,.5209275492907026,261,273473.2655334473,1811,44,.52092755,.0040401025,.52092755,1,1,.47457421,.052788917,11.123427,.84403616,.46600887,.0085653365,.04635334,.5209275492907026,.64550638,.39634871,.62547743,.41637769,.063561797,7,44.4 - 47.5,.57803857,.37110984,
BF47,-1.4218098,-1.9544835,8.5960941,-.026122794,.14748473,.0093731014,.99062687,.53436744,.51787835,.15992357,.14623538,.48780626,.014972692,.044441376,0,.035205156,.047671068,.03341873,.030210925,.00011485234,1.6619982,-1.2558855,.14062886,.005623505,.038586088,.0026944031,.010532098,.96743494,-1.2070808,.054633208,0,.000038389575,.19076636,.018664455,0,.0093207881,.00045934302,.011106127,.14518356,.021965185,.0089113209,.032240011,.56138283,0,0,.77024049,.00048283409,.00032948321,0,0,0,0,0,0,.000098716053,0,0,0,.0014649449,0,.78579259,.21420741,.58119917,0,.024337867,.003977688,.012381892,.017079055,.042924445,.00016778841,.091700062,0,.07637281,.0009891279,.0018452775,.0017483624,.071242794,.003708502,.070325166,.87838763,.12161238,.95131296,.048687056,.99866384,.0013361372,.93406332,.065936677,.67346215,.32653785,.016448062,.8085627,.14592628,0,.027248386,.00054808531,.00095163693,.00031486352,.67332798,.0042690421,.22303657,.081034943,0,.014371161,.00019793172,.00072466495,.0030377395,.8777141,.09912812,.017679434,0,0,.0021109749,.00032848536,.0023609586,.00067796314,0,0,-.1599828,.41175598,.15676539,.072846293,.33714461,0,.0044926521,.00088498677,.49245554,.16502222,.28412861,.0044926521,.45096618,.16502222,.71184969,.005398334,.0054654074,.059233464,.017623603,.098094322,.0050655669,.012851832,.0290184,.038003199,.017396202,.025288895,.0018194387,.96996808,.00061959808,.0023039742,0,.0012296932,.024827015,.029073743,.050911307,.051609855,.0005404441,.014128207,.0080738217,.78370088,.035905056,.92138773,.078612283,0,.0082744919,.98042548,.0016917306,.0096082725,0,0,.0019682636,.0066044279,.10283139,.019216545,.0010338353,.038399268,.15252598,.67536002,.0020602862,.8926326,.10736738,.061990105,.60163015,.019731319,.31547415,.0011742675,.3121635,.34983653,.02252581,.31547415,.41033447,.65981096,.067866139,.032607716,-.64503378,.88955855,-.87491441,.95694423,.0036577273,.71576858,-.31196022,.84982955,.32035691,.67964309,-.5202564,.21790226,-.78419799,.23774739,.35446924,.64553076,.93380016,.066199809,.79257882,.20742115,.10361882,.11125285,.99251932,.0074807066,-1.016519,.39226305,.62087816,.0035798387,.47587755,.019182473,.873519,.017535485,.45615789,.0097538047,-.84854865,.16458733,-.1090928,.0273786,.74526405,.25473595,.50574309,.49425691,.24512455,.75487548,.82009155,.17990847,.94736761,.05263241,1,0,.08071021,.91928977,-.064325921,-1.6921046,2.0496089,.017291004,.075149618,.00070858048,.033699375,.96525824,-1.1607777,.058747068,0,0,0,.71308601,0,0,0,0,0,0,-.92113113,-.44755471,0,.0094052451,.00042228532,.015155886,.14365903,.02502702,.010143563,.034917396,.55429715,0,.32753906,.302964,.26981205,-.10303202,.045921158,0,.01857103,0,.00070858048,.017098743,.87219512,.08790756,.017092165,0,0,.0049978029,.00070858048,.015192734,.0019060107,0,0,.94408512,.05591486,.8761242,0,0,0,.12387578,.62359148,0,.075780019,.56158656,.0057711662,-.93623418,.88500839,.011827935,.10132072,.00088074047,.0030663409,.029660046,.043612126,.0085035544,.023260599,.0035279309,.97218406,0,.0010273872,0,-.45314994,-.10543424,.02600576,.030549062,.0014403635,.00053254713,0,0,.88577908,.029309671,1770.795314575081,-.05316022,-.19632263,.698654,-.57900906,-.19632263,-.033283047,.19897516,.17656776,.032636892,-.57900906,.48531675,.20917642,1.5314317,.29477018,-.13970679,Cascades,.2299389216622598,206,104593.5790557861,1624,35,.22993892,.0013450568,.22993892,1,1,.22950032,.04063075,17.704006,.64307541,.22925688,.00024344027,.00043860078,.2299389216622598,.30182064,.15805721,.29026395,.16961388,.036675017,1,4.0 - 23.0,.30913514,.14986552,
BF48,-.26795438,.43997657,6.1466165,-1.4789139,.2409298,.0068460042,.99315399,-.31138128,.53523737,.21002713,.15405047,.49465325,.022106646,.052879211,0,.0056116106,.014786616,.032283876,.013601219,0,-.12855114,-.20981939,.10917987,.01460453,.059451915,.0030430485,.0005509,.68293196,-.42577726,.000063000967,0,0,.48423091,.037522282,.0055128792,.00064716616,.46034977,0,.0040258351,0,0,0,.0077111614,0,.001512419,-.67366707,.0005378467,.00046211292,0,0,0,.00027488411,0,0,0,.001894084,0,.0016549868,0,0,.64300746,.35699254,.55478203,.0029188164,.0079920366,.0033105635,.0092246346,.012013024,.038154114,.00064130843,.13048208,.0058075753,.064801611,.0065254224,0,.0093428269,.085765354,.0041552018,.06408342,.8133418,.18665823,.90478301,.095216967,1,0,.8498022,.15019779,.63131416,.36868584,.0051601832,.74813384,.19842251,.00041838808,.047416296,.00023730428,.00021148927,0,.6348784,.0027226594,.25077948,.08938846,.0010968685,.017606471,.0023395941,.0003201756,.0008679062,.85698897,.11782543,.019375701,.001239708,0,.0039735073,0,.00059668551,0,0,0,.33064616,.38499641,-.24830987,.087468855,.36036709,.0020095862,.0062776273,.007234517,.48017868,.14393251,.93078411,.0082872137,.43250775,.14393251,.75579107,.031012064,.0083792014,.028552234,.019453064,.090508103,.0057627256,.011429309,.010622182,.031655729,.0068343026,.0053521758,.003218215,.89032435,.08872918,.012376073,0,0,.0053521758,.012210085,.023587186,.033162873,.018657908,.06305211,.093062378,.72956795,.021347351,.86658603,.13341399,0,.0038799476,.92065549,.073565364,.0018991958,0,0,0,0,.083145477,.0019613686,.009659091,.023814773,.20472467,.67669463,0,.86932451,.13067548,.03920399,.65552408,.014465234,.29080671,0,.049933303,.59298736,.066272594,.29080671,.73616242,.58696443,.0024971983,.14083585,-.37202719,.85294163,-.22794037,.89302731,-1.1202512,.87826025,-.95157605,.93445247,.075407773,.9245922,.28086057,.11833637,.22223493,.1200609,.62117982,.37882021,.88115716,.11884286,.83749366,.16250633,.79552996,.068952799,1,0,.7781809,.17008947,.1943327,.013305804,.18600443,.033371985,.38031381,.0317166,.55212843,.0072770449,.55198807,.061672084,.34829152,.019747529,.67385572,.32614425,.35007283,.64992714,.43122804,.56877196,.77915412,.22084586,.91691822,.083081782,1,0,.13569248,.86430752,.52107459,-.2409398,.016657086,.038721088,.10892809,.0018111956,0,.70454967,-.31966019,.00031500484,0,0,0,.37687671,0,0,0,0,.0016549868,0,-.013088402,-.35996452,.0038588759,0,.46202624,0,.0060387524,0,0,0,.0083650108,0,.56266385,.28215474,.71849966,-.64648181,.061909601,0,.0019985966,.0064970902,0,.0029834274,.9057911,.076522723,.0082056625,.0044548209,0,.0020422696,0,.0029834274,0,0,0,.90788883,.092111155,.79872966,.0060287584,0,.017024459,.17821714,-.0739948,.0060287584,.12504095,.72714895,.041644901,-.90348834,-.92728055,.02557998,.09272074,.0063678315,.005403806,.0061107241,.029161531,.0067106066,.0028237796,.003409791,.98409134,.0018915019,.0077836025,0,-.79286414,-.77878076,.013403385,.010706921,.012259932,.010630975,.0033781715,0,.916991,.029805867,1671.879713945888,.51380485,-.20870401,.71427029,-.52730137,-.20870401,-.070725366,.14169145,.1234803,-.024653174,-.52730137,.31816113,.14437824,1.3400611,.25913712,-.071896948,Centre-Est,.3136950426545467,272,273984.548034668,1674,47,.31369504,.0017123498,.31369504,1,1,.29612026,.041426141,13.989635,.69639045,.28845805,.0076622069,.017574787,.3136950426545467,.39479944,.23259066,.38176,.2456301,.041380551,2,29.6 - 29.6,.377314,.21492651,
BF49,.67510492,-.15884785,7.5177884,.37818038,.12147953,.01635826,.98364174,-.032092191,.52950495,.17763337,.16882765,.51040304,.013734796,.044147566,0,.01445237,.018824402,.026994735,.023721334,.0012607679,.36995193,-.94260579,.15749903,.0031185003,.031204302,.0136364,.0018704616,.26000565,-.23668389,.070333779,0,0,.92735445,.060772572,.00017790032,.0010342357,.00010786955,0,0,0,0,.0010076014,.0094563477,.000089016175,.00094204716,.78417021,.00026318824,.00075919682,0,0,.00037333387,0,0,0,0,0,0,0,0,0,.77671319,.22328684,.54271066,.020149134,.016298849,.011261086,.022554524,.0066822176,.046443865,.0021740752,.096925676,.0016185368,.095836826,0,0,.0035399338,.07985907,.0029133661,.051032193,.86959374,.13040623,.94317985,.056820173,.99852121,.0014787855,.89063078,.10936923,.66041905,.33958095,.026377346,.83784443,.10393781,0,.031209596,0,.00063081208,0,.67508638,.0025406671,.23696306,.063105673,.00016716965,.020905497,0,.00052106666,.00071052008,.90161932,.071279548,.021705899,.00076331146,0,.0036928484,.00022854375,.00071052008,0,0,0,-.78260428,.44571462,.74917924,.051461089,.31453717,.00074913027,.0061314018,.0089987982,.52123547,.14834805,-.58001488,.006880532,.51303095,.14834805,.47430307,.036084209,.13564849,.09124504,.062278286,.10684023,.013544803,.0060992124,.017007533,.026127698,.030821435,.0043333238,.015717702,.93262237,.015341216,.031985369,0,0,.0042287027,.058853686,.10569178,.042317498,.026526645,.039126899,.010907449,.71197736,.00036999086,.92121673,.078783289,0,.0011105819,.88368952,.081645101,.023903957,.0096508684,0,0,0,.085079342,.036219593,.016110029,.012867825,.054314345,.79540884,0,.87759244,.12240759,.030817851,.69960099,.020739865,.24778716,.001054115,.061301176,.67673707,.01417458,.24778716,.37685344,.50151688,.084032848,.17781645,.47737461,.73901576,.64294654,.80698919,1.0756162,.5607878,-.39758912,.86115849,.14836428,.85163575,.48613682,.092823833,.49035594,.088708401,.61467022,.38532981,.89648831,.10351167,.90681839,.093181618,.21413514,.10449645,.97274935,.027250629,.74857891,.17375401,.44651297,.0075556901,.57272798,.014441594,.50414008,.028156208,.54355752,.0074982499,.50585616,.065061986,.28091711,.020871656,.71425372,.28574628,.29051465,.70948535,.33619237,.66380763,.83918548,.16081452,.70576328,.29423669,1,0,.1467474,.85325259,-.45923114,-.82430589,1.5394588,.006539559,.065285668,.019099187,0,.21031964,-.15469345,.091816947,0,0,0,.71308601,0,0,0,0,0,0,1.3178781,-.20488918,0,.0015513536,0,0,0,0,0,.00081501133,.014849494,0,.025046622,.32973561,1.4224782,-1.3981851,.031780217,.001186565,.018287869,0,.0015998061,.00198482,.94001305,.03382327,.012935373,.00070401136,0,.0089396518,.0015998061,.00198482,0,0,0,.91600627,.083993748,.74588192,0,0,.012276212,.24184188,-1.2563255,0,.22477956,-.3375271,.040831666,1.5809305,1.1508526,.082071237,.0504562,.0056075393,.0072026299,.027270721,.019032869,.035229646,.0051422748,.029042497,.93619764,0,.029617572,0,-.79286414,-.69932526,.039497625,.091391735,.0074974732,.013882779,.025956213,0,.81504279,.0012981109,1653.913483273491,1.8843302,-.21092586,.73370659,-.51098245,-.21092586,-.097177297,.12951656,.11139756,-.025762822,-.51098245,.26670277,.12903184,1.297508,.26634181,-.071547359,Centre-Nord,.4289447571824865,220,258845.2168884277,1575,37,.42894477,.0018970853,.42894477,1,1,.43830317,.045817003,10.453267,.71760654,.44198593,-.0036827624,-.0093584061,.4289447571824865,.51431203,.34357747,.50058722,.35730228,.043555543,6,43.8 - 43.8,.52810287,.3485035,
BF50,1.3888434,.28506145,6.6930919,-1.1809233,.22176272,.0060238405,.99397618,-.82131898,.54570389,.20827876,.15099023,.47223637,.0080691306,.06653703,0,.0072377124,.036611836,.041322693,.0087162713,0,1.3443269,-1.5114063,.13227263,.01311551,.058209162,.0034016054,.0064259148,-1.2986336,1.4185346,.1381918,0,.041848876,.42088324,.075879559,.0028514494,.40216875,.0041061076,.043645721,0,0,.00022296162,.0013814312,.048860788,0,.0012635139,-.83200055,.00010300399,0,0,.0030022811,0,0,0,0,0,0,0,.002401825,0,0,.72159845,.27840155,.62273139,.0059758411,.0075215246,.0088499468,.002746237,.013384891,.013777906,0,.11064505,.0087211449,.073198125,.00045582841,0,0,.068900712,.005295781,.057795603,.84664732,.15335271,.95777833,.042221684,.99922746,.00077252986,.85369325,.14630678,.64552808,.35447192,.016583711,.72858101,.20595296,.0020468181,.030747941,.0014875493,.0045086746,.010091324,.60433161,.0053480617,.26513317,.094088785,.0015347271,.015364663,.0010679844,.002251385,.010879618,.86272258,.088282213,.033509955,.00082652346,.00044017829,.00540805,.0032320137,.0052035796,.00017167331,.00020323899,0,.50355655,.37556568,.96395701,.043707944,.3862752,0,.0025181486,.0037453279,.49056056,.11690076,.7556932,.0025181486,.47498932,.11690076,.68110591,.10243563,.006212119,.068452545,.019745875,.064634867,.0046537826,.0020131276,.023071751,.016707541,.010966866,.019385828,.0079935426,.97215301,.00028192819,.00018566931,0,.005722126,.020005189,.010587354,.021234728,.0078798151,.009142926,.01891486,.0030906608,.90318692,.0002354413,.7976917,.20230828,0,0,.99226826,.0077317515,0,0,0,.0037593476,0,.035121359,.011139425,.0045624273,.0030416183,.10275525,.82720006,.012420528,.92686206,.073137946,.027671944,.61551851,.017007967,.33980158,0,.044344675,.58885002,.027003715,.33980158,-1.0598505,.84733397,.029675759,.018582191,1.9038064,.54769582,.012022345,.86932051,-.2421217,.75130272,.15568109,.78795934,.3165946,.6834054,.51217449,.089587793,.6598925,.068883806,.42833775,.57166225,.943685,.05631499,.92232883,.077671185,1.0985504,.050427631,1,0,.27693993,.23214021,-.2017355,.022336759,.28539732,.028506624,.55827224,.026599742,-.10534821,.024244851,.22919065,.085392125,-.35557973,.031491015,.6924637,.3075363,.26789364,.73210639,.19475716,.80524284,.85445917,.14554085,.94085121,.05914877,.99547982,.0045201532,.11089412,.88910586,.7215268,-1.3356824,.79392356,.022510206,.1537884,.0033717253,.0068383575,-1.2599001,1.5219986,.16403386,0,.03217531,.0063370257,-.57428336,0,0,0,0,0,0,-.17223507,-.1335233,.0018536549,.39858675,0,.043671187,0,0,0,0,.048633445,0,.37245375,.29898891,.53691906,-.46936208,.046313182,.0024153325,.005272137,.0021140482,.0021503409,.020667182,.91126078,.034040187,.024821073,.0032702242,.001540624,.0054299822,.0042609954,.014346108,.0010300399,0,0,.95977247,.040227503,.86864454,0,0,0,.13135546,.54252142,0,.082205527,.57531828,.13176608,-.91032428,-.63809204,.025441982,.022337312,.0040430697,.0028228227,.026343742,.008052391,.016209401,.022173949,.011027035,.96619982,.00059917907,0,0,.40018284,-.091572329,.0087302951,.011986042,0,.0050771446,0,0,.94298571,.00075057137,1539.411141247645,-1.1359975,-.21938932,.69649082,-.55716819,-.21938932,-.069383673,.16097577,.14191025,-.013083928,-.55716819,.35362539,.16732368,1.4046744,.28154072,-.083568938,Centre-Ouest,.4335511536025266,230,267261.299407959,1495,39,.43355116,.0030592061,.43355116,1,1,.4442476,.053433534,12.027872,.80383795,.44685787,-.0026102662,-.010696441,.4335511536025266,.54195696,.32514536,.52452815,.34257415,.055310089,7,44.4 - 47.5,.54897541,.3395198,
BF51,.33365268,1.0481623,5.8193769,-1.2718291,.22760986,.020100255,.97989976,-1.1606685,.55266905,.22705263,.14612916,.43374181,.02232971,.086305,0,.022487104,.0055293306,.046317529,.009956629,.00015112343,-.51447982,-.17936572,.076534025,.020721899,.080350913,0,.014473669,-.16218956,.39509901,.064683497,0,.0067972727,.5762589,.057108257,0,.19489767,.10873329,.00015069924,0,.00018765588,0,0,.062012132,.0006514194,.0035364432,-.67234147,.00071950274,0,0,.00086855923,0,0,0,0,.0010574828,0,0,0,0,.00015069924,.59881753,.4011825,.59877032,.011496443,.027733956,.0065355157,.0040357704,.0050720223,.020627251,.010506633,.092558742,.000074656542,.060335334,.001356003,0,.0056082141,.11321643,.00147241,.040600296,.82040346,.17959654,.9289977,.071002305,.99977922,.00022078014,.84035552,.1596445,.64571214,.35428786,.0031027962,.75098664,.19206208,0,.044584494,0,.0067700935,.0024938853,.6004774,.0025949089,.28481472,.087707892,0,.019974397,.00022079272,.0021649285,.0020449839,.86497402,.10529355,.0244975,0,0,.0037408383,.00020149793,.00039742689,.00049529941,.0003998903,0,.1648829,.3940374,.38479543,.064614788,.36077124,.0013990148,.0049302424,.0028749567,.49667606,.13334851,1.219118,.0063292575,.42910773,.13334851,.73809296,.011373531,.011509341,.03183559,.016606446,.12616052,.01008419,.006605675,.013621917,.025784509,.0083252974,.0082436446,.0023817995,.98110569,.0045828302,.003686032,0,.0014803401,.014178035,.004612566,.02458564,.024435328,.0026599681,.011638247,.017167866,.89566153,.0035804515,.81625634,.18374369,0,0,.94559222,.053479504,.0009282612,0,0,0,0,.050341159,.016467368,0,.0015116496,.14683756,.78308278,.0017594942,.76780587,.23219416,.01470367,.63843405,.035042938,.30955034,.0022689775,.058446269,.6006828,.031320591,.30955034,-.17188229,.68691856,.0089212721,.11802877,-.15756777,.82417727,-.25380662,.89558274,-1.2894446,.90272176,-.84921473,.92090982,.1104805,.88951951,.90464473,.040810101,.9759692,.031923585,.57904226,.42095774,.88095427,.1190457,.83971256,.16028744,-.94951046,.17563598,.99251521,.0074848104,1.0133263,.14097983,.55266184,.0051353239,.40873528,.022469185,.80654258,.019461282,.46794376,.0094496747,.85983455,.039050687,.6790331,.014229445,.71620703,.283793,.40851241,.59148759,.16895065,.83104938,.83314812,.16685189,.95688564,.043114338,.98597795,.014022049,.11110521,.8888948,2.0388687,-.15224832,-.85042942,.040370267,.14205134,0,.015579561,-.13769221,.24137324,.09889774,0,.017745482,0,.52939749,0,0,0,0,0,.00090419536,.23995534,-.23740476,0,.19703601,.11608537,0,0,.00093912857,0,0,.061884247,0,.74981368,.26559138,.51126575,.5363729,.027891498,0,.0042717764,0,.00060449372,.0025661222,.94802898,.037560139,.0085908873,0,0,.0026493617,.00060449372,.00088317087,.00088317087,.0007997806,0,.92289585,.077104136,.83628184,.0041970443,.0010646099,.0054611787,.15299533,.53708273,.0052616545,.077374965,.86124843,.0047226977,-.59538221,-1.4370741,.018516742,.10669896,0,.0042517306,.014254836,.034591556,.0031941985,.0083793653,.0038498938,.98690391,.00086685334,0,0,-.36423236,-.31428158,.0026905611,.02952116,.0011538923,0,0,0,.9375844,.0091470201,1350.095450406778,-1.1359975,-.21705264,.69772297,-.55586743,-.21705264,-.066195808,.16051981,.14149296,-.012933361,-.55586743,.35541785,.16681695,1.402738,.28045759,-.083941527,Centre-Sud,.3055701198628932,232,140334.0456542969,1337,39,.30557013,.0022558323,.30557013,1,1,.32702976,.04096302,12.525777,.75134909,.3341316,-.0071018338,-.021459639,.3055701198628932,.3986598,.21248046,.38369343,.22744681,.047495604,3,32.7 - 32.7,.40731582,.24674372,
BF52,-.5994063,-.52176875,7.2673326,.45239955,.11670563,.0039461446,.99605387,-.018553754,.52922708,.16936983,.17240278,.49823806,.019872783,.052715447,0,.01718829,.023202635,.027379302,.019039255,.00059162575,.63189429,.034057658,.1275712,.0012630655,.030380761,.0036756799,.0016396911,-1.0833076,1.6357026,.090839826,0,.0046032704,.10878222,.041276701,.82170337,0,.0014251756,0,.00036537959,.00072881882,.0006064226,.0011614022,.023950534,0,.00071508187,.94096076,.00011596503,0,0,0,0,0,.0010766579,0,0,0,0,0,0,0,.65524411,.34475589,.5542897,.027718322,.015042766,.0049346085,.017586745,.020676142,.0099705132,.0059043602,.1322837,0,.05415393,.0027374804,0,.0093911337,.07996729,.0027660788,.062577255,.77016658,.22983344,.91740656,.082593434,.9994598,.00054017716,.83840042,.16159959,.65892291,.34107712,.011619745,.6693961,.21105601,0,.10110935,0,.0021371746,.0046816212,.67505026,.0038452139,.19970931,.081153221,.0015864915,.029272433,.0018826962,.00056408282,.0069362698,.86436218,.085247666,.038306396,.0017617606,0,.0045403666,.002367456,.0020684032,.001114257,.00023150451,0,.87019801,.35556853,.0082094967,.078208931,.28324392,0,.0070724967,.0060295169,.56758195,.13607214,-1.3532012,.0070724967,.56786436,.13607214,.6254884,.020995898,.035934653,.052477635,.023710191,.079897672,.017118813,.0036695048,.032419752,.073837757,.034449745,.020745439,.007826414,.91330904,.040755853,.014285842,.0030773892,.0025747879,.0085273711,.047367141,.10239893,.021679614,.0045140795,.040187512,.003848701,.76680773,.0020941538,.96309054,.036909442,.012759883,0,.88635582,.047257807,.053626489,0,0,0,.017656483,.13784726,0,.062934592,0,.049743481,.7200101,.011808085,.93129581,.068704195,.032710981,.71364391,.025097035,.22854808,0,.068243079,.6771993,.026009548,.22854808,-.64660788,.73761976,.038612537,.081327222,1.9892128,.5362407,2.6599879,.60771835,1.5553083,.49143523,.073275872,.7988618,.24496274,.75503725,.32984105,.11224888,.47790939,.090163842,.76371354,.23628646,.78243101,.21756898,.9051106,.094889373,.59298849,.08133518,.99016267,.0098373219,1.1109408,.12889569,.77787817,0,.12381797,.036416084,-.85000736,.067091905,.08263655,.019393427,.32855266,.078090742,.8265537,.011768132,.71670067,.28329933,.27883497,.72116506,.47346437,.52653563,.81426895,.18573105,.70196408,.29803592,.99908656,.00091344892,.19401248,.80598754,-1.1166407,.33304399,.23419948,0,.076668143,.0059224614,.0097679263,-1.045521,1.6168524,.11852335,0,.014449663,.0018256087,.34220958,0,0,0,0,0,0,-1.1596751,-.27408063,.80865484,0,.0022706129,0,0,0,0,.0016299378,.02821028,0,-.28116944,.35683665,.70341086,-1.533655,.048075762,.0016205315,.048861258,.0066532493,0,.009453062,.87899858,.040573608,.061567798,.0026721465,0,.0067348168,.004584603,.00091344892,.0023344788,.0016205315,0,.92231208,.077687941,.81504506,0,0,.0099154795,.17503949,-.73923039,0,.18379532,.33349085,.019025197,.011992927,-.64174503,.04123966,.036912169,.00731498,.0048382636,.042624384,.044224881,.049092505,.037318531,.0071375486,.90601873,.020562302,.023835197,.0051277052,-.12077195,-.5153591,.050681293,.093348213,.0020101387,.0058687255,.015825391,0,.8161031,.001827903,1642.417104176221,.70411813,-.20869553,.71288949,-.54127324,-.20869553,-.069856092,.15211387,.13340566,-.012353462,-.54127324,.34102109,.15674083,1.374299,.27060202,-.082539789,Est,.4922365252075053,226,273227.9284820557,1556,39,.49223652,.0035096772,.49223652,1,1,.47801471,.060523804,12.661494,.82459944,.47498959,.0030251145,.014221817,.4922365252075053,.60834974,.37612331,.5896818,.39479125,.059242528,8,47.8 - 47.8,.59663916,.35939023,
BF53,-.95271635,-.84338468,8.7205429,1.3174061,.061067525,.00700182,.99299818,.33742267,.52192068,.1594905,.16888078,.47073808,.023419328,.067110792,.00059455336,.018262625,.040743146,.02535622,.025098458,.0003055374,-.56160074,1.3948982,.093610905,.00005134516,.028413931,.0011486595,.0077119288,.40807232,-.39013115,.057446439,.0010733397,.00080116128,.28265688,.078969367,.00046337044,.026500512,.00046512048,.0007649929,.047913186,.019149033,.039440628,.31185892,.19127156,.00054642855,.0012026288,.33077052,.00022836159,.0005605222,0,.00018096782,0,0,0,.0003267877,.0003280309,0,.00013199671,0,0,.00062202185,.74107593,.2589241,.59715641,.0091583077,.02256735,.026222484,.021672694,.0021231039,.014840201,.0006857182,.081543691,.011493999,.11028374,.000093059462,0,0,.054013893,.0028029673,.045342401,.84710538,.1528946,.95715332,.042846706,.99976408,.00023589183,.94034177,.059658241,.67495441,.32504559,.004638955,.74814469,.21495941,.00091714063,.023334488,.0011673754,.00049539818,.0063425531,.62840092,.0015710009,.26320535,.091564998,.0004945884,.0086702332,.0017767391,.00026504972,.0040511377,.88066721,.095827766,.017297687,.00084033201,0,.0025322814,.0012341893,.0012816438,.0001342899,.000081891994,.00010269032,-.12420779,.40980476,.65868181,.054727923,.35895744,0,.0048323623,.0016589279,.49211815,.14243315,.65815723,.0048323623,.45253551,.14243315,.73487759,.072138056,.005000168,.060387198,.013767097,.06569472,.0046603531,.0058240863,.0069950237,.020033639,.010622048,.0024559773,.0027654986,.98317349,.0038943884,.0077106189,0,.000042271276,.0058543119,.0084632682,.022229824,.001488161,.0055745658,.24853413,.0092319194,.696284,.0022975528,.81668252,.18331747,.014287734,0,.98457116,.0011410888,0,0,0,.00063863432,.0019638368,.05729172,0,.023164678,.067695357,.17571297,.66590852,.0076242806,.89068258,.10931743,.01197746,.56922144,.018779593,.40002152,0,.049789887,.5181101,.032078501,.40002152,-1.12532,.79983157,.035413351,.066372387,-.096288458,.8159582,-.53188294,.92305487,.28216118,.67550337,1.2628664,.64147574,.43273389,.56726611,.38807273,.10501162,.30387706,.11051418,.33055046,.66944957,.91481405,.085185975,.91051817,.089481838,.44132859,.090606898,.99854237,.0014576154,-.45879835,.32322043,.0099426499,.017510166,.64995241,.010661406,.99811643,.013952945,.6788789,.0040059835,.44272041,.069701351,.74517852,.013125862,.7754637,.2245363,.48079324,.51920676,.29461899,.70538098,.89599651,.10400351,.94641364,.053586368,.99850696,.0014930428,.099620573,.90037942,-.17791626,.82308942,.11267281,0,.037413407,.0033873471,.010205378,.41644624,-.47217631,.087767966,.0010733397,0,0,.71308601,0,0,0,0,0,0,-.63272154,-.10194701,0,.027195662,.00050363439,.00051868608,.04918154,.016430074,.03977377,.31386933,.19055602,0,-.095922202,.3404417,-.29428902,.71184242,.074704692,.00025197538,.0064296364,.0017820086,.00036615549,.0040108324,.90467691,.065820843,.022389425,.0011002256,0,.002533129,.00090942153,.0019073294,0,.00025197538,.00041076128,.93414664,.065853357,.91630256,0,0,0,.083697446,1.0703524,0,.04037039,1.0102878,.062494066,-.94382519,-1.2926877,.011550809,.047526754,.0010216058,.0064557879,.0051522106,.027676841,.0064795171,.0020404113,.0018643303,.98783207,.001529903,.0067333151,0,-.79286414,-.67443162,.0077041117,.020640103,.00026257566,.00041981792,.012045672,0,.94825995,.0044169538,3139.395407893515,-.71650755,-.18291397,.73002899,-.56003743,-.18291397,-.047231738,.17414714,.15385,.025917295,-.56003743,.4297539,.18167181,1.4464805,.27014425,-.12550572,Hauts-Bassins,.4114516873464591,360,298253.0477600098,2856,60,.4114517,.0012004643,.4114517,1,1,.42384058,.0370012,8.7299805,.6165688,.43154499,-.007704407,-.012388885,.4114516873464591,.47935995,.34354341,.46844211,.35446125,.034647718,5,42.4 - 42.4,.49636161,.35131955,
BF54,.89045042,.0011134596,7.5183988,-.7740218,.19559041,.016173054,.98382694,-1.4047815,.55767947,.17697349,.14557503,.42888504,.016049612,.078801692,0,.012780273,.05005208,.043407314,.035499904,.011975574,.90117818,-.11423043,.08261665,.02354905,.052409057,.0023905968,.0048993393,.87436944,-.81201988,.01409663,0,.00098619086,.91239196,.042253878,.0040504131,0,.013058837,0,0,.0069277049,0,.013193254,.0081239734,0,.0006542023,.75131261,0,.0017736575,0,0,0,0,0,0,0,0,0,0,0,0,.74068666,.25931337,.532336,.017197074,.011392404,.0017344521,.0020524308,.0079113478,.01661233,.011972195,.085863337,.0039244839,.10219131,.0021718547,0,.022363702,.080843881,.013267255,.088165954,.84983659,.15016343,.92871344,.071286537,.99551427,.0044857077,.87751019,.1224898,.58279645,.41720358,.023310129,.80632311,.13015825,.0070451689,.031766757,.0013966096,0,0,.51275808,.0054643033,.34194243,.092976481,.002309235,.02939919,.0026347565,.0026621006,.0098534459,.83993179,.10885523,.02825054,.00032345788,0,.013051312,0,.0056907469,.0038969393,0,0,-.4075895,.42526081,-.25078332,.087558173,.33919191,.00081528077,.0080750175,.0053586364,.50937206,.13718714,.23841663,.0088902982,.47693104,.13718714,.42847314,.037867788,.060928192,.081583574,.042966891,.16425335,.0034333316,.0078801941,.036223464,.089337572,.047052503,.020426326,.043341175,.92896682,.0042287461,.0030369288,0,.0010431902,.065874547,.015583347,.069724597,.018795226,.022093343,.021367922,.017667159,.76008999,.0077606905,.91496861,.085031375,.010838191,0,.92856222,.060599566,0,0,.0075788936,0,.029277913,.031797934,.0047714189,.040894043,.0093531106,.038099751,.83822691,0,.85085756,.14914244,.045374922,.59221369,.0061449329,.35371086,.0025556008,.047576629,.57400316,.02470937,.35371086,-.20910828,.4198446,.16818468,.22926533,-.18172774,.82741773,-.55740219,.92557603,.11059049,.70030856,1.1694613,.65383351,.34716967,.65283036,-1.5374552,.34432361,-1.8365085,.36079848,.75325352,.24674648,.78789759,.21210238,.94263417,.057365853,-.44879317,.1450246,1,0,-1.1096774,.40379557,-2.0430403,.06432151,-.73892045,.078647673,-2.0435452,.10140953,-.4057709,.031997979,-.46891075,.13669053,-1.422649,.049294196,.70397431,.29602569,.36623463,.63376534,.23922339,.76077664,.81234777,.18765222,.88599122,.1140088,1,0,.51995724,.48004276,-1.3856784,.0017516456,-.79254758,.06005035,.12454683,.0027060695,.016379546,.79731041,-.65579492,.026321147,0,0,0,.71308601,0,0,0,0,0,0,1.2763498,-.30326593,0,0,.013058837,0,0,.011546175,0,.010386019,.013058837,0,-.080777779,.33910137,-.89380407,.26189962,.074163914,0,.048150085,0,0,.030359935,.82029533,.088135809,.035174917,0,0,.028160075,0,.012646104,.015587757,0,0,.90830368,.091696307,.86310923,.0021139926,.0057091471,0,.12906766,-.049242552,.0078231394,.12128476,-.84413719,.028586145,.68056542,1.7365428,.049508244,.15560722,.0036810318,.0061005554,.030815298,.062239591,.055506993,.021849861,.052188851,.91821533,.0077459239,0,0,-.0062146727,1.084823,.016174618,.062457379,.010861493,.0024057764,.0085977335,0,.81898719,.013139836,1548.790163852713,.83083272,-.20176135,.74609232,-.51325816,-.20176135,-.095734797,.12720576,.10967581,-.01922328,-.51325816,.26835781,.12725647,1.2940034,.25901753,-.078381412,Nord,.5196809840960095,206,239421.5768432617,1529,35,.51968098,.003077369,.51968098,1,1,.52335614,.057603654,11.006587,.80476969,.52424771,-.00089156628,-.0036751628,.5196809840960095,.62840807,.41095388,.61092764,.42843431,.055474039,10,52.3 - 52.3,.63625723,.41045505,
BF55,1.679768,1.4536458,7.2489238,.10740906,.13889582,.011244454,.98875552,-.65178937,.54222429,.1902483,.16100796,.40978882,.025432244,.084149465,.00084268424,.026833763,.031327389,.012955306,.056291096,.0011230169,-1.4101094,-.70733017,.11901227,.020190997,.07746309,.0087823123,.0023663838,-.19528675,.49489936,.063740395,0,0,.94875568,.042331781,0,.00056890387,0,0,0,0,0,0,.0083436593,0,.00043295854,1.1805906,.00081750902,0,0,0,0,0,0,0,0,0,0,0,0,0,.68695027,.31304973,.46569034,.028776603,.042246673,.013632472,.00058312208,.012726417,.012229003,0,.15489434,.0027388723,.095455326,.0027027263,0,.0012946557,.11888999,.00094521552,.047194254,.8255952,.17440479,.95620209,.043797921,1,0,.80781513,.19218485,.71487641,.28512359,.014029492,.71653116,.21604218,0,.048564475,.0023785899,.00054856029,.0019055752,.66344488,.0052594333,.22965761,.079811513,.000073779338,.018424498,.00081548071,.0004796698,.0020331829,.86956584,.10643917,.019589357,.00011991745,0,.0031611631,0,.00061599078,.00017131065,.0003372372,0,-.67117888,.4396373,.87723911,.046838321,.31063974,0,.0065284218,.0090217022,.51897615,.154834,.53259885,.0065284218,.44538075,.154834,.5523206,.045284051,.065165304,.064530134,.016156403,.20379882,.0099083716,.0019189722,.012632402,.013888747,.014396213,.0032040698,.0028852262,.98794794,.0030432246,.0029195459,0,.0016716789,.0085068792,.013689397,.035273165,.028232131,.0023226212,.0090506105,.0116605,.88728362,.002309416,.84792542,.15207459,0,0,.99422961,.0043155649,0,.0014547916,0,0,.0055778055,.059424616,.031426936,.0039304625,.0039670067,.29296914,.59608448,.0066195652,.89583492,.10416508,.022910947,.62226379,.039401714,.31378987,.001633679,.112884,.53172296,.041603148,.31378987,.051796995,.69636136,.0048406129,.092080474,-.89453524,.92302293,-.79232615,.94878501,-.94817281,.85338163,-1.2262563,.97079343,.046310451,.95368958,.90714628,.040499229,.91992003,.038477659,.5422647,.45773527,.92979515,.070204824,.95773602,.042263977,.4472096,.0902474,.9952116,.0047884258,.93871689,.15021606,.63654679,.0032225978,.65495694,.010416448,1.0761896,.011708159,.55461127,.0072130202,.89243013,.036655463,.28942686,.020729631,.68871111,.31128889,.35547265,.64452732,.42637178,.57362825,.84756637,.1524336,.97066224,.029337747,1,0,.072283514,.92771649,-.62664813,-.83903748,.42115232,.042635083,.10983685,.02337479,.0042457804,-.18916428,.23020434,.13018398,0,0,0,.71308601,0,0,0,0,0,0,1.3936651,-.30632141,0,0,0,0,0,0,0,0,.010162855,0,1.7463553,.17739429,1.0345393,-.17448623,.016210921,0,.0058480054,0,.0011991744,.0051715667,.93427712,.053504113,.0058480054,0,0,.0020414537,0,.00110669,.0011991744,.0020234231,0,.91716737,.082832612,.74423963,0,0,.0049662329,.25079417,-.17929223,0,.13941543,-.44269767,.054553188,1.4259256,-.58858275,.030382261,.18085475,.0066237766,.0039548716,.014489466,.028480884,.017026214,.0066236802,.006181072,.98623747,.00095777767,0,0,.087070741,-.54646391,.014721952,.017620459,.011095278,.0012554773,.0044533941,0,.92194998,.014705235,1522.273965658057,-1.1359975,-.19846836,.74002451,-.51216966,-.19846836,-.082810894,.13477148,.11614233,-.016598845,-.51216966,.29657233,.13470317,1.313455,.2558696,-.082926884,Plateau-Central,.4208634275181516,210,133743.9110870361,1518,35,.42086342,.002529626,.42086342,1,1,.39291325,.049382895,12.568397,.77212912,.3846646,.008248657,.027950168,.4208634275181516,.51944059,.32228628,.50359195,.33813488,.050295386,4,34.9 - 39.3,.48970196,.29612455,
BF56,-.74488974,-.77406961,6.3968749,.78562868,.09527199,.024979874,.97502011,2.3049698,.48153672,.19407085,.17542054,.51524705,.0081069283,.040896896,0,.011265308,.029205443,.0090451408,.016741863,0,-.55510819,1.8179601,.075108528,.0023811471,.027312098,.0069590686,.0024243086,1.5704068,-1.7882388,.00023245103,.00023245103,.0025486243,.18778929,.67800963,.010202704,.007848978,.0070202788,0,.015554267,.016174639,0,0,.077400222,0,.0023811471,.76834989,0,0,0,0,0,0,0,0,0,0,0,0,0,0,.74228185,.25771815,.56882089,.0041505685,.02518329,.024078965,.038046248,.025208633,.0097405398,.004561597,.12492668,.0029822178,.10227553,.0071176137,0,.004620349,.02437322,.0078815753,.026032083,.85419232,.1458077,.92370719,.07629279,.93002272,.069977261,.91361523,.086384758,.52873892,.47126108,.10662591,.60781288,.21799573,0,.04975383,0,0,.017811645,.58626634,.022837101,.22481821,.10502861,0,.02890007,.001002897,.0014040557,.029742707,.81947941,.10236546,.032927811,0,0,.027531216,.0051847557,.012511362,0,0,0,.050606333,.40027019,-2.4683676,.16760936,.26816612,.0032157488,.0058376575,.013573143,.56018502,.14902233,-1.5356573,.0090534063,.56302124,.14902233,.094358608,.097276174,.075071871,.12689801,.050301176,.093806185,.0086088944,.014701951,.1770415,.20347223,.058463413,.086673073,.016299797,.79659766,.037164494,.0063701072,.05689488,0,.074027307,.15736607,.12386306,.016757097,.043324988,.034862325,.012504699,.53018951,.0071049305,.95424908,.045750923,0,0,.80699915,.044008508,0,.14899237,0,0,.14899237,.044008508,0,.015589017,0,.10552922,.6858809,0,.72332466,.27667537,.11132137,.62832242,.060064811,.2002914,0,.20743065,.58960187,.0026760921,.2002914,2.418644,.36572877,.16269748,.047025576,-.73747283,.90195698,.49139133,.82196188,.76272237,.6060251,-.22864485,.83880669,.2127679,.7872321,-2.4524989,.4580487,-2.0601323,.38694775,.72981226,.27018774,.60634947,.39365056,.83508295,.16491704,.020087605,.11635952,.98809427,.011905735,-1.7789708,.48665023,-2.2739213,.069585972,-3.0500176,.19177742,-.71355861,.063168585,-3.1380203,.10251024,-2.9134734,.31632358,-.86680573,.040020406,.73566943,.26433057,.4750452,.5249548,.22260229,.77739769,.6991381,.3008619,.50501311,.49498686,1,0,.90886027,.091139741,.47798765,1.4465711,-1.0175456,0,.071071908,0,.0067083081,1.6112145,-1.806412,0,0,0,.011905735,-1.70556,0,0,0,0,0,0,-.97896343,3.3109977,.0047924481,.006973675,.0071048676,0,.031483367,.030285802,0,0,.072931558,0,-2.5922365,.56137347,-1.934157,.45327383,.079942353,0,.034083478,0,.0070202788,.1006522,.76161522,.042945735,.080746278,0,0,.045149092,.031108534,.038435139,0,0,0,.95311821,.046881776,.66120934,.006890648,0,.016696079,.31520393,-2.4958396,.006890648,.316131,-2.6119206,.1085398,1.3479831,.37841314,.048249964,.08104004,.01106671,.018384852,.22583592,.16927719,.081442989,.13584517,.010265531,.73767889,.047976885,0,.068233542,-.79286414,2.9064994,.21848187,.11608234,.013295139,.011615674,0,0,.48208806,.034581132,901.9593937377929,1.4507804,-.21654449,.74139655,-.49249023,-.21654449,-.11288977,.11436202,.097609729,-.037493527,-.49249023,.21827531,.11245744,1.254758,.27063543,-.05480139,Sahel,.4593197063488733,141,165795.7767410278,903,27,.45931971,.0054066097,.45931971,1,1,.48125246,.072192304,15.00092,.87867302,.48428094,-.0030284822,-.021932751,.4593197063488733,.60343516,.31520423,.58026522,.3383742,.073529653,9,48.1 - 48.1,.62274677,.33975816,
BF57,-.55426818,-.40642145,6.9829783,-.73107046,.19282772,.012605386,.98739463,.66850019,.51512527,.18718563,.14379001,.44683808,.0174652,.091961741,0,.01851044,.031203657,.033657148,.029267313,.00012080011,-.39157438,.059042092,.08519832,.014739004,.066881932,.0068211132,.0070077367,-1.9918829,.040236257,.55794543,.00023656875,0,.089869879,.024858102,.0009152228,.00032437671,.00028489999,.64112806,.0012532206,.00084149605,.0057699792,.0058976347,.22874513,.0001119969,.0010865503,-.12847483,.0028033673,.0003541786,.00013799843,0,0,0,0,.00045887256,0,0,0,0,0,0,.79084772,.20915227,.56265527,.0081601702,.06168336,.00066345901,.01066961,.023417726,.015624137,.0015922557,.078383356,.0019733077,.091184586,.00097639818,0,.00048819909,.096662223,0,.045865957,.87899464,.12100537,.96495664,.035043374,1,0,.8653084,.13469163,.68300468,.31699529,.013221717,.76344001,.1870019,0,.035475023,.00044320832,0,.00041814081,.63790017,.004359961,.24340996,.086643085,.00013791115,.026182648,.00029048641,.00010065592,.00097510684,.86753583,.098917767,.028701894,.001418908,0,.0025008081,.00028449466,.0005453176,.000094966665,0,0,2.1810274,.28407416,.51606357,.059876222,.31664127,.00012146342,.045078829,.0013812153,.50198585,.13479137,-.75273418,.045200292,.49781752,.13479137,.66487604,.025211358,.045554128,.12907298,.018709583,.045798723,.0057372246,.0031860441,.02599328,.013207804,.022652823,.031967867,.0049001654,.94772208,.0055611017,.0098487791,0,.011047837,.022108262,.0070222383,.052269433,.0033750955,.0031271051,.014091192,.081474051,.80467874,.00080605061,.85881031,.14118972,0,0,.95833862,.041661393,0,0,0,0,.020412598,.025210474,.038081732,.0014013831,0,.064974494,.8364926,.013426695,.9017337,.098266311,.026332594,.68682098,.033872101,.2529743,0,.024612794,.67745912,.044953797,.2529743,-1.3641398,.88045537,.027097385,.016044155,-.076714449,.81333286,.89462227,.78212523,1.0448142,.56524104,-.016624037,.81075579,.24684709,.75315291,.71067756,.06491711,.71327782,.062641189,.44379193,.55620807,.95115781,.048842214,.95360309,.0463969,1.2971715,.038284875,.99197805,.0080219684,.93287605,.15093909,.50064218,.0063214246,.42115405,.021861285,-.15305984,.047052637,.38797638,.011513409,.20975983,.086819954,.9930802,.0089898026,.61520022,.38479978,.31758121,.68241876,.27148053,.72851944,.88038266,.11961734,.96741772,.032582305,.99908477,.0009152228,.085557736,.91444224,.18051523,.15989055,-.83996862,.03073501,.14088696,.0012671469,.009213157,-2.0304341,-.15942244,.61151147,.0016559812,0,.0055275215,-1.9962285,.0072583617,0,.00055064709,0,0,0,-1.2290721,-.40705243,.00092759368,0,0,.64241546,.0012724708,.0012378716,.0067898892,.0064245593,.22771926,0,.49403343,.28822875,-.015289288,-.73094553,.084372282,.0005516446,.042039771,0,.00060393551,.0044366433,.84350657,.087783374,.055370219,.0005516446,0,.0077476325,.0015231292,.0030426162,.0004748333,0,0,.94207984,.05792015,.90891379,.00019215376,.012712738,.0005516446,.0776297,.53514779,.012904891,.069885075,.69799304,.023249445,-.40439057,.38024223,.015199661,.029622896,.00059202046,.0047785738,.036576238,.021410244,.0356015,.050773907,.0054544513,.92638379,.0017804049,.015607451,0,2.7530198,.17883746,.010498878,.035739094,0,0,.010479288,.0093341628,.88380694,.0007778249,1815.574393726921,-.47244066,-.17793833,.72478783,-.57947671,-.17793833,-.031493194,.18252449,.16320843,.035164364,-.57947671,.45793912,.19446591,1.4866011,.2752879,-.13648242,Sud-Ouest,.3449112969700815,260,130544.7464065552,1737,44,.34491131,.0031317456,.34491131,1,1,.34936631,.058198489,16.6583,.80750698,.35042828,-.001061976,-.0044550002,.3449112969700815,.45459479,.23522779,.43696061,.25286201,.055962,4,34.9 - 39.3,.46343324,.23529936,
